"FullName","Extension","Lines"
"C:\Projects\E-Commerce\frontend\dist\assets\index-82d89TdD.css",".css","1"
"C:\Projects\E-Commerce\frontend\dist\assets\index-BTgLGP-f.js",".js","280"
"C:\Projects\E-Commerce\frontend\dist\images\banners\banner_gifts.png",".png","115"
"C:\Projects\E-Commerce\frontend\dist\images\banners\banner_led.png",".png","78"
"C:\Projects\E-Commerce\frontend\dist\images\banners\banner_mugs.png",".png","78"
"C:\Projects\E-Commerce\frontend\dist\images\categories\category_strip.png",".png","255"
"C:\Projects\E-Commerce\frontend\dist\images\products\frame_01.jpg",".jpg","77"
"C:\Projects\E-Commerce\frontend\dist\images\products\frame_02.jpg",".jpg","102"
"C:\Projects\E-Commerce\frontend\dist\images\products\frame_03.jpg",".jpg","78"
"C:\Projects\E-Commerce\frontend\dist\images\products\frame_04.jpg",".jpg","72"
"C:\Projects\E-Commerce\frontend\dist\images\products\frame_05.jpg",".jpg","83"
"C:\Projects\E-Commerce\frontend\dist\images\products\frame_06.jpg",".jpg","89"
"C:\Projects\E-Commerce\frontend\dist\images\products\frame_07.jpg",".jpg","110"
"C:\Projects\E-Commerce\frontend\dist\images\products\frame_08.jpg",".jpg","65"
"C:\Projects\E-Commerce\frontend\dist\images\products\frame_09.jpg",".jpg","84"
"C:\Projects\E-Commerce\frontend\dist\images\products\frame_10.jpg",".jpg","82"
"C:\Projects\E-Commerce\frontend\dist\images\products\product_01.jpg",".jpg","57"
"C:\Projects\E-Commerce\frontend\dist\images\products\product_02.jpg",".jpg","74"
"C:\Projects\E-Commerce\frontend\dist\images\products\product_03.jpg",".jpg","62"
"C:\Projects\E-Commerce\frontend\dist\images\products\product_04.jpg",".jpg","51"
"C:\Projects\E-Commerce\frontend\dist\images\products\product_05.jpg",".jpg","55"
"C:\Projects\E-Commerce\frontend\dist\images\products\product_06.jpg",".jpg","70"
"C:\Projects\E-Commerce\frontend\dist\images\products\product_07.jpg",".jpg","92"
"C:\Projects\E-Commerce\frontend\dist\images\products\product_08.jpg",".jpg","41"
"C:\Projects\E-Commerce\frontend\dist\images\products\product_09.jpg",".jpg","55"
"C:\Projects\E-Commerce\frontend\dist\images\products\product_10.jpg",".jpg","67"
"C:\Projects\E-Commerce\frontend\dist\images\categories_section.png",".png","455"
"C:\Projects\E-Commerce\frontend\dist\images\custom_section.png",".png","511"
"C:\Projects\E-Commerce\frontend\dist\images\hero_frame.jpg",".jpg","935"
"C:\Projects\E-Commerce\frontend\dist\images\promo_section.png",".png","371"
"C:\Projects\E-Commerce\frontend\dist\templates\mugs\black_mug.json",".json","7"
"C:\Projects\E-Commerce\frontend\dist\templates\mugs\black_mug.png",".png","5336"
"C:\Projects\E-Commerce\frontend\dist\templates\mugs\white_mug.json",".json","7"
"C:\Projects\E-Commerce\frontend\dist\templates\mugs\white_mug.png",".png","5273"
"C:\Projects\E-Commerce\frontend\dist\index.html",".html","20"
"C:\Projects\E-Commerce\frontend\node_modules\.bin\acorn","","14"
"C:\Projects\E-Commerce\frontend\node_modules\.bin\acorn.cmd",".cmd","15"
"C:\Projects\E-Commerce\frontend\node_modules\.bin\acorn.ps1",".ps1","27"
"C:\Projects\E-Commerce\frontend\node_modules\.bin\autoprefixer","","14"
"C:\Projects\E-Commerce\frontend\node_modules\.bin\autoprefixer.cmd",".cmd","15"
"C:\Projects\E-Commerce\frontend\node_modules\.bin\autoprefixer.ps1",".ps1","27"
"C:\Projects\E-Commerce\frontend\node_modules\.bin\baseline-browser-mapping","","14"
"C:\Projects\E-Commerce\frontend\node_modules\.bin\baseline-browser-mapping.cmd",".cmd","15"
"C:\Projects\E-Commerce\frontend\node_modules\.bin\baseline-browser-mapping.ps1",".ps1","27"
"C:\Projects\E-Commerce\frontend\node_modules\.bin\browserslist","","14"
"C:\Projects\E-Commerce\frontend\node_modules\.bin\browserslist.cmd",".cmd","15"
"C:\Projects\E-Commerce\frontend\node_modules\.bin\browserslist.ps1",".ps1","27"
"C:\Projects\E-Commerce\frontend\node_modules\.bin\cssesc","","14"
"C:\Projects\E-Commerce\frontend\node_modules\.bin\cssesc.cmd",".cmd","15"
"C:\Projects\E-Commerce\frontend\node_modules\.bin\cssesc.ps1",".ps1","27"
"C:\Projects\E-Commerce\frontend\node_modules\.bin\esbuild","","14"
"C:\Projects\E-Commerce\frontend\node_modules\.bin\esbuild.cmd",".cmd","15"
"C:\Projects\E-Commerce\frontend\node_modules\.bin\esbuild.ps1",".ps1","27"
"C:\Projects\E-Commerce\frontend\node_modules\.bin\escodegen","","14"
"C:\Projects\E-Commerce\frontend\node_modules\.bin\escodegen.cmd",".cmd","15"
"C:\Projects\E-Commerce\frontend\node_modules\.bin\escodegen.ps1",".ps1","27"
"C:\Projects\E-Commerce\frontend\node_modules\.bin\esgenerate","","14"
"C:\Projects\E-Commerce\frontend\node_modules\.bin\esgenerate.cmd",".cmd","15"
"C:\Projects\E-Commerce\frontend\node_modules\.bin\esgenerate.ps1",".ps1","27"
"C:\Projects\E-Commerce\frontend\node_modules\.bin\esparse","","14"
"C:\Projects\E-Commerce\frontend\node_modules\.bin\esparse.cmd",".cmd","15"
"C:\Projects\E-Commerce\frontend\node_modules\.bin\esparse.ps1",".ps1","27"
"C:\Projects\E-Commerce\frontend\node_modules\.bin\esvalidate","","14"
"C:\Projects\E-Commerce\frontend\node_modules\.bin\esvalidate.cmd",".cmd","15"
"C:\Projects\E-Commerce\frontend\node_modules\.bin\esvalidate.ps1",".ps1","27"
"C:\Projects\E-Commerce\frontend\node_modules\.bin\jiti","","14"
"C:\Projects\E-Commerce\frontend\node_modules\.bin\jiti.cmd",".cmd","15"
"C:\Projects\E-Commerce\frontend\node_modules\.bin\jiti.ps1",".ps1","27"
"C:\Projects\E-Commerce\frontend\node_modules\.bin\loose-envify","","14"
"C:\Projects\E-Commerce\frontend\node_modules\.bin\loose-envify.cmd",".cmd","15"
"C:\Projects\E-Commerce\frontend\node_modules\.bin\loose-envify.ps1",".ps1","27"
"C:\Projects\E-Commerce\frontend\node_modules\.bin\nanoid","","14"
"C:\Projects\E-Commerce\frontend\node_modules\.bin\nanoid.cmd",".cmd","15"
"C:\Projects\E-Commerce\frontend\node_modules\.bin\nanoid.ps1",".ps1","27"
"C:\Projects\E-Commerce\frontend\node_modules\.bin\resolve","","14"
"C:\Projects\E-Commerce\frontend\node_modules\.bin\resolve.cmd",".cmd","15"
"C:\Projects\E-Commerce\frontend\node_modules\.bin\resolve.ps1",".ps1","27"
"C:\Projects\E-Commerce\frontend\node_modules\.bin\rollup","","14"
"C:\Projects\E-Commerce\frontend\node_modules\.bin\rollup.cmd",".cmd","15"
"C:\Projects\E-Commerce\frontend\node_modules\.bin\rollup.ps1",".ps1","27"
"C:\Projects\E-Commerce\frontend\node_modules\.bin\sucrase","","14"
"C:\Projects\E-Commerce\frontend\node_modules\.bin\sucrase-node","","14"
"C:\Projects\E-Commerce\frontend\node_modules\.bin\sucrase-node.cmd",".cmd","15"
"C:\Projects\E-Commerce\frontend\node_modules\.bin\sucrase-node.ps1",".ps1","27"
"C:\Projects\E-Commerce\frontend\node_modules\.bin\sucrase.cmd",".cmd","15"
"C:\Projects\E-Commerce\frontend\node_modules\.bin\sucrase.ps1",".ps1","27"
"C:\Projects\E-Commerce\frontend\node_modules\.bin\tailwind","","14"
"C:\Projects\E-Commerce\frontend\node_modules\.bin\tailwind.cmd",".cmd","15"
"C:\Projects\E-Commerce\frontend\node_modules\.bin\tailwind.ps1",".ps1","27"
"C:\Projects\E-Commerce\frontend\node_modules\.bin\tailwindcss","","14"
"C:\Projects\E-Commerce\frontend\node_modules\.bin\tailwindcss.cmd",".cmd","15"
"C:\Projects\E-Commerce\frontend\node_modules\.bin\tailwindcss.ps1",".ps1","27"
"C:\Projects\E-Commerce\frontend\node_modules\.bin\update-browserslist-db","","14"
"C:\Projects\E-Commerce\frontend\node_modules\.bin\update-browserslist-db.cmd",".cmd","15"
"C:\Projects\E-Commerce\frontend\node_modules\.bin\update-browserslist-db.ps1",".ps1","27"
"C:\Projects\E-Commerce\frontend\node_modules\.bin\vite","","14"
"C:\Projects\E-Commerce\frontend\node_modules\.bin\vite.cmd",".cmd","15"
"C:\Projects\E-Commerce\frontend\node_modules\.bin\vite.ps1",".ps1","27"
"C:\Projects\E-Commerce\frontend\node_modules\.vite\deps\@supabase_supabase-js.js",".js","20939"
"C:\Projects\E-Commerce\frontend\node_modules\.vite\deps\@supabase_supabase-js.js.map",".map","7"
"C:\Projects\E-Commerce\frontend\node_modules\.vite\deps\axios.js",".js","3530"
"C:\Projects\E-Commerce\frontend\node_modules\.vite\deps\axios.js.map",".map","7"
"C:\Projects\E-Commerce\frontend\node_modules\.vite\deps\chunk-6BKLQ22S.js",".js","21622"
"C:\Projects\E-Commerce\frontend\node_modules\.vite\deps\chunk-6BKLQ22S.js.map",".map","7"
"C:\Projects\E-Commerce\frontend\node_modules\.vite\deps\chunk-6PXSGDAH.js",".js","924"
"C:\Projects\E-Commerce\frontend\node_modules\.vite\deps\chunk-6PXSGDAH.js.map",".map","7"
"C:\Projects\E-Commerce\frontend\node_modules\.vite\deps\chunk-DRWLMN53.js",".js","1902"
"C:\Projects\E-Commerce\frontend\node_modules\.vite\deps\chunk-DRWLMN53.js.map",".map","7"
"C:\Projects\E-Commerce\frontend\node_modules\.vite\deps\chunk-G3PMV62Z.js",".js","35"
"C:\Projects\E-Commerce\frontend\node_modules\.vite\deps\chunk-G3PMV62Z.js.map",".map","7"
"C:\Projects\E-Commerce\frontend\node_modules\.vite\deps\framer-motion.js",".js","12950"
"C:\Projects\E-Commerce\frontend\node_modules\.vite\deps\framer-motion.js.map",".map","7"
"C:\Projects\E-Commerce\frontend\node_modules\.vite\deps\package.json",".json","3"
"C:\Projects\E-Commerce\frontend\node_modules\.vite\deps\react-dom_client.js",".js","38"
"C:\Projects\E-Commerce\frontend\node_modules\.vite\deps\react-dom_client.js.map",".map","7"
"C:\Projects\E-Commerce\frontend\node_modules\.vite\deps\react-hot-toast.js",".js","479"
"C:\Projects\E-Commerce\frontend\node_modules\.vite\deps\react-hot-toast.js.map",".map","7"
"C:\Projects\E-Commerce\frontend\node_modules\.vite\deps\react-icons_fi.js",".js","1270"
"C:\Projects\E-Commerce\frontend\node_modules\.vite\deps\react-icons_fi.js.map",".map","7"
"C:\Projects\E-Commerce\frontend\node_modules\.vite\deps\react-router-dom.js",".js","6052"
"C:\Projects\E-Commerce\frontend\node_modules\.vite\deps\react-router-dom.js.map",".map","7"
"C:\Projects\E-Commerce\frontend\node_modules\.vite\deps\react.js",".js","6"
"C:\Projects\E-Commerce\frontend\node_modules\.vite\deps\react.js.map",".map","7"
"C:\Projects\E-Commerce\frontend\node_modules\.vite\deps\react_jsx-dev-runtime.js",".js","910"
"C:\Projects\E-Commerce\frontend\node_modules\.vite\deps\react_jsx-dev-runtime.js.map",".map","7"
"C:\Projects\E-Commerce\frontend\node_modules\.vite\deps\react_jsx-runtime.js",".js","7"
"C:\Projects\E-Commerce\frontend\node_modules\.vite\deps\react_jsx-runtime.js.map",".map","7"
"C:\Projects\E-Commerce\frontend\node_modules\.vite\deps\_metadata.json",".json","82"
"C:\Projects\E-Commerce\frontend\node_modules\@alloc\quick-lru\index.d.ts",".ts","95"
"C:\Projects\E-Commerce\frontend\node_modules\@alloc\quick-lru\index.js",".js","220"
"C:\Projects\E-Commerce\frontend\node_modules\@alloc\quick-lru\license","","5"
"C:\Projects\E-Commerce\frontend\node_modules\@alloc\quick-lru\package.json",".json","43"
"C:\Projects\E-Commerce\frontend\node_modules\@alloc\quick-lru\readme.md",".md","79"
"C:\Projects\E-Commerce\frontend\node_modules\@esbuild\win32-x64\esbuild.exe",".exe","88224"
"C:\Projects\E-Commerce\frontend\node_modules\@esbuild\win32-x64\package.json",".json","20"
"C:\Projects\E-Commerce\frontend\node_modules\@esbuild\win32-x64\README.md",".md","2"
"C:\Projects\E-Commerce\frontend\node_modules\@jridgewell\gen-mapping\dist\types\gen-mapping.d.ts",".ts","88"
"C:\Projects\E-Commerce\frontend\node_modules\@jridgewell\gen-mapping\dist\types\set-array.d.ts",".ts","32"
"C:\Projects\E-Commerce\frontend\node_modules\@jridgewell\gen-mapping\dist\types\sourcemap-segment.d.ts",".ts","12"
"C:\Projects\E-Commerce\frontend\node_modules\@jridgewell\gen-mapping\dist\types\types.d.ts",".ts","43"
"C:\Projects\E-Commerce\frontend\node_modules\@jridgewell\gen-mapping\dist\gen-mapping.mjs",".mjs","289"
"C:\Projects\E-Commerce\frontend\node_modules\@jridgewell\gen-mapping\dist\gen-mapping.mjs.map",".map","6"
"C:\Projects\E-Commerce\frontend\node_modules\@jridgewell\gen-mapping\dist\gen-mapping.umd.js",".js","351"
"C:\Projects\E-Commerce\frontend\node_modules\@jridgewell\gen-mapping\dist\gen-mapping.umd.js.map",".map","6"
"C:\Projects\E-Commerce\frontend\node_modules\@jridgewell\gen-mapping\src\gen-mapping.ts",".ts","558"
"C:\Projects\E-Commerce\frontend\node_modules\@jridgewell\gen-mapping\src\set-array.ts",".ts","70"
"C:\Projects\E-Commerce\frontend\node_modules\@jridgewell\gen-mapping\src\sourcemap-segment.ts",".ts","14"
"C:\Projects\E-Commerce\frontend\node_modules\@jridgewell\gen-mapping\src\types.ts",".ts","53"
"C:\Projects\E-Commerce\frontend\node_modules\@jridgewell\gen-mapping\types\gen-mapping.d.cts",".cts","89"
"C:\Projects\E-Commerce\frontend\node_modules\@jridgewell\gen-mapping\types\gen-mapping.d.cts.map",".map","1"
"C:\Projects\E-Commerce\frontend\node_modules\@jridgewell\gen-mapping\types\gen-mapping.d.mts",".mts","89"
"C:\Projects\E-Commerce\frontend\node_modules\@jridgewell\gen-mapping\types\gen-mapping.d.mts.map",".map","1"
"C:\Projects\E-Commerce\frontend\node_modules\@jridgewell\gen-mapping\types\set-array.d.cts",".cts","33"
"C:\Projects\E-Commerce\frontend\node_modules\@jridgewell\gen-mapping\types\set-array.d.cts.map",".map","1"
"C:\Projects\E-Commerce\frontend\node_modules\@jridgewell\gen-mapping\types\set-array.d.mts",".mts","33"
"C:\Projects\E-Commerce\frontend\node_modules\@jridgewell\gen-mapping\types\set-array.d.mts.map",".map","1"
"C:\Projects\E-Commerce\frontend\node_modules\@jridgewell\gen-mapping\types\sourcemap-segment.d.cts",".cts","13"
"C:\Projects\E-Commerce\frontend\node_modules\@jridgewell\gen-mapping\types\sourcemap-segment.d.cts.map",".map","1"
"C:\Projects\E-Commerce\frontend\node_modules\@jridgewell\gen-mapping\types\sourcemap-segment.d.mts",".mts","13"
"C:\Projects\E-Commerce\frontend\node_modules\@jridgewell\gen-mapping\types\sourcemap-segment.d.mts.map",".map","1"
"C:\Projects\E-Commerce\frontend\node_modules\@jridgewell\gen-mapping\types\types.d.cts",".cts","44"
"C:\Projects\E-Commerce\frontend\node_modules\@jridgewell\gen-mapping\types\types.d.cts.map",".map","1"
"C:\Projects\E-Commerce\frontend\node_modules\@jridgewell\gen-mapping\types\types.d.mts",".mts","44"
"C:\Projects\E-Commerce\frontend\node_modules\@jridgewell\gen-mapping\types\types.d.mts.map",".map","1"
"C:\Projects\E-Commerce\frontend\node_modules\@jridgewell\gen-mapping\LICENSE","","16"
"C:\Projects\E-Commerce\frontend\node_modules\@jridgewell\gen-mapping\package.json",".json","67"
"C:\Projects\E-Commerce\frontend\node_modules\@jridgewell\gen-mapping\README.md",".md","182"
"C:\Projects\E-Commerce\frontend\node_modules\@jridgewell\resolve-uri\dist\types\resolve-uri.d.ts",".ts","4"
"C:\Projects\E-Commerce\frontend\node_modules\@jridgewell\resolve-uri\dist\resolve-uri.mjs",".mjs","231"
"C:\Projects\E-Commerce\frontend\node_modules\@jridgewell\resolve-uri\dist\resolve-uri.mjs.map",".map","1"
"C:\Projects\E-Commerce\frontend\node_modules\@jridgewell\resolve-uri\dist\resolve-uri.umd.js",".js","237"
"C:\Projects\E-Commerce\frontend\node_modules\@jridgewell\resolve-uri\dist\resolve-uri.umd.js.map",".map","1"
"C:\Projects\E-Commerce\frontend\node_modules\@jridgewell\resolve-uri\LICENSE","","16"
"C:\Projects\E-Commerce\frontend\node_modules\@jridgewell\resolve-uri\package.json",".json","69"
"C:\Projects\E-Commerce\frontend\node_modules\@jridgewell\resolve-uri\README.md",".md","31"
"C:\Projects\E-Commerce\frontend\node_modules\@jridgewell\sourcemap-codec\dist\sourcemap-codec.mjs",".mjs","420"
"C:\Projects\E-Commerce\frontend\node_modules\@jridgewell\sourcemap-codec\dist\sourcemap-codec.mjs.map",".map","6"
"C:\Projects\E-Commerce\frontend\node_modules\@jridgewell\sourcemap-codec\dist\sourcemap-codec.umd.js",".js","459"
"C:\Projects\E-Commerce\frontend\node_modules\@jridgewell\sourcemap-codec\dist\sourcemap-codec.umd.js.map",".map","6"
"C:\Projects\E-Commerce\frontend\node_modules\@jridgewell\sourcemap-codec\src\scopes.ts",".ts","291"
"C:\Projects\E-Commerce\frontend\node_modules\@jridgewell\sourcemap-codec\src\sourcemap-codec.ts",".ts","90"
"C:\Projects\E-Commerce\frontend\node_modules\@jridgewell\sourcemap-codec\src\strings.ts",".ts","56"
"C:\Projects\E-Commerce\frontend\node_modules\@jridgewell\sourcemap-codec\src\vlq.ts",".ts","43"
"C:\Projects\E-Commerce\frontend\node_modules\@jridgewell\sourcemap-codec\types\scopes.d.cts",".cts","50"
"C:\Projects\E-Commerce\frontend\node_modules\@jridgewell\sourcemap-codec\types\scopes.d.cts.map",".map","1"
"C:\Projects\E-Commerce\frontend\node_modules\@jridgewell\sourcemap-codec\types\scopes.d.mts",".mts","50"
"C:\Projects\E-Commerce\frontend\node_modules\@jridgewell\sourcemap-codec\types\scopes.d.mts.map",".map","1"
"C:\Projects\E-Commerce\frontend\node_modules\@jridgewell\sourcemap-codec\types\sourcemap-codec.d.cts",".cts","9"
"C:\Projects\E-Commerce\frontend\node_modules\@jridgewell\sourcemap-codec\types\sourcemap-codec.d.cts.map",".map","1"
"C:\Projects\E-Commerce\frontend\node_modules\@jridgewell\sourcemap-codec\types\sourcemap-codec.d.mts",".mts","9"
"C:\Projects\E-Commerce\frontend\node_modules\@jridgewell\sourcemap-codec\types\sourcemap-codec.d.mts.map",".map","1"
"C:\Projects\E-Commerce\frontend\node_modules\@jridgewell\sourcemap-codec\types\strings.d.cts",".cts","16"
"C:\Projects\E-Commerce\frontend\node_modules\@jridgewell\sourcemap-codec\types\strings.d.cts.map",".map","1"
"C:\Projects\E-Commerce\frontend\node_modules\@jridgewell\sourcemap-codec\types\strings.d.mts",".mts","16"
"C:\Projects\E-Commerce\frontend\node_modules\@jridgewell\sourcemap-codec\types\strings.d.mts.map",".map","1"
"C:\Projects\E-Commerce\frontend\node_modules\@jridgewell\sourcemap-codec\types\vlq.d.cts",".cts","7"
"C:\Projects\E-Commerce\frontend\node_modules\@jridgewell\sourcemap-codec\types\vlq.d.cts.map",".map","1"
"C:\Projects\E-Commerce\frontend\node_modules\@jridgewell\sourcemap-codec\types\vlq.d.mts",".mts","7"
"C:\Projects\E-Commerce\frontend\node_modules\@jridgewell\sourcemap-codec\types\vlq.d.mts.map",".map","1"
"C:\Projects\E-Commerce\frontend\node_modules\@jridgewell\sourcemap-codec\LICENSE","","16"
"C:\Projects\E-Commerce\frontend\node_modules\@jridgewell\sourcemap-codec\package.json",".json","63"
"C:\Projects\E-Commerce\frontend\node_modules\@jridgewell\sourcemap-codec\README.md",".md","205"
"C:\Projects\E-Commerce\frontend\node_modules\@jridgewell\trace-mapping\dist\trace-mapping.mjs",".mjs","483"
"C:\Projects\E-Commerce\frontend\node_modules\@jridgewell\trace-mapping\dist\trace-mapping.mjs.map",".map","6"
"C:\Projects\E-Commerce\frontend\node_modules\@jridgewell\trace-mapping\dist\trace-mapping.umd.js",".js","546"
"C:\Projects\E-Commerce\frontend\node_modules\@jridgewell\trace-mapping\dist\trace-mapping.umd.js.map",".map","6"
"C:\Projects\E-Commerce\frontend\node_modules\@jridgewell\trace-mapping\src\binary-search.ts",".ts","102"
"C:\Projects\E-Commerce\frontend\node_modules\@jridgewell\trace-mapping\src\by-source.ts",".ts","33"
"C:\Projects\E-Commerce\frontend\node_modules\@jridgewell\trace-mapping\src\flatten-map.ts",".ts","166"
"C:\Projects\E-Commerce\frontend\node_modules\@jridgewell\trace-mapping\src\resolve.ts",".ts","14"
"C:\Projects\E-Commerce\frontend\node_modules\@jridgewell\trace-mapping\src\sort.ts",".ts","37"
"C:\Projects\E-Commerce\frontend\node_modules\@jridgewell\trace-mapping\src\sourcemap-segment.ts",".ts","18"
"C:\Projects\E-Commerce\frontend\node_modules\@jridgewell\trace-mapping\src\strip-filename.ts",".ts","8"
"C:\Projects\E-Commerce\frontend\node_modules\@jridgewell\trace-mapping\src\trace-mapping.ts",".ts","440"
"C:\Projects\E-Commerce\frontend\node_modules\@jridgewell\trace-mapping\src\types.ts",".ts","98"
"C:\Projects\E-Commerce\frontend\node_modules\@jridgewell\trace-mapping\types\binary-search.d.cts",".cts","33"
"C:\Projects\E-Commerce\frontend\node_modules\@jridgewell\trace-mapping\types\binary-search.d.cts.map",".map","1"
"C:\Projects\E-Commerce\frontend\node_modules\@jridgewell\trace-mapping\types\binary-search.d.mts",".mts","33"
"C:\Projects\E-Commerce\frontend\node_modules\@jridgewell\trace-mapping\types\binary-search.d.mts.map",".map","1"
"C:\Projects\E-Commerce\frontend\node_modules\@jridgewell\trace-mapping\types\by-source.d.cts",".cts","4"
"C:\Projects\E-Commerce\frontend\node_modules\@jridgewell\trace-mapping\types\by-source.d.cts.map",".map","1"
"C:\Projects\E-Commerce\frontend\node_modules\@jridgewell\trace-mapping\types\by-source.d.mts",".mts","4"
"C:\Projects\E-Commerce\frontend\node_modules\@jridgewell\trace-mapping\types\by-source.d.mts.map",".map","1"
"C:\Projects\E-Commerce\frontend\node_modules\@jridgewell\trace-mapping\types\flatten-map.d.cts",".cts","9"
"C:\Projects\E-Commerce\frontend\node_modules\@jridgewell\trace-mapping\types\flatten-map.d.cts.map",".map","1"
"C:\Projects\E-Commerce\frontend\node_modules\@jridgewell\trace-mapping\types\flatten-map.d.mts",".mts","9"
"C:\Projects\E-Commerce\frontend\node_modules\@jridgewell\trace-mapping\types\flatten-map.d.mts.map",".map","1"
"C:\Projects\E-Commerce\frontend\node_modules\@jridgewell\trace-mapping\types\resolve.d.cts",".cts","4"
"C:\Projects\E-Commerce\frontend\node_modules\@jridgewell\trace-mapping\types\resolve.d.cts.map",".map","1"
"C:\Projects\E-Commerce\frontend\node_modules\@jridgewell\trace-mapping\types\resolve.d.mts",".mts","4"
"C:\Projects\E-Commerce\frontend\node_modules\@jridgewell\trace-mapping\types\resolve.d.mts.map",".map","1"
"C:\Projects\E-Commerce\frontend\node_modules\@jridgewell\trace-mapping\types\sort.d.cts",".cts","4"
"C:\Projects\E-Commerce\frontend\node_modules\@jridgewell\trace-mapping\types\sort.d.cts.map",".map","1"
"C:\Projects\E-Commerce\frontend\node_modules\@jridgewell\trace-mapping\types\sort.d.mts",".mts","4"
"C:\Projects\E-Commerce\frontend\node_modules\@jridgewell\trace-mapping\types\sort.d.mts.map",".map","1"
"C:\Projects\E-Commerce\frontend\node_modules\@jridgewell\trace-mapping\types\sourcemap-segment.d.cts",".cts","17"
"C:\Projects\E-Commerce\frontend\node_modules\@jridgewell\trace-mapping\types\sourcemap-segment.d.cts.map",".map","1"
"C:\Projects\E-Commerce\frontend\node_modules\@jridgewell\trace-mapping\types\sourcemap-segment.d.mts",".mts","17"
"C:\Projects\E-Commerce\frontend\node_modules\@jridgewell\trace-mapping\types\sourcemap-segment.d.mts.map",".map","1"
"C:\Projects\E-Commerce\frontend\node_modules\@jridgewell\trace-mapping\types\strip-filename.d.cts",".cts","5"
"C:\Projects\E-Commerce\frontend\node_modules\@jridgewell\trace-mapping\types\strip-filename.d.cts.map",".map","1"
"C:\Projects\E-Commerce\frontend\node_modules\@jridgewell\trace-mapping\types\strip-filename.d.mts",".mts","5"
"C:\Projects\E-Commerce\frontend\node_modules\@jridgewell\trace-mapping\types\strip-filename.d.mts.map",".map","1"
"C:\Projects\E-Commerce\frontend\node_modules\@jridgewell\trace-mapping\types\trace-mapping.d.cts",".cts","80"
"C:\Projects\E-Commerce\frontend\node_modules\@jridgewell\trace-mapping\types\trace-mapping.d.cts.map",".map","1"
"C:\Projects\E-Commerce\frontend\node_modules\@jridgewell\trace-mapping\types\trace-mapping.d.mts",".mts","80"
"C:\Projects\E-Commerce\frontend\node_modules\@jridgewell\trace-mapping\types\trace-mapping.d.mts.map",".map","1"
"C:\Projects\E-Commerce\frontend\node_modules\@jridgewell\trace-mapping\types\types.d.cts",".cts","107"
"C:\Projects\E-Commerce\frontend\node_modules\@jridgewell\trace-mapping\types\types.d.cts.map",".map","1"
"C:\Projects\E-Commerce\frontend\node_modules\@jridgewell\trace-mapping\types\types.d.mts",".mts","107"
"C:\Projects\E-Commerce\frontend\node_modules\@jridgewell\trace-mapping\types\types.d.mts.map",".map","1"
"C:\Projects\E-Commerce\frontend\node_modules\@jridgewell\trace-mapping\LICENSE","","16"
"C:\Projects\E-Commerce\frontend\node_modules\@jridgewell\trace-mapping\package.json",".json","67"
"C:\Projects\E-Commerce\frontend\node_modules\@jridgewell\trace-mapping\README.md",".md","286"
"C:\Projects\E-Commerce\frontend\node_modules\@nodelib\fs.scandir\out\adapters\fs.d.ts",".ts","20"
"C:\Projects\E-Commerce\frontend\node_modules\@nodelib\fs.scandir\out\adapters\fs.js",".js","19"
"C:\Projects\E-Commerce\frontend\node_modules\@nodelib\fs.scandir\out\providers\async.d.ts",".ts","7"
"C:\Projects\E-Commerce\frontend\node_modules\@nodelib\fs.scandir\out\providers\async.js",".js","104"
"C:\Projects\E-Commerce\frontend\node_modules\@nodelib\fs.scandir\out\providers\common.d.ts",".ts","1"
"C:\Projects\E-Commerce\frontend\node_modules\@nodelib\fs.scandir\out\providers\common.js",".js","13"
"C:\Projects\E-Commerce\frontend\node_modules\@nodelib\fs.scandir\out\providers\sync.d.ts",".ts","5"
"C:\Projects\E-Commerce\frontend\node_modules\@nodelib\fs.scandir\out\providers\sync.js",".js","54"
"C:\Projects\E-Commerce\frontend\node_modules\@nodelib\fs.scandir\out\types\index.d.ts",".ts","20"
"C:\Projects\E-Commerce\frontend\node_modules\@nodelib\fs.scandir\out\types\index.js",".js","2"
"C:\Projects\E-Commerce\frontend\node_modules\@nodelib\fs.scandir\out\utils\fs.d.ts",".ts","2"
"C:\Projects\E-Commerce\frontend\node_modules\@nodelib\fs.scandir\out\utils\fs.js",".js","19"
"C:\Projects\E-Commerce\frontend\node_modules\@nodelib\fs.scandir\out\utils\index.d.ts",".ts","2"
"C:\Projects\E-Commerce\frontend\node_modules\@nodelib\fs.scandir\out\utils\index.js",".js","5"
"C:\Projects\E-Commerce\frontend\node_modules\@nodelib\fs.scandir\out\constants.d.ts",".ts","4"
"C:\Projects\E-Commerce\frontend\node_modules\@nodelib\fs.scandir\out\constants.js",".js","17"
"C:\Projects\E-Commerce\frontend\node_modules\@nodelib\fs.scandir\out\index.d.ts",".ts","12"
"C:\Projects\E-Commerce\frontend\node_modules\@nodelib\fs.scandir\out\index.js",".js","26"
"C:\Projects\E-Commerce\frontend\node_modules\@nodelib\fs.scandir\out\settings.d.ts",".ts","20"
"C:\Projects\E-Commerce\frontend\node_modules\@nodelib\fs.scandir\out\settings.js",".js","24"
"C:\Projects\E-Commerce\frontend\node_modules\@nodelib\fs.scandir\LICENSE","","17"
"C:\Projects\E-Commerce\frontend\node_modules\@nodelib\fs.scandir\package.json",".json","44"
"C:\Projects\E-Commerce\frontend\node_modules\@nodelib\fs.scandir\README.md",".md","108"
"C:\Projects\E-Commerce\frontend\node_modules\@nodelib\fs.stat\out\adapters\fs.d.ts",".ts","13"
"C:\Projects\E-Commerce\frontend\node_modules\@nodelib\fs.stat\out\adapters\fs.js",".js","17"
"C:\Projects\E-Commerce\frontend\node_modules\@nodelib\fs.stat\out\providers\async.d.ts",".ts","4"
"C:\Projects\E-Commerce\frontend\node_modules\@nodelib\fs.stat\out\providers\async.js",".js","36"
"C:\Projects\E-Commerce\frontend\node_modules\@nodelib\fs.stat\out\providers\sync.d.ts",".ts","3"
"C:\Projects\E-Commerce\frontend\node_modules\@nodelib\fs.stat\out\providers\sync.js",".js","23"
"C:\Projects\E-Commerce\frontend\node_modules\@nodelib\fs.stat\out\types\index.d.ts",".ts","4"
"C:\Projects\E-Commerce\frontend\node_modules\@nodelib\fs.stat\out\types\index.js",".js","2"
"C:\Projects\E-Commerce\frontend\node_modules\@nodelib\fs.stat\out\index.d.ts",".ts","12"
"C:\Projects\E-Commerce\frontend\node_modules\@nodelib\fs.stat\out\index.js",".js","26"
"C:\Projects\E-Commerce\frontend\node_modules\@nodelib\fs.stat\out\settings.d.ts",".ts","16"
"C:\Projects\E-Commerce\frontend\node_modules\@nodelib\fs.stat\out\settings.js",".js","16"
"C:\Projects\E-Commerce\frontend\node_modules\@nodelib\fs.stat\LICENSE","","17"
"C:\Projects\E-Commerce\frontend\node_modules\@nodelib\fs.stat\package.json",".json","37"
"C:\Projects\E-Commerce\frontend\node_modules\@nodelib\fs.stat\README.md",".md","79"
"C:\Projects\E-Commerce\frontend\node_modules\@nodelib\fs.walk\out\providers\async.d.ts",".ts","12"
"C:\Projects\E-Commerce\frontend\node_modules\@nodelib\fs.walk\out\providers\async.js",".js","30"
"C:\Projects\E-Commerce\frontend\node_modules\@nodelib\fs.walk\out\providers\index.d.ts",".ts","4"
"C:\Projects\E-Commerce\frontend\node_modules\@nodelib\fs.walk\out\providers\index.js",".js","9"
"C:\Projects\E-Commerce\frontend\node_modules\@nodelib\fs.walk\out\providers\stream.d.ts",".ts","12"
"C:\Projects\E-Commerce\frontend\node_modules\@nodelib\fs.walk\out\providers\stream.js",".js","34"
"C:\Projects\E-Commerce\frontend\node_modules\@nodelib\fs.walk\out\providers\sync.d.ts",".ts","10"
"C:\Projects\E-Commerce\frontend\node_modules\@nodelib\fs.walk\out\providers\sync.js",".js","14"
"C:\Projects\E-Commerce\frontend\node_modules\@nodelib\fs.walk\out\readers\async.d.ts",".ts","30"
"C:\Projects\E-Commerce\frontend\node_modules\@nodelib\fs.walk\out\readers\async.js",".js","97"
"C:\Projects\E-Commerce\frontend\node_modules\@nodelib\fs.walk\out\readers\common.d.ts",".ts","7"
"C:\Projects\E-Commerce\frontend\node_modules\@nodelib\fs.walk\out\readers\common.js",".js","31"
"C:\Projects\E-Commerce\frontend\node_modules\@nodelib\fs.walk\out\readers\reader.d.ts",".ts","6"
"C:\Projects\E-Commerce\frontend\node_modules\@nodelib\fs.walk\out\readers\reader.js",".js","11"
"C:\Projects\E-Commerce\frontend\node_modules\@nodelib\fs.walk\out\readers\sync.d.ts",".ts","15"
"C:\Projects\E-Commerce\frontend\node_modules\@nodelib\fs.walk\out\readers\sync.js",".js","59"
"C:\Projects\E-Commerce\frontend\node_modules\@nodelib\fs.walk\out\types\index.d.ts",".ts","8"
"C:\Projects\E-Commerce\frontend\node_modules\@nodelib\fs.walk\out\types\index.js",".js","2"
"C:\Projects\E-Commerce\frontend\node_modules\@nodelib\fs.walk\out\index.d.ts",".ts","14"
"C:\Projects\E-Commerce\frontend\node_modules\@nodelib\fs.walk\out\index.js",".js","34"
"C:\Projects\E-Commerce\frontend\node_modules\@nodelib\fs.walk\out\settings.d.ts",".ts","30"
"C:\Projects\E-Commerce\frontend\node_modules\@nodelib\fs.walk\out\settings.js",".js","26"
"C:\Projects\E-Commerce\frontend\node_modules\@nodelib\fs.walk\LICENSE","","17"
"C:\Projects\E-Commerce\frontend\node_modules\@nodelib\fs.walk\package.json",".json","44"
"C:\Projects\E-Commerce\frontend\node_modules\@nodelib\fs.walk\README.md",".md","138"
"C:\Projects\E-Commerce\frontend\node_modules\@remix-run\router\dist\history.d.ts",".ts","250"
"C:\Projects\E-Commerce\frontend\node_modules\@remix-run\router\dist\index.d.ts",".ts","9"
"C:\Projects\E-Commerce\frontend\node_modules\@remix-run\router\dist\router.cjs.js",".js","5386"
"C:\Projects\E-Commerce\frontend\node_modules\@remix-run\router\dist\router.cjs.js.map",".map","1"
"C:\Projects\E-Commerce\frontend\node_modules\@remix-run\router\dist\router.d.ts",".ts","525"
"C:\Projects\E-Commerce\frontend\node_modules\@remix-run\router\dist\router.js",".js","5064"
"C:\Projects\E-Commerce\frontend\node_modules\@remix-run\router\dist\router.js.map",".map","1"
"C:\Projects\E-Commerce\frontend\node_modules\@remix-run\router\dist\router.umd.js",".js","5391"
"C:\Projects\E-Commerce\frontend\node_modules\@remix-run\router\dist\router.umd.js.map",".map","1"
"C:\Projects\E-Commerce\frontend\node_modules\@remix-run\router\dist\router.umd.min.js",".js","12"
"C:\Projects\E-Commerce\frontend\node_modules\@remix-run\router\dist\router.umd.min.js.map",".map","1"
"C:\Projects\E-Commerce\frontend\node_modules\@remix-run\router\dist\utils.d.ts",".ts","557"
"C:\Projects\E-Commerce\frontend\node_modules\@remix-run\router\CHANGELOG.md",".md","637"
"C:\Projects\E-Commerce\frontend\node_modules\@remix-run\router\history.ts",".ts","663"
"C:\Projects\E-Commerce\frontend\node_modules\@remix-run\router\index.ts",".ts","99"
"C:\Projects\E-Commerce\frontend\node_modules\@remix-run\router\LICENSE.md",".md","19"
"C:\Projects\E-Commerce\frontend\node_modules\@remix-run\router\package.json",".json","33"
"C:\Projects\E-Commerce\frontend\node_modules\@remix-run\router\README.md",".md","109"
"C:\Projects\E-Commerce\frontend\node_modules\@remix-run\router\router.ts",".ts","5460"
"C:\Projects\E-Commerce\frontend\node_modules\@remix-run\router\utils.ts",".ts","1538"
"C:\Projects\E-Commerce\frontend\node_modules\@rolldown\pluginutils\dist\index.cjs",".cjs","267"
"C:\Projects\E-Commerce\frontend\node_modules\@rolldown\pluginutils\dist\index.d.cts",".cts","157"
"C:\Projects\E-Commerce\frontend\node_modules\@rolldown\pluginutils\dist\index.d.ts",".ts","157"
"C:\Projects\E-Commerce\frontend\node_modules\@rolldown\pluginutils\dist\index.js",".js","252"
"C:\Projects\E-Commerce\frontend\node_modules\@rolldown\pluginutils\LICENSE","","19"
"C:\Projects\E-Commerce\frontend\node_modules\@rolldown\pluginutils\package.json",".json","36"
"C:\Projects\E-Commerce\frontend\node_modules\@rollup\rollup-win32-x64-gnu\package.json",".json","22"
"C:\Projects\E-Commerce\frontend\node_modules\@rollup\rollup-win32-x64-gnu\README.md",".md","2"
"C:\Projects\E-Commerce\frontend\node_modules\@rollup\rollup-win32-x64-gnu\rollup.win32-x64-gnu.node",".node","14101"
"C:\Projects\E-Commerce\frontend\node_modules\@rollup\rollup-win32-x64-msvc\package.json",".json","22"
"C:\Projects\E-Commerce\frontend\node_modules\@rollup\rollup-win32-x64-msvc\README.md",".md","2"
"C:\Projects\E-Commerce\frontend\node_modules\@rollup\rollup-win32-x64-msvc\rollup.win32-x64-msvc.node",".node","21609"
"C:\Projects\E-Commerce\frontend\node_modules\@supabase\auth-js\dist\main\lib\web3\ethereum.d.ts",".ts","96"
"C:\Projects\E-Commerce\frontend\node_modules\@supabase\auth-js\dist\main\lib\web3\ethereum.d.ts.map",".map","1"
"C:\Projects\E-Commerce\frontend\node_modules\@supabase\auth-js\dist\main\lib\web3\ethereum.js",".js","66"
"C:\Projects\E-Commerce\frontend\node_modules\@supabase\auth-js\dist\main\lib\web3\ethereum.js.map",".map","1"
"C:\Projects\E-Commerce\frontend\node_modules\@supabase\auth-js\dist\main\lib\web3\solana.d.ts",".ts","160"
"C:\Projects\E-Commerce\frontend\node_modules\@supabase\auth-js\dist\main\lib\web3\solana.d.ts.map",".map","1"
"C:\Projects\E-Commerce\frontend\node_modules\@supabase\auth-js\dist\main\lib\web3\solana.js",".js","4"
"C:\Projects\E-Commerce\frontend\node_modules\@supabase\auth-js\dist\main\lib\web3\solana.js.map",".map","1"
"C:\Projects\E-Commerce\frontend\node_modules\@supabase\auth-js\dist\main\lib\base64url.d.ts",".ts","76"
"C:\Projects\E-Commerce\frontend\node_modules\@supabase\auth-js\dist\main\lib\base64url.d.ts.map",".map","1"
"C:\Projects\E-Commerce\frontend\node_modules\@supabase\auth-js\dist\main\lib\base64url.js",".js","269"
"C:\Projects\E-Commerce\frontend\node_modules\@supabase\auth-js\dist\main\lib\base64url.js.map",".map","1"
"C:\Projects\E-Commerce\frontend\node_modules\@supabase\auth-js\dist\main\lib\constants.d.ts",".ts","47"
"C:\Projects\E-Commerce\frontend\node_modules\@supabase\auth-js\dist\main\lib\constants.d.ts.map",".map","1"
"C:\Projects\E-Commerce\frontend\node_modules\@supabase\auth-js\dist\main\lib\constants.js",".js","52"
"C:\Projects\E-Commerce\frontend\node_modules\@supabase\auth-js\dist\main\lib\constants.js.map",".map","1"
"C:\Projects\E-Commerce\frontend\node_modules\@supabase\auth-js\dist\main\lib\error-codes.d.ts",".ts","7"
"C:\Projects\E-Commerce\frontend\node_modules\@supabase\auth-js\dist\main\lib\error-codes.d.ts.map",".map","1"
"C:\Projects\E-Commerce\frontend\node_modules\@supabase\auth-js\dist\main\lib\error-codes.js",".js","3"
"C:\Projects\E-Commerce\frontend\node_modules\@supabase\auth-js\dist\main\lib\error-codes.js.map",".map","1"
"C:\Projects\E-Commerce\frontend\node_modules\@supabase\auth-js\dist\main\lib\errors.d.ts",".ts","282"
"C:\Projects\E-Commerce\frontend\node_modules\@supabase\auth-js\dist\main\lib\errors.d.ts.map",".map","1"
"C:\Projects\E-Commerce\frontend\node_modules\@supabase\auth-js\dist\main\lib\errors.js",".js","320"
"C:\Projects\E-Commerce\frontend\node_modules\@supabase\auth-js\dist\main\lib\errors.js.map",".map","1"
"C:\Projects\E-Commerce\frontend\node_modules\@supabase\auth-js\dist\main\lib\fetch.d.ts",".ts","54"
"C:\Projects\E-Commerce\frontend\node_modules\@supabase\auth-js\dist\main\lib\fetch.d.ts.map",".map","1"
"C:\Projects\E-Commerce\frontend\node_modules\@supabase\auth-js\dist\main\lib\fetch.js",".js","210"
"C:\Projects\E-Commerce\frontend\node_modules\@supabase\auth-js\dist\main\lib\fetch.js.map",".map","1"
"C:\Projects\E-Commerce\frontend\node_modules\@supabase\auth-js\dist\main\lib\helpers.d.ts",".ts","146"
"C:\Projects\E-Commerce\frontend\node_modules\@supabase\auth-js\dist\main\lib\helpers.d.ts.map",".map","1"
"C:\Projects\E-Commerce\frontend\node_modules\@supabase\auth-js\dist\main\lib\helpers.js",".js","568"
"C:\Projects\E-Commerce\frontend\node_modules\@supabase\auth-js\dist\main\lib\helpers.js.map",".map","1"
"C:\Projects\E-Commerce\frontend\node_modules\@supabase\auth-js\dist\main\lib\local-storage.d.ts",".ts","9"
"C:\Projects\E-Commerce\frontend\node_modules\@supabase\auth-js\dist\main\lib\local-storage.d.ts.map",".map","1"
"C:\Projects\E-Commerce\frontend\node_modules\@supabase\auth-js\dist\main\lib\local-storage.js",".js","21"
"C:\Projects\E-Commerce\frontend\node_modules\@supabase\auth-js\dist\main\lib\local-storage.js.map",".map","1"
"C:\Projects\E-Commerce\frontend\node_modules\@supabase\auth-js\dist\main\lib\locks.d.ts",".ts","101"
"C:\Projects\E-Commerce\frontend\node_modules\@supabase\auth-js\dist\main\lib\locks.d.ts.map",".map","1"
"C:\Projects\E-Commerce\frontend\node_modules\@supabase\auth-js\dist\main\lib\locks.js",".js","337"
"C:\Projects\E-Commerce\frontend\node_modules\@supabase\auth-js\dist\main\lib\locks.js.map",".map","1"
"C:\Projects\E-Commerce\frontend\node_modules\@supabase\auth-js\dist\main\lib\polyfills.d.ts",".ts","5"
"C:\Projects\E-Commerce\frontend\node_modules\@supabase\auth-js\dist\main\lib\polyfills.d.ts.map",".map","1"
"C:\Projects\E-Commerce\frontend\node_modules\@supabase\auth-js\dist\main\lib\polyfills.js",".js","29"
"C:\Projects\E-Commerce\frontend\node_modules\@supabase\auth-js\dist\main\lib\polyfills.js.map",".map","1"
"C:\Projects\E-Commerce\frontend\node_modules\@supabase\auth-js\dist\main\lib\types.d.ts",".ts","2897"
"C:\Projects\E-Commerce\frontend\node_modules\@supabase\auth-js\dist\main\lib\types.d.ts.map",".map","1"
"C:\Projects\E-Commerce\frontend\node_modules\@supabase\auth-js\dist\main\lib\types.js",".js","24"
"C:\Projects\E-Commerce\frontend\node_modules\@supabase\auth-js\dist\main\lib\types.js.map",".map","1"
"C:\Projects\E-Commerce\frontend\node_modules\@supabase\auth-js\dist\main\lib\version.d.ts",".ts","2"
"C:\Projects\E-Commerce\frontend\node_modules\@supabase\auth-js\dist\main\lib\version.d.ts.map",".map","1"
"C:\Projects\E-Commerce\frontend\node_modules\@supabase\auth-js\dist\main\lib\version.js",".js","11"
"C:\Projects\E-Commerce\frontend\node_modules\@supabase\auth-js\dist\main\lib\version.js.map",".map","1"
"C:\Projects\E-Commerce\frontend\node_modules\@supabase\auth-js\dist\main\lib\webauthn.d.ts",".ts","284"
"C:\Projects\E-Commerce\frontend\node_modules\@supabase\auth-js\dist\main\lib\webauthn.d.ts.map",".map","1"
"C:\Projects\E-Commerce\frontend\node_modules\@supabase\auth-js\dist\main\lib\webauthn.dom.d.ts",".ts","583"
"C:\Projects\E-Commerce\frontend\node_modules\@supabase\auth-js\dist\main\lib\webauthn.dom.d.ts.map",".map","1"
"C:\Projects\E-Commerce\frontend\node_modules\@supabase\auth-js\dist\main\lib\webauthn.dom.js",".js","4"
"C:\Projects\E-Commerce\frontend\node_modules\@supabase\auth-js\dist\main\lib\webauthn.dom.js.map",".map","1"
"C:\Projects\E-Commerce\frontend\node_modules\@supabase\auth-js\dist\main\lib\webauthn.errors.d.ts",".ts","85"
"C:\Projects\E-Commerce\frontend\node_modules\@supabase\auth-js\dist\main\lib\webauthn.errors.d.ts.map",".map","1"
"C:\Projects\E-Commerce\frontend\node_modules\@supabase\auth-js\dist\main\lib\webauthn.errors.js",".js","272"
"C:\Projects\E-Commerce\frontend\node_modules\@supabase\auth-js\dist\main\lib\webauthn.errors.js.map",".map","1"
"C:\Projects\E-Commerce\frontend\node_modules\@supabase\auth-js\dist\main\lib\webauthn.js",".js","711"
"C:\Projects\E-Commerce\frontend\node_modules\@supabase\auth-js\dist\main\lib\webauthn.js.map",".map","1"
"C:\Projects\E-Commerce\frontend\node_modules\@supabase\auth-js\dist\main\AuthAdminApi.d.ts",".ts","4"
"C:\Projects\E-Commerce\frontend\node_modules\@supabase\auth-js\dist\main\AuthAdminApi.d.ts.map",".map","1"
"C:\Projects\E-Commerce\frontend\node_modules\@supabase\auth-js\dist\main\AuthAdminApi.js",".js","7"
"C:\Projects\E-Commerce\frontend\node_modules\@supabase\auth-js\dist\main\AuthAdminApi.js.map",".map","1"
"C:\Projects\E-Commerce\frontend\node_modules\@supabase\auth-js\dist\main\AuthClient.d.ts",".ts","4"
"C:\Projects\E-Commerce\frontend\node_modules\@supabase\auth-js\dist\main\AuthClient.d.ts.map",".map","1"
"C:\Projects\E-Commerce\frontend\node_modules\@supabase\auth-js\dist\main\AuthClient.js",".js","7"
"C:\Projects\E-Commerce\frontend\node_modules\@supabase\auth-js\dist\main\AuthClient.js.map",".map","1"
"C:\Projects\E-Commerce\frontend\node_modules\@supabase\auth-js\dist\main\GoTrueAdminApi.d.ts",".ts","713"
"C:\Projects\E-Commerce\frontend\node_modules\@supabase\auth-js\dist\main\GoTrueAdminApi.d.ts.map",".map","1"
"C:\Projects\E-Commerce\frontend\node_modules\@supabase\auth-js\dist\main\GoTrueAdminApi.js",".js","1105"
"C:\Projects\E-Commerce\frontend\node_modules\@supabase\auth-js\dist\main\GoTrueAdminApi.js.map",".map","1"
"C:\Projects\E-Commerce\frontend\node_modules\@supabase\auth-js\dist\main\GoTrueClient.d.ts",".ts","2638"
"C:\Projects\E-Commerce\frontend\node_modules\@supabase\auth-js\dist\main\GoTrueClient.d.ts.map",".map","1"
"C:\Projects\E-Commerce\frontend\node_modules\@supabase\auth-js\dist\main\GoTrueClient.js",".js","5912"
"C:\Projects\E-Commerce\frontend\node_modules\@supabase\auth-js\dist\main\GoTrueClient.js.map",".map","1"
"C:\Projects\E-Commerce\frontend\node_modules\@supabase\auth-js\dist\main\index.d.ts",".ts","9"
"C:\Projects\E-Commerce\frontend\node_modules\@supabase\auth-js\dist\main\index.d.ts.map",".map","1"
"C:\Projects\E-Commerce\frontend\node_modules\@supabase\auth-js\dist\main\index.js",".js","20"
"C:\Projects\E-Commerce\frontend\node_modules\@supabase\auth-js\dist\main\index.js.map",".map","1"
"C:\Projects\E-Commerce\frontend\node_modules\@supabase\auth-js\dist\module\lib\web3\ethereum.d.ts",".ts","96"
"C:\Projects\E-Commerce\frontend\node_modules\@supabase\auth-js\dist\module\lib\web3\ethereum.d.ts.map",".map","1"
"C:\Projects\E-Commerce\frontend\node_modules\@supabase\auth-js\dist\module\lib\web3\ethereum.js",".js","60"
"C:\Projects\E-Commerce\frontend\node_modules\@supabase\auth-js\dist\module\lib\web3\ethereum.js.map",".map","1"
"C:\Projects\E-Commerce\frontend\node_modules\@supabase\auth-js\dist\module\lib\web3\solana.d.ts",".ts","160"
"C:\Projects\E-Commerce\frontend\node_modules\@supabase\auth-js\dist\module\lib\web3\solana.d.ts.map",".map","1"
"C:\Projects\E-Commerce\frontend\node_modules\@supabase\auth-js\dist\module\lib\web3\solana.js",".js","3"
"C:\Projects\E-Commerce\frontend\node_modules\@supabase\auth-js\dist\module\lib\web3\solana.js.map",".map","1"
"C:\Projects\E-Commerce\frontend\node_modules\@supabase\auth-js\dist\module\lib\base64url.d.ts",".ts","76"
"C:\Projects\E-Commerce\frontend\node_modules\@supabase\auth-js\dist\module\lib\base64url.d.ts.map",".map","1"
"C:\Projects\E-Commerce\frontend\node_modules\@supabase\auth-js\dist\module\lib\base64url.js",".js","257"
"C:\Projects\E-Commerce\frontend\node_modules\@supabase\auth-js\dist\module\lib\base64url.js.map",".map","1"
"C:\Projects\E-Commerce\frontend\node_modules\@supabase\auth-js\dist\module\lib\constants.d.ts",".ts","47"
"C:\Projects\E-Commerce\frontend\node_modules\@supabase\auth-js\dist\module\lib\constants.d.ts.map",".map","1"
"C:\Projects\E-Commerce\frontend\node_modules\@supabase\auth-js\dist\module\lib\constants.js",".js","49"
"C:\Projects\E-Commerce\frontend\node_modules\@supabase\auth-js\dist\module\lib\constants.js.map",".map","1"
"C:\Projects\E-Commerce\frontend\node_modules\@supabase\auth-js\dist\module\lib\error-codes.d.ts",".ts","7"
"C:\Projects\E-Commerce\frontend\node_modules\@supabase\auth-js\dist\module\lib\error-codes.d.ts.map",".map","1"
"C:\Projects\E-Commerce\frontend\node_modules\@supabase\auth-js\dist\module\lib\error-codes.js",".js","2"
"C:\Projects\E-Commerce\frontend\node_modules\@supabase\auth-js\dist\module\lib\error-codes.js.map",".map","1"
"C:\Projects\E-Commerce\frontend\node_modules\@supabase\auth-js\dist\module\lib\errors.d.ts",".ts","282"
"C:\Projects\E-Commerce\frontend\node_modules\@supabase\auth-js\dist\module\lib\errors.d.ts.map",".map","1"
"C:\Projects\E-Commerce\frontend\node_modules\@supabase\auth-js\dist\module\lib\errors.js",".js","295"
"C:\Projects\E-Commerce\frontend\node_modules\@supabase\auth-js\dist\module\lib\errors.js.map",".map","1"
"C:\Projects\E-Commerce\frontend\node_modules\@supabase\auth-js\dist\module\lib\fetch.d.ts",".ts","54"
"C:\Projects\E-Commerce\frontend\node_modules\@supabase\auth-js\dist\module\lib\fetch.d.ts.map",".map","1"
"C:\Projects\E-Commerce\frontend\node_modules\@supabase\auth-js\dist\module\lib\fetch.js",".js","200"
"C:\Projects\E-Commerce\frontend\node_modules\@supabase\auth-js\dist\module\lib\fetch.js.map",".map","1"
"C:\Projects\E-Commerce\frontend\node_modules\@supabase\auth-js\dist\module\lib\helpers.d.ts",".ts","146"
"C:\Projects\E-Commerce\frontend\node_modules\@supabase\auth-js\dist\module\lib\helpers.d.ts.map",".map","1"
"C:\Projects\E-Commerce\frontend\node_modules\@supabase\auth-js\dist\module\lib\helpers.js",".js","531"
"C:\Projects\E-Commerce\frontend\node_modules\@supabase\auth-js\dist\module\lib\helpers.js.map",".map","1"
"C:\Projects\E-Commerce\frontend\node_modules\@supabase\auth-js\dist\module\lib\local-storage.d.ts",".ts","9"
"C:\Projects\E-Commerce\frontend\node_modules\@supabase\auth-js\dist\module\lib\local-storage.d.ts.map",".map","1"
"C:\Projects\E-Commerce\frontend\node_modules\@supabase\auth-js\dist\module\lib\local-storage.js",".js","18"
"C:\Projects\E-Commerce\frontend\node_modules\@supabase\auth-js\dist\module\lib\local-storage.js.map",".map","1"
"C:\Projects\E-Commerce\frontend\node_modules\@supabase\auth-js\dist\module\lib\locks.d.ts",".ts","101"
"C:\Projects\E-Commerce\frontend\node_modules\@supabase\auth-js\dist\module\lib\locks.d.ts.map",".map","1"
"C:\Projects\E-Commerce\frontend\node_modules\@supabase\auth-js\dist\module\lib\locks.js",".js","329"
"C:\Projects\E-Commerce\frontend\node_modules\@supabase\auth-js\dist\module\lib\locks.js.map",".map","1"
"C:\Projects\E-Commerce\frontend\node_modules\@supabase\auth-js\dist\module\lib\polyfills.d.ts",".ts","5"
"C:\Projects\E-Commerce\frontend\node_modules\@supabase\auth-js\dist\module\lib\polyfills.d.ts.map",".map","1"
"C:\Projects\E-Commerce\frontend\node_modules\@supabase\auth-js\dist\module\lib\polyfills.js",".js","26"
"C:\Projects\E-Commerce\frontend\node_modules\@supabase\auth-js\dist\module\lib\polyfills.js.map",".map","1"
"C:\Projects\E-Commerce\frontend\node_modules\@supabase\auth-js\dist\module\lib\types.d.ts",".ts","2897"
"C:\Projects\E-Commerce\frontend\node_modules\@supabase\auth-js\dist\module\lib\types.d.ts.map",".map","1"
"C:\Projects\E-Commerce\frontend\node_modules\@supabase\auth-js\dist\module\lib\types.js",".js","21"
"C:\Projects\E-Commerce\frontend\node_modules\@supabase\auth-js\dist\module\lib\types.js.map",".map","1"
"C:\Projects\E-Commerce\frontend\node_modules\@supabase\auth-js\dist\module\lib\version.d.ts",".ts","2"
"C:\Projects\E-Commerce\frontend\node_modules\@supabase\auth-js\dist\module\lib\version.d.ts.map",".map","1"
"C:\Projects\E-Commerce\frontend\node_modules\@supabase\auth-js\dist\module\lib\version.js",".js","8"
"C:\Projects\E-Commerce\frontend\node_modules\@supabase\auth-js\dist\module\lib\version.js.map",".map","1"
"C:\Projects\E-Commerce\frontend\node_modules\@supabase\auth-js\dist\module\lib\webauthn.d.ts",".ts","284"
"C:\Projects\E-Commerce\frontend\node_modules\@supabase\auth-js\dist\module\lib\webauthn.d.ts.map",".map","1"
"C:\Projects\E-Commerce\frontend\node_modules\@supabase\auth-js\dist\module\lib\webauthn.dom.d.ts",".ts","583"
"C:\Projects\E-Commerce\frontend\node_modules\@supabase\auth-js\dist\module\lib\webauthn.dom.d.ts.map",".map","1"
"C:\Projects\E-Commerce\frontend\node_modules\@supabase\auth-js\dist\module\lib\webauthn.dom.js",".js","3"
"C:\Projects\E-Commerce\frontend\node_modules\@supabase\auth-js\dist\module\lib\webauthn.dom.js.map",".map","1"
"C:\Projects\E-Commerce\frontend\node_modules\@supabase\auth-js\dist\module\lib\webauthn.errors.d.ts",".ts","85"
"C:\Projects\E-Commerce\frontend\node_modules\@supabase\auth-js\dist\module\lib\webauthn.errors.d.ts.map",".map","1"
"C:\Projects\E-Commerce\frontend\node_modules\@supabase\auth-js\dist\module\lib\webauthn.errors.js",".js","264"
"C:\Projects\E-Commerce\frontend\node_modules\@supabase\auth-js\dist\module\lib\webauthn.errors.js.map",".map","1"
"C:\Projects\E-Commerce\frontend\node_modules\@supabase\auth-js\dist\module\lib\webauthn.js",".js","693"
"C:\Projects\E-Commerce\frontend\node_modules\@supabase\auth-js\dist\module\lib\webauthn.js.map",".map","1"
"C:\Projects\E-Commerce\frontend\node_modules\@supabase\auth-js\dist\module\AuthAdminApi.d.ts",".ts","4"
"C:\Projects\E-Commerce\frontend\node_modules\@supabase\auth-js\dist\module\AuthAdminApi.d.ts.map",".map","1"
"C:\Projects\E-Commerce\frontend\node_modules\@supabase\auth-js\dist\module\AuthAdminApi.js",".js","4"
"C:\Projects\E-Commerce\frontend\node_modules\@supabase\auth-js\dist\module\AuthAdminApi.js.map",".map","1"
"C:\Projects\E-Commerce\frontend\node_modules\@supabase\auth-js\dist\module\AuthClient.d.ts",".ts","4"
"C:\Projects\E-Commerce\frontend\node_modules\@supabase\auth-js\dist\module\AuthClient.d.ts.map",".map","1"
"C:\Projects\E-Commerce\frontend\node_modules\@supabase\auth-js\dist\module\AuthClient.js",".js","4"
"C:\Projects\E-Commerce\frontend\node_modules\@supabase\auth-js\dist\module\AuthClient.js.map",".map","1"
"C:\Projects\E-Commerce\frontend\node_modules\@supabase\auth-js\dist\module\GoTrueAdminApi.d.ts",".ts","713"
"C:\Projects\E-Commerce\frontend\node_modules\@supabase\auth-js\dist\module\GoTrueAdminApi.d.ts.map",".map","1"
"C:\Projects\E-Commerce\frontend\node_modules\@supabase\auth-js\dist\module\GoTrueAdminApi.js",".js","1102"
"C:\Projects\E-Commerce\frontend\node_modules\@supabase\auth-js\dist\module\GoTrueAdminApi.js.map",".map","1"
"C:\Projects\E-Commerce\frontend\node_modules\@supabase\auth-js\dist\module\GoTrueClient.d.ts",".ts","2638"
"C:\Projects\E-Commerce\frontend\node_modules\@supabase\auth-js\dist\module\GoTrueClient.d.ts.map",".map","1"
"C:\Projects\E-Commerce\frontend\node_modules\@supabase\auth-js\dist\module\GoTrueClient.js",".js","5909"
"C:\Projects\E-Commerce\frontend\node_modules\@supabase\auth-js\dist\module\GoTrueClient.js.map",".map","1"
"C:\Projects\E-Commerce\frontend\node_modules\@supabase\auth-js\dist\module\index.d.ts",".ts","9"
"C:\Projects\E-Commerce\frontend\node_modules\@supabase\auth-js\dist\module\index.d.ts.map",".map","1"
"C:\Projects\E-Commerce\frontend\node_modules\@supabase\auth-js\dist\module\index.js",".js","9"
"C:\Projects\E-Commerce\frontend\node_modules\@supabase\auth-js\dist\module\index.js.map",".map","1"
"C:\Projects\E-Commerce\frontend\node_modules\@supabase\auth-js\dist\tsconfig.module.tsbuildinfo",".tsbuildinfo","1"
"C:\Projects\E-Commerce\frontend\node_modules\@supabase\auth-js\dist\tsconfig.tsbuildinfo",".tsbuildinfo","1"
"C:\Projects\E-Commerce\frontend\node_modules\@supabase\auth-js\migrations\lockless-coordination.md",".md","106"
"C:\Projects\E-Commerce\frontend\node_modules\@supabase\auth-js\migrations\README.md",".md","14"
"C:\Projects\E-Commerce\frontend\node_modules\@supabase\auth-js\src\lib\web3\ethereum.ts",".ts","161"
"C:\Projects\E-Commerce\frontend\node_modules\@supabase\auth-js\src\lib\web3\solana.ts",".ts","160"
"C:\Projects\E-Commerce\frontend\node_modules\@supabase\auth-js\src\lib\base64url.ts",".ts","259"
"C:\Projects\E-Commerce\frontend\node_modules\@supabase\auth-js\src\lib\constants.ts",".ts","48"
"C:\Projects\E-Commerce\frontend\node_modules\@supabase\auth-js\src\lib\error-codes.ts",".ts","94"
"C:\Projects\E-Commerce\frontend\node_modules\@supabase\auth-js\src\lib\errors.ts",".ts","356"
"C:\Projects\E-Commerce\frontend\node_modules\@supabase\auth-js\src\lib\fetch.ts",".ts","284"
"C:\Projects\E-Commerce\frontend\node_modules\@supabase\auth-js\src\lib\helpers.ts",".ts","598"
"C:\Projects\E-Commerce\frontend\node_modules\@supabase\auth-js\src\lib\local-storage.ts",".ts","18"
"C:\Projects\E-Commerce\frontend\node_modules\@supabase\auth-js\src\lib\locks.ts",".ts","370"
"C:\Projects\E-Commerce\frontend\node_modules\@supabase\auth-js\src\lib\polyfills.ts",".ts","23"
"C:\Projects\E-Commerce\frontend\node_modules\@supabase\auth-js\src\lib\types.ts",".ts","3045"
"C:\Projects\E-Commerce\frontend\node_modules\@supabase\auth-js\src\lib\version.ts",".ts","7"
"C:\Projects\E-Commerce\frontend\node_modules\@supabase\auth-js\src\lib\webauthn.dom.ts",".ts","608"
"C:\Projects\E-Commerce\frontend\node_modules\@supabase\auth-js\src\lib\webauthn.errors.ts",".ts","310"
"C:\Projects\E-Commerce\frontend\node_modules\@supabase\auth-js\src\lib\webauthn.ts",".ts","877"
"C:\Projects\E-Commerce\frontend\node_modules\@supabase\auth-js\src\AuthAdminApi.ts",".ts","3"
"C:\Projects\E-Commerce\frontend\node_modules\@supabase\auth-js\src\AuthClient.ts",".ts","3"
"C:\Projects\E-Commerce\frontend\node_modules\@supabase\auth-js\src\GoTrueAdminApi.ts",".ts","1208"
"C:\Projects\E-Commerce\frontend\node_modules\@supabase\auth-js\src\GoTrueClient.ts",".ts","6674"
"C:\Projects\E-Commerce\frontend\node_modules\@supabase\auth-js\src\index.ts",".ts","13"
"C:\Projects\E-Commerce\frontend\node_modules\@supabase\auth-js\AGENTS.md",".md","7"
"C:\Projects\E-Commerce\frontend\node_modules\@supabase\auth-js\LICENSE","","17"
"C:\Projects\E-Commerce\frontend\node_modules\@supabase\auth-js\package.json",".json","57"
"C:\Projects\E-Commerce\frontend\node_modules\@supabase\auth-js\README.md",".md","134"
"C:\Projects\E-Commerce\frontend\node_modules\@supabase\functions-js\dist\main\FunctionsClient.d.ts",".ts","179"
"C:\Projects\E-Commerce\frontend\node_modules\@supabase\functions-js\dist\main\FunctionsClient.d.ts.map",".map","1"
"C:\Projects\E-Commerce\frontend\node_modules\@supabase\functions-js\dist\main\FunctionsClient.js",".js","326"
"C:\Projects\E-Commerce\frontend\node_modules\@supabase\functions-js\dist\main\FunctionsClient.js.map",".map","1"
"C:\Projects\E-Commerce\frontend\node_modules\@supabase\functions-js\dist\main\helper.d.ts",".ts","3"
"C:\Projects\E-Commerce\frontend\node_modules\@supabase\functions-js\dist\main\helper.d.ts.map",".map","1"
"C:\Projects\E-Commerce\frontend\node_modules\@supabase\functions-js\dist\main\helper.js",".js","11"
"C:\Projects\E-Commerce\frontend\node_modules\@supabase\functions-js\dist\main\helper.js.map",".map","1"
"C:\Projects\E-Commerce\frontend\node_modules\@supabase\functions-js\dist\main\index.d.ts",".ts","3"
"C:\Projects\E-Commerce\frontend\node_modules\@supabase\functions-js\dist\main\index.d.ts.map",".map","1"
"C:\Projects\E-Commerce\frontend\node_modules\@supabase\functions-js\dist\main\index.js",".js","12"
"C:\Projects\E-Commerce\frontend\node_modules\@supabase\functions-js\dist\main\index.js.map",".map","1"
"C:\Projects\E-Commerce\frontend\node_modules\@supabase\functions-js\dist\main\types.d.ts",".ts","122"
"C:\Projects\E-Commerce\frontend\node_modules\@supabase\functions-js\dist\main\types.d.ts.map",".map","1"
"C:\Projects\E-Commerce\frontend\node_modules\@supabase\functions-js\dist\main\types.js",".js","98"
"C:\Projects\E-Commerce\frontend\node_modules\@supabase\functions-js\dist\main\types.js.map",".map","1"
"C:\Projects\E-Commerce\frontend\node_modules\@supabase\functions-js\dist\main\version.d.ts",".ts","2"
"C:\Projects\E-Commerce\frontend\node_modules\@supabase\functions-js\dist\main\version.d.ts.map",".map","1"
"C:\Projects\E-Commerce\frontend\node_modules\@supabase\functions-js\dist\main\version.js",".js","11"
"C:\Projects\E-Commerce\frontend\node_modules\@supabase\functions-js\dist\main\version.js.map",".map","1"
"C:\Projects\E-Commerce\frontend\node_modules\@supabase\functions-js\dist\module\FunctionsClient.d.ts",".ts","179"
"C:\Projects\E-Commerce\frontend\node_modules\@supabase\functions-js\dist\module\FunctionsClient.d.ts.map",".map","1"
"C:\Projects\E-Commerce\frontend\node_modules\@supabase\functions-js\dist\module\FunctionsClient.js",".js","322"
"C:\Projects\E-Commerce\frontend\node_modules\@supabase\functions-js\dist\module\FunctionsClient.js.map",".map","1"
"C:\Projects\E-Commerce\frontend\node_modules\@supabase\functions-js\dist\module\helper.d.ts",".ts","3"
"C:\Projects\E-Commerce\frontend\node_modules\@supabase\functions-js\dist\module\helper.d.ts.map",".map","1"
"C:\Projects\E-Commerce\frontend\node_modules\@supabase\functions-js\dist\module\helper.js",".js","7"
"C:\Projects\E-Commerce\frontend\node_modules\@supabase\functions-js\dist\module\helper.js.map",".map","1"
"C:\Projects\E-Commerce\frontend\node_modules\@supabase\functions-js\dist\module\index.d.ts",".ts","3"
"C:\Projects\E-Commerce\frontend\node_modules\@supabase\functions-js\dist\module\index.d.ts.map",".map","1"
"C:\Projects\E-Commerce\frontend\node_modules\@supabase\functions-js\dist\module\index.js",".js","3"
"C:\Projects\E-Commerce\frontend\node_modules\@supabase\functions-js\dist\module\index.js.map",".map","1"
"C:\Projects\E-Commerce\frontend\node_modules\@supabase\functions-js\dist\module\types.d.ts",".ts","122"
"C:\Projects\E-Commerce\frontend\node_modules\@supabase\functions-js\dist\module\types.d.ts.map",".map","1"
"C:\Projects\E-Commerce\frontend\node_modules\@supabase\functions-js\dist\module\types.js",".js","91"
"C:\Projects\E-Commerce\frontend\node_modules\@supabase\functions-js\dist\module\types.js.map",".map","1"
"C:\Projects\E-Commerce\frontend\node_modules\@supabase\functions-js\dist\module\version.d.ts",".ts","2"
"C:\Projects\E-Commerce\frontend\node_modules\@supabase\functions-js\dist\module\version.d.ts.map",".map","1"
"C:\Projects\E-Commerce\frontend\node_modules\@supabase\functions-js\dist\module\version.js",".js","8"
"C:\Projects\E-Commerce\frontend\node_modules\@supabase\functions-js\dist\module\version.js.map",".map","1"
"C:\Projects\E-Commerce\frontend\node_modules\@supabase\functions-js\dist\tsconfig.module.tsbuildinfo",".tsbuildinfo","1"
"C:\Projects\E-Commerce\frontend\node_modules\@supabase\functions-js\dist\tsconfig.tsbuildinfo",".tsbuildinfo","1"
"C:\Projects\E-Commerce\frontend\node_modules\@supabase\functions-js\migrations\README.md",".md","14"
"C:\Projects\E-Commerce\frontend\node_modules\@supabase\functions-js\src\edge-runtime.d.ts",".ts","182"
"C:\Projects\E-Commerce\frontend\node_modules\@supabase\functions-js\src\FunctionsClient.ts",".ts","339"
"C:\Projects\E-Commerce\frontend\node_modules\@supabase\functions-js\src\helper.ts",".ts","7"
"C:\Projects\E-Commerce\frontend\node_modules\@supabase\functions-js\src\index.ts",".ts","10"
"C:\Projects\E-Commerce\frontend\node_modules\@supabase\functions-js\src\types.ts",".ts","139"
"C:\Projects\E-Commerce\frontend\node_modules\@supabase\functions-js\src\version.ts",".ts","7"
"C:\Projects\E-Commerce\frontend\node_modules\@supabase\functions-js\AGENTS.md",".md","7"
"C:\Projects\E-Commerce\frontend\node_modules\@supabase\functions-js\LICENSE","","17"
"C:\Projects\E-Commerce\frontend\node_modules\@supabase\functions-js\package.json",".json","62"
"C:\Projects\E-Commerce\frontend\node_modules\@supabase\functions-js\README.md",".md","98"
"C:\Projects\E-Commerce\frontend\node_modules\@supabase\phoenix\assets\js\phoenix\ajax.js",".js","103"
"C:\Projects\E-Commerce\frontend\node_modules\@supabase\phoenix\assets\js\phoenix\channel.js",".js","300"
"C:\Projects\E-Commerce\frontend\node_modules\@supabase\phoenix\assets\js\phoenix\constants.js",".js","30"
"C:\Projects\E-Commerce\frontend\node_modules\@supabase\phoenix\assets\js\phoenix\index.js",".js","210"
"C:\Projects\E-Commerce\frontend\node_modules\@supabase\phoenix\assets\js\phoenix\longpoll.js",".js","183"
"C:\Projects\E-Commerce\frontend\node_modules\@supabase\phoenix\assets\js\phoenix\presence.js",".js","203"
"C:\Projects\E-Commerce\frontend\node_modules\@supabase\phoenix\assets\js\phoenix\push.js",".js","120"
"C:\Projects\E-Commerce\frontend\node_modules\@supabase\phoenix\assets\js\phoenix\serializer.js",".js","135"
"C:\Projects\E-Commerce\frontend\node_modules\@supabase\phoenix\assets\js\phoenix\socket.js",".js","695"
"C:\Projects\E-Commerce\frontend\node_modules\@supabase\phoenix\assets\js\phoenix\timer.js",".js","45"
"C:\Projects\E-Commerce\frontend\node_modules\@supabase\phoenix\assets\js\phoenix\types.js",".js","176"
"C:\Projects\E-Commerce\frontend\node_modules\@supabase\phoenix\assets\js\phoenix\utils.js",".js","16"
"C:\Projects\E-Commerce\frontend\node_modules\@supabase\phoenix\priv\static\types\ajax.d.ts",".ts","10"
"C:\Projects\E-Commerce\frontend\node_modules\@supabase\phoenix\priv\static\types\ajax.d.ts.map",".map","1"
"C:\Projects\E-Commerce\frontend\node_modules\@supabase\phoenix\priv\static\types\channel.d.ts",".ts","167"
"C:\Projects\E-Commerce\frontend\node_modules\@supabase\phoenix\priv\static\types\channel.d.ts.map",".map","1"
"C:\Projects\E-Commerce\frontend\node_modules\@supabase\phoenix\priv\static\types\constants.d.ts",".ts","37"
"C:\Projects\E-Commerce\frontend\node_modules\@supabase\phoenix\priv\static\types\constants.d.ts.map",".map","1"
"C:\Projects\E-Commerce\frontend\node_modules\@supabase\phoenix\priv\static\types\index.d.ts",".ts","10"
"C:\Projects\E-Commerce\frontend\node_modules\@supabase\phoenix\priv\static\types\index.d.ts.map",".map","1"
"C:\Projects\E-Commerce\frontend\node_modules\@supabase\phoenix\priv\static\types\longpoll.d.ts",".ts","29"
"C:\Projects\E-Commerce\frontend\node_modules\@supabase\phoenix\priv\static\types\longpoll.d.ts.map",".map","1"
"C:\Projects\E-Commerce\frontend\node_modules\@supabase\phoenix\priv\static\types\presence.d.ts",".ts","108"
"C:\Projects\E-Commerce\frontend\node_modules\@supabase\phoenix\priv\static\types\presence.d.ts.map",".map","1"
"C:\Projects\E-Commerce\frontend\node_modules\@supabase\phoenix\priv\static\types\push.d.ts",".ts","70"
"C:\Projects\E-Commerce\frontend\node_modules\@supabase\phoenix\priv\static\types\push.d.ts.map",".map","1"
"C:\Projects\E-Commerce\frontend\node_modules\@supabase\phoenix\priv\static\types\serializer.d.ts",".ts","75"
"C:\Projects\E-Commerce\frontend\node_modules\@supabase\phoenix\priv\static\types\serializer.d.ts.map",".map","1"
"C:\Projects\E-Commerce\frontend\node_modules\@supabase\phoenix\priv\static\types\socket.d.ts",".ts","291"
"C:\Projects\E-Commerce\frontend\node_modules\@supabase\phoenix\priv\static\types\socket.d.ts.map",".map","1"
"C:\Projects\E-Commerce\frontend\node_modules\@supabase\phoenix\priv\static\types\timer.d.ts",".ts","36"
"C:\Projects\E-Commerce\frontend\node_modules\@supabase\phoenix\priv\static\types\timer.d.ts.map",".map","1"
"C:\Projects\E-Commerce\frontend\node_modules\@supabase\phoenix\priv\static\types\types.d.ts",".ts","280"
"C:\Projects\E-Commerce\frontend\node_modules\@supabase\phoenix\priv\static\types\types.d.ts.map",".map","1"
"C:\Projects\E-Commerce\frontend\node_modules\@supabase\phoenix\priv\static\types\utils.d.ts",".ts","2"
"C:\Projects\E-Commerce\frontend\node_modules\@supabase\phoenix\priv\static\types\utils.d.ts.map",".map","1"
"C:\Projects\E-Commerce\frontend\node_modules\@supabase\phoenix\priv\static\favicon.ico",".ico","5"
"C:\Projects\E-Commerce\frontend\node_modules\@supabase\phoenix\priv\static\phoenix-orange.png",".png","126"
"C:\Projects\E-Commerce\frontend\node_modules\@supabase\phoenix\priv\static\phoenix.cjs.js",".js","1858"
"C:\Projects\E-Commerce\frontend\node_modules\@supabase\phoenix\priv\static\phoenix.cjs.js.map",".map","7"
"C:\Projects\E-Commerce\frontend\node_modules\@supabase\phoenix\priv\static\phoenix.js",".js","1880"
"C:\Projects\E-Commerce\frontend\node_modules\@supabase\phoenix\priv\static\phoenix.min.js",".js","2"
"C:\Projects\E-Commerce\frontend\node_modules\@supabase\phoenix\priv\static\phoenix.mjs",".mjs","1837"
"C:\Projects\E-Commerce\frontend\node_modules\@supabase\phoenix\priv\static\phoenix.mjs.map",".map","7"
"C:\Projects\E-Commerce\frontend\node_modules\@supabase\phoenix\priv\static\phoenix.png",".png","105"
"C:\Projects\E-Commerce\frontend\node_modules\@supabase\phoenix\LICENSE.md",".md","18"
"C:\Projects\E-Commerce\frontend\node_modules\@supabase\phoenix\package.json",".json","55"
"C:\Projects\E-Commerce\frontend\node_modules\@supabase\phoenix\README.md",".md","78"
"C:\Projects\E-Commerce\frontend\node_modules\@supabase\phoenix\tsconfig.json",".json","20"
"C:\Projects\E-Commerce\frontend\node_modules\@supabase\postgrest-js\dist\index.cjs",".cjs","4016"
"C:\Projects\E-Commerce\frontend\node_modules\@supabase\postgrest-js\dist\index.cjs.map",".map","1"
"C:\Projects\E-Commerce\frontend\node_modules\@supabase\postgrest-js\dist\index.d.cts",".cts","5327"
"C:\Projects\E-Commerce\frontend\node_modules\@supabase\postgrest-js\dist\index.d.cts.map",".map","1"
"C:\Projects\E-Commerce\frontend\node_modules\@supabase\postgrest-js\dist\index.d.mts",".mts","5327"
"C:\Projects\E-Commerce\frontend\node_modules\@supabase\postgrest-js\dist\index.d.mts.map",".map","1"
"C:\Projects\E-Commerce\frontend\node_modules\@supabase\postgrest-js\dist\index.mjs",".mjs","4009"
"C:\Projects\E-Commerce\frontend\node_modules\@supabase\postgrest-js\dist\index.mjs.map",".map","1"
"C:\Projects\E-Commerce\frontend\node_modules\@supabase\postgrest-js\migrations\README.md",".md","14"
"C:\Projects\E-Commerce\frontend\node_modules\@supabase\postgrest-js\src\select-query-parser\parser.ts",".ts","446"
"C:\Projects\E-Commerce\frontend\node_modules\@supabase\postgrest-js\src\select-query-parser\result.ts",".ts","539"
"C:\Projects\E-Commerce\frontend\node_modules\@supabase\postgrest-js\src\select-query-parser\types.ts",".ts","106"
"C:\Projects\E-Commerce\frontend\node_modules\@supabase\postgrest-js\src\select-query-parser\utils.ts",".ts","672"
"C:\Projects\E-Commerce\frontend\node_modules\@supabase\postgrest-js\src\types\common\common.ts",".ts","69"
"C:\Projects\E-Commerce\frontend\node_modules\@supabase\postgrest-js\src\types\common\rpc.ts",".ts","135"
"C:\Projects\E-Commerce\frontend\node_modules\@supabase\postgrest-js\src\types\feature-flags.ts",".ts","14"
"C:\Projects\E-Commerce\frontend\node_modules\@supabase\postgrest-js\src\types\types.ts",".ts","177"
"C:\Projects\E-Commerce\frontend\node_modules\@supabase\postgrest-js\src\constants.ts",".ts","2"
"C:\Projects\E-Commerce\frontend\node_modules\@supabase\postgrest-js\src\fetchWithRetry.ts",".ts","127"
"C:\Projects\E-Commerce\frontend\node_modules\@supabase\postgrest-js\src\index.ts",".ts","34"
"C:\Projects\E-Commerce\frontend\node_modules\@supabase\postgrest-js\src\PostgrestBuilder.ts",".ts","590"
"C:\Projects\E-Commerce\frontend\node_modules\@supabase\postgrest-js\src\PostgrestClient.ts",".ts","556"
"C:\Projects\E-Commerce\frontend\node_modules\@supabase\postgrest-js\src\PostgrestError.ts",".ts","58"
"C:\Projects\E-Commerce\frontend\node_modules\@supabase\postgrest-js\src\PostgrestFilterBuilder.ts",".ts","2150"
"C:\Projects\E-Commerce\frontend\node_modules\@supabase\postgrest-js\src\PostgrestQueryBuilder.ts",".ts","1741"
"C:\Projects\E-Commerce\frontend\node_modules\@supabase\postgrest-js\src\PostgrestTransformBuilder.ts",".ts","1041"
"C:\Projects\E-Commerce\frontend\node_modules\@supabase\postgrest-js\src\version.ts",".ts","7"
"C:\Projects\E-Commerce\frontend\node_modules\@supabase\postgrest-js\AGENTS.md",".md","7"
"C:\Projects\E-Commerce\frontend\node_modules\@supabase\postgrest-js\LICENSE","","17"
"C:\Projects\E-Commerce\frontend\node_modules\@supabase\postgrest-js\package.json",".json","77"
"C:\Projects\E-Commerce\frontend\node_modules\@supabase\postgrest-js\README.md",".md","148"
"C:\Projects\E-Commerce\frontend\node_modules\@supabase\realtime-js\dist\main\lib\constants.d.ts",".ts","50"
"C:\Projects\E-Commerce\frontend\node_modules\@supabase\realtime-js\dist\main\lib\constants.d.ts.map",".map","1"
"C:\Projects\E-Commerce\frontend\node_modules\@supabase\realtime-js\dist\main\lib\constants.js",".js","50"
"C:\Projects\E-Commerce\frontend\node_modules\@supabase\realtime-js\dist\main\lib\constants.js.map",".map","1"
"C:\Projects\E-Commerce\frontend\node_modules\@supabase\realtime-js\dist\main\lib\normalizeChannelError.d.ts",".ts","10"
"C:\Projects\E-Commerce\frontend\node_modules\@supabase\realtime-js\dist\main\lib\normalizeChannelError.d.ts.map",".map","1"
"C:\Projects\E-Commerce\frontend\node_modules\@supabase\realtime-js\dist\main\lib\normalizeChannelError.js",".js","29"
"C:\Projects\E-Commerce\frontend\node_modules\@supabase\realtime-js\dist\main\lib\normalizeChannelError.js.map",".map","1"
"C:\Projects\E-Commerce\frontend\node_modules\@supabase\realtime-js\dist\main\lib\serializer.d.ts",".ts","33"
"C:\Projects\E-Commerce\frontend\node_modules\@supabase\realtime-js\dist\main\lib\serializer.d.ts.map",".map","1"
"C:\Projects\E-Commerce\frontend\node_modules\@supabase\realtime-js\dist\main\lib\serializer.js",".js","166"
"C:\Projects\E-Commerce\frontend\node_modules\@supabase\realtime-js\dist\main\lib\serializer.js.map",".map","1"
"C:\Projects\E-Commerce\frontend\node_modules\@supabase\realtime-js\dist\main\lib\transformers.d.ts",".ts","109"
"C:\Projects\E-Commerce\frontend\node_modules\@supabase\realtime-js\dist\main\lib\transformers.d.ts.map",".map","1"
"C:\Projects\E-Commerce\frontend\node_modules\@supabase\realtime-js\dist\main\lib\transformers.js",".js","241"
"C:\Projects\E-Commerce\frontend\node_modules\@supabase\realtime-js\dist\main\lib\transformers.js.map",".map","1"
"C:\Projects\E-Commerce\frontend\node_modules\@supabase\realtime-js\dist\main\lib\version.d.ts",".ts","2"
"C:\Projects\E-Commerce\frontend\node_modules\@supabase\realtime-js\dist\main\lib\version.d.ts.map",".map","1"
"C:\Projects\E-Commerce\frontend\node_modules\@supabase\realtime-js\dist\main\lib\version.js",".js","11"
"C:\Projects\E-Commerce\frontend\node_modules\@supabase\realtime-js\dist\main\lib\version.js.map",".map","1"
"C:\Projects\E-Commerce\frontend\node_modules\@supabase\realtime-js\dist\main\lib\websocket-factory.d.ts",".ts","82"
"C:\Projects\E-Commerce\frontend\node_modules\@supabase\realtime-js\dist\main\lib\websocket-factory.d.ts.map",".map","1"
"C:\Projects\E-Commerce\frontend\node_modules\@supabase\realtime-js\dist\main\lib\websocket-factory.js",".js","113"
"C:\Projects\E-Commerce\frontend\node_modules\@supabase\realtime-js\dist\main\lib\websocket-factory.js.map",".map","1"
"C:\Projects\E-Commerce\frontend\node_modules\@supabase\realtime-js\dist\main\phoenix\channelAdapter.d.ts",".ts","32"
"C:\Projects\E-Commerce\frontend\node_modules\@supabase\realtime-js\dist\main\phoenix\channelAdapter.d.ts.map",".map","1"
"C:\Projects\E-Commerce\frontend\node_modules\@supabase\realtime-js\dist\main\phoenix\channelAdapter.js",".js","103"
"C:\Projects\E-Commerce\frontend\node_modules\@supabase\realtime-js\dist\main\phoenix\channelAdapter.js.map",".map","1"
"C:\Projects\E-Commerce\frontend\node_modules\@supabase\realtime-js\dist\main\phoenix\presenceAdapter.d.ts",".ts","53"
"C:\Projects\E-Commerce\frontend\node_modules\@supabase\realtime-js\dist\main\phoenix\presenceAdapter.d.ts.map",".map","1"
"C:\Projects\E-Commerce\frontend\node_modules\@supabase\realtime-js\dist\main\phoenix\presenceAdapter.js",".js","96"
"C:\Projects\E-Commerce\frontend\node_modules\@supabase\realtime-js\dist\main\phoenix\presenceAdapter.js.map",".map","1"
"C:\Projects\E-Commerce\frontend\node_modules\@supabase\realtime-js\dist\main\phoenix\socketAdapter.d.ts",".ts","39"
"C:\Projects\E-Commerce\frontend\node_modules\@supabase\realtime-js\dist\main\phoenix\socketAdapter.d.ts.map",".map","1"
"C:\Projects\E-Commerce\frontend\node_modules\@supabase\realtime-js\dist\main\phoenix\socketAdapter.js",".js","117"
"C:\Projects\E-Commerce\frontend\node_modules\@supabase\realtime-js\dist\main\phoenix\socketAdapter.js.map",".map","1"
"C:\Projects\E-Commerce\frontend\node_modules\@supabase\realtime-js\dist\main\phoenix\types.d.ts",".ts","5"
"C:\Projects\E-Commerce\frontend\node_modules\@supabase\realtime-js\dist\main\phoenix\types.d.ts.map",".map","1"
"C:\Projects\E-Commerce\frontend\node_modules\@supabase\realtime-js\dist\main\phoenix\types.js",".js","3"
"C:\Projects\E-Commerce\frontend\node_modules\@supabase\realtime-js\dist\main\phoenix\types.js.map",".map","1"
"C:\Projects\E-Commerce\frontend\node_modules\@supabase\realtime-js\dist\main\index.d.ts",".ts","6"
"C:\Projects\E-Commerce\frontend\node_modules\@supabase\realtime-js\dist\main\index.d.ts.map",".map","1"
"C:\Projects\E-Commerce\frontend\node_modules\@supabase\realtime-js\dist\main\index.js",".js","20"
"C:\Projects\E-Commerce\frontend\node_modules\@supabase\realtime-js\dist\main\index.js.map",".map","1"
"C:\Projects\E-Commerce\frontend\node_modules\@supabase\realtime-js\dist\main\RealtimeChannel.d.ts",".ts","603"
"C:\Projects\E-Commerce\frontend\node_modules\@supabase\realtime-js\dist\main\RealtimeChannel.d.ts.map",".map","1"
"C:\Projects\E-Commerce\frontend\node_modules\@supabase\realtime-js\dist\main\RealtimeChannel.js",".js","799"
"C:\Projects\E-Commerce\frontend\node_modules\@supabase\realtime-js\dist\main\RealtimeChannel.js.map",".map","1"
"C:\Projects\E-Commerce\frontend\node_modules\@supabase\realtime-js\dist\main\RealtimeClient.d.ts",".ts","285"
"C:\Projects\E-Commerce\frontend\node_modules\@supabase\realtime-js\dist\main\RealtimeClient.d.ts.map",".map","1"
"C:\Projects\E-Commerce\frontend\node_modules\@supabase\realtime-js\dist\main\RealtimeClient.js",".js","707"
"C:\Projects\E-Commerce\frontend\node_modules\@supabase\realtime-js\dist\main\RealtimeClient.js.map",".map","1"
"C:\Projects\E-Commerce\frontend\node_modules\@supabase\realtime-js\dist\main\RealtimePostgresFilterBuilder.d.ts",".ts","132"
"C:\Projects\E-Commerce\frontend\node_modules\@supabase\realtime-js\dist\main\RealtimePostgresFilterBuilder.d.ts.map",".map","1"
"C:\Projects\E-Commerce\frontend\node_modules\@supabase\realtime-js\dist\main\RealtimePostgresFilterBuilder.js",".js","165"
"C:\Projects\E-Commerce\frontend\node_modules\@supabase\realtime-js\dist\main\RealtimePostgresFilterBuilder.js.map",".map","1"
"C:\Projects\E-Commerce\frontend\node_modules\@supabase\realtime-js\dist\main\RealtimePresence.d.ts",".ts","62"
"C:\Projects\E-Commerce\frontend\node_modules\@supabase\realtime-js\dist\main\RealtimePresence.d.ts.map",".map","1"
"C:\Projects\E-Commerce\frontend\node_modules\@supabase\realtime-js\dist\main\RealtimePresence.js",".js","43"
"C:\Projects\E-Commerce\frontend\node_modules\@supabase\realtime-js\dist\main\RealtimePresence.js.map",".map","1"
"C:\Projects\E-Commerce\frontend\node_modules\@supabase\realtime-js\dist\module\lib\constants.d.ts",".ts","50"
"C:\Projects\E-Commerce\frontend\node_modules\@supabase\realtime-js\dist\module\lib\constants.d.ts.map",".map","1"
"C:\Projects\E-Commerce\frontend\node_modules\@supabase\realtime-js\dist\module\lib\constants.js",".js","47"
"C:\Projects\E-Commerce\frontend\node_modules\@supabase\realtime-js\dist\module\lib\constants.js.map",".map","1"
"C:\Projects\E-Commerce\frontend\node_modules\@supabase\realtime-js\dist\module\lib\normalizeChannelError.d.ts",".ts","10"
"C:\Projects\E-Commerce\frontend\node_modules\@supabase\realtime-js\dist\module\lib\normalizeChannelError.d.ts.map",".map","1"
"C:\Projects\E-Commerce\frontend\node_modules\@supabase\realtime-js\dist\module\lib\normalizeChannelError.js",".js","26"
"C:\Projects\E-Commerce\frontend\node_modules\@supabase\realtime-js\dist\module\lib\normalizeChannelError.js.map",".map","1"
"C:\Projects\E-Commerce\frontend\node_modules\@supabase\realtime-js\dist\module\lib\serializer.d.ts",".ts","33"
"C:\Projects\E-Commerce\frontend\node_modules\@supabase\realtime-js\dist\module\lib\serializer.d.ts.map",".map","1"
"C:\Projects\E-Commerce\frontend\node_modules\@supabase\realtime-js\dist\module\lib\serializer.js",".js","163"
"C:\Projects\E-Commerce\frontend\node_modules\@supabase\realtime-js\dist\module\lib\serializer.js.map",".map","1"
"C:\Projects\E-Commerce\frontend\node_modules\@supabase\realtime-js\dist\module\lib\transformers.d.ts",".ts","109"
"C:\Projects\E-Commerce\frontend\node_modules\@supabase\realtime-js\dist\module\lib\transformers.d.ts.map",".map","1"
"C:\Projects\E-Commerce\frontend\node_modules\@supabase\realtime-js\dist\module\lib\transformers.js",".js","229"
"C:\Projects\E-Commerce\frontend\node_modules\@supabase\realtime-js\dist\module\lib\transformers.js.map",".map","1"
"C:\Projects\E-Commerce\frontend\node_modules\@supabase\realtime-js\dist\module\lib\version.d.ts",".ts","2"
"C:\Projects\E-Commerce\frontend\node_modules\@supabase\realtime-js\dist\module\lib\version.d.ts.map",".map","1"
"C:\Projects\E-Commerce\frontend\node_modules\@supabase\realtime-js\dist\module\lib\version.js",".js","8"
"C:\Projects\E-Commerce\frontend\node_modules\@supabase\realtime-js\dist\module\lib\version.js.map",".map","1"
"C:\Projects\E-Commerce\frontend\node_modules\@supabase\realtime-js\dist\module\lib\websocket-factory.d.ts",".ts","82"
"C:\Projects\E-Commerce\frontend\node_modules\@supabase\realtime-js\dist\module\lib\websocket-factory.d.ts.map",".map","1"
"C:\Projects\E-Commerce\frontend\node_modules\@supabase\realtime-js\dist\module\lib\websocket-factory.js",".js","109"
"C:\Projects\E-Commerce\frontend\node_modules\@supabase\realtime-js\dist\module\lib\websocket-factory.js.map",".map","1"
"C:\Projects\E-Commerce\frontend\node_modules\@supabase\realtime-js\dist\module\phoenix\channelAdapter.d.ts",".ts","32"
"C:\Projects\E-Commerce\frontend\node_modules\@supabase\realtime-js\dist\module\phoenix\channelAdapter.d.ts.map",".map","1"
"C:\Projects\E-Commerce\frontend\node_modules\@supabase\realtime-js\dist\module\phoenix\channelAdapter.js",".js","100"
"C:\Projects\E-Commerce\frontend\node_modules\@supabase\realtime-js\dist\module\phoenix\channelAdapter.js.map",".map","1"
"C:\Projects\E-Commerce\frontend\node_modules\@supabase\realtime-js\dist\module\phoenix\presenceAdapter.d.ts",".ts","53"
"C:\Projects\E-Commerce\frontend\node_modules\@supabase\realtime-js\dist\module\phoenix\presenceAdapter.d.ts.map",".map","1"
"C:\Projects\E-Commerce\frontend\node_modules\@supabase\realtime-js\dist\module\phoenix\presenceAdapter.js",".js","93"
"C:\Projects\E-Commerce\frontend\node_modules\@supabase\realtime-js\dist\module\phoenix\presenceAdapter.js.map",".map","1"
"C:\Projects\E-Commerce\frontend\node_modules\@supabase\realtime-js\dist\module\phoenix\socketAdapter.d.ts",".ts","39"
"C:\Projects\E-Commerce\frontend\node_modules\@supabase\realtime-js\dist\module\phoenix\socketAdapter.d.ts.map",".map","1"
"C:\Projects\E-Commerce\frontend\node_modules\@supabase\realtime-js\dist\module\phoenix\socketAdapter.js",".js","114"
"C:\Projects\E-Commerce\frontend\node_modules\@supabase\realtime-js\dist\module\phoenix\socketAdapter.js.map",".map","1"
"C:\Projects\E-Commerce\frontend\node_modules\@supabase\realtime-js\dist\module\phoenix\types.d.ts",".ts","5"
"C:\Projects\E-Commerce\frontend\node_modules\@supabase\realtime-js\dist\module\phoenix\types.d.ts.map",".map","1"
"C:\Projects\E-Commerce\frontend\node_modules\@supabase\realtime-js\dist\module\phoenix\types.js",".js","2"
"C:\Projects\E-Commerce\frontend\node_modules\@supabase\realtime-js\dist\module\phoenix\types.js.map",".map","1"
"C:\Projects\E-Commerce\frontend\node_modules\@supabase\realtime-js\dist\module\index.d.ts",".ts","6"
"C:\Projects\E-Commerce\frontend\node_modules\@supabase\realtime-js\dist\module\index.d.ts.map",".map","1"
"C:\Projects\E-Commerce\frontend\node_modules\@supabase\realtime-js\dist\module\index.js",".js","6"
"C:\Projects\E-Commerce\frontend\node_modules\@supabase\realtime-js\dist\module\index.js.map",".map","1"
"C:\Projects\E-Commerce\frontend\node_modules\@supabase\realtime-js\dist\module\RealtimeChannel.d.ts",".ts","603"
"C:\Projects\E-Commerce\frontend\node_modules\@supabase\realtime-js\dist\module\RealtimeChannel.d.ts.map",".map","1"
"C:\Projects\E-Commerce\frontend\node_modules\@supabase\realtime-js\dist\module\RealtimeChannel.js",".js","792"
"C:\Projects\E-Commerce\frontend\node_modules\@supabase\realtime-js\dist\module\RealtimeChannel.js.map",".map","1"
"C:\Projects\E-Commerce\frontend\node_modules\@supabase\realtime-js\dist\module\RealtimeClient.d.ts",".ts","285"
"C:\Projects\E-Commerce\frontend\node_modules\@supabase\realtime-js\dist\module\RealtimeClient.d.ts.map",".map","1"
"C:\Projects\E-Commerce\frontend\node_modules\@supabase\realtime-js\dist\module\RealtimeClient.js",".js","703"
"C:\Projects\E-Commerce\frontend\node_modules\@supabase\realtime-js\dist\module\RealtimeClient.js.map",".map","1"
"C:\Projects\E-Commerce\frontend\node_modules\@supabase\realtime-js\dist\module\RealtimePostgresFilterBuilder.d.ts",".ts","132"
"C:\Projects\E-Commerce\frontend\node_modules\@supabase\realtime-js\dist\module\RealtimePostgresFilterBuilder.d.ts.map",".map","1"
"C:\Projects\E-Commerce\frontend\node_modules\@supabase\realtime-js\dist\module\RealtimePostgresFilterBuilder.js",".js","160"
"C:\Projects\E-Commerce\frontend\node_modules\@supabase\realtime-js\dist\module\RealtimePostgresFilterBuilder.js.map",".map","1"
"C:\Projects\E-Commerce\frontend\node_modules\@supabase\realtime-js\dist\module\RealtimePresence.d.ts",".ts","62"
"C:\Projects\E-Commerce\frontend\node_modules\@supabase\realtime-js\dist\module\RealtimePresence.d.ts.map",".map","1"
"C:\Projects\E-Commerce\frontend\node_modules\@supabase\realtime-js\dist\module\RealtimePresence.js",".js","38"
"C:\Projects\E-Commerce\frontend\node_modules\@supabase\realtime-js\dist\module\RealtimePresence.js.map",".map","1"
"C:\Projects\E-Commerce\frontend\node_modules\@supabase\realtime-js\dist\tsconfig.module.tsbuildinfo",".tsbuildinfo","1"
"C:\Projects\E-Commerce\frontend\node_modules\@supabase\realtime-js\dist\tsconfig.tsbuildinfo",".tsbuildinfo","1"
"C:\Projects\E-Commerce\frontend\node_modules\@supabase\realtime-js\migrations\httpsend-server-version.md",".md","56"
"C:\Projects\E-Commerce\frontend\node_modules\@supabase\realtime-js\migrations\README.md",".md","14"
"C:\Projects\E-Commerce\frontend\node_modules\@supabase\realtime-js\src\lib\constants.ts",".ts","56"
"C:\Projects\E-Commerce\frontend\node_modules\@supabase\realtime-js\src\lib\normalizeChannelError.ts",".ts","25"
"C:\Projects\E-Commerce\frontend\node_modules\@supabase\realtime-js\src\lib\serializer.ts",".ts","185"
"C:\Projects\E-Commerce\frontend\node_modules\@supabase\realtime-js\src\lib\transformers.ts",".ts","243"
"C:\Projects\E-Commerce\frontend\node_modules\@supabase\realtime-js\src\lib\version.ts",".ts","7"
"C:\Projects\E-Commerce\frontend\node_modules\@supabase\realtime-js\src\lib\websocket-factory.ts",".ts","169"
"C:\Projects\E-Commerce\frontend\node_modules\@supabase\realtime-js\src\phoenix\channelAdapter.ts",".ts","122"
"C:\Projects\E-Commerce\frontend\node_modules\@supabase\realtime-js\src\phoenix\presenceAdapter.ts",".ts","100"
"C:\Projects\E-Commerce\frontend\node_modules\@supabase\realtime-js\src\phoenix\socketAdapter.ts",".ts","138"
"C:\Projects\E-Commerce\frontend\node_modules\@supabase\realtime-js\src\phoenix\types.ts",".ts","30"
"C:\Projects\E-Commerce\frontend\node_modules\@supabase\realtime-js\src\index.ts",".ts","60"
"C:\Projects\E-Commerce\frontend\node_modules\@supabase\realtime-js\src\RealtimeChannel.ts",".ts","1276"
"C:\Projects\E-Commerce\frontend\node_modules\@supabase\realtime-js\src\RealtimeClient.ts",".ts","775"
"C:\Projects\E-Commerce\frontend\node_modules\@supabase\realtime-js\src\RealtimePostgresFilterBuilder.ts",".ts","224"
"C:\Projects\E-Commerce\frontend\node_modules\@supabase\realtime-js\src\RealtimePresence.ts",".ts","61"
"C:\Projects\E-Commerce\frontend\node_modules\@supabase\realtime-js\AGENTS.md",".md","7"
"C:\Projects\E-Commerce\frontend\node_modules\@supabase\realtime-js\LICENSE","","17"
"C:\Projects\E-Commerce\frontend\node_modules\@supabase\realtime-js\package.json",".json","63"
"C:\Projects\E-Commerce\frontend\node_modules\@supabase\realtime-js\README.md",".md","329"
"C:\Projects\E-Commerce\frontend\node_modules\@supabase\storage-js\dist\umd\supabase.js",".js","1"
"C:\Projects\E-Commerce\frontend\node_modules\@supabase\storage-js\dist\index.cjs",".cjs","3290"
"C:\Projects\E-Commerce\frontend\node_modules\@supabase\storage-js\dist\index.cjs.map",".map","1"
"C:\Projects\E-Commerce\frontend\node_modules\@supabase\storage-js\dist\index.d.cts",".cts","3391"
"C:\Projects\E-Commerce\frontend\node_modules\@supabase\storage-js\dist\index.d.cts.map",".map","1"
"C:\Projects\E-Commerce\frontend\node_modules\@supabase\storage-js\dist\index.d.mts",".mts","3391"
"C:\Projects\E-Commerce\frontend\node_modules\@supabase\storage-js\dist\index.d.mts.map",".map","1"
"C:\Projects\E-Commerce\frontend\node_modules\@supabase\storage-js\dist\index.mjs",".mjs","3274"
"C:\Projects\E-Commerce\frontend\node_modules\@supabase\storage-js\dist\index.mjs.map",".map","1"
"C:\Projects\E-Commerce\frontend\node_modules\@supabase\storage-js\migrations\README.md",".md","14"
"C:\Projects\E-Commerce\frontend\node_modules\@supabase\storage-js\src\lib\common\BaseApiClient.ts",".ts","99"
"C:\Projects\E-Commerce\frontend\node_modules\@supabase\storage-js\src\lib\common\errors.ts",".ts","156"
"C:\Projects\E-Commerce\frontend\node_modules\@supabase\storage-js\src\lib\common\fetch.ts",".ts","279"
"C:\Projects\E-Commerce\frontend\node_modules\@supabase\storage-js\src\lib\common\headers.ts",".ts","40"
"C:\Projects\E-Commerce\frontend\node_modules\@supabase\storage-js\src\lib\common\helpers.ts",".ts","144"
"C:\Projects\E-Commerce\frontend\node_modules\@supabase\storage-js\src\lib\constants.ts",".ts","4"
"C:\Projects\E-Commerce\frontend\node_modules\@supabase\storage-js\src\lib\types.ts",".ts","727"
"C:\Projects\E-Commerce\frontend\node_modules\@supabase\storage-js\src\lib\version.ts",".ts","7"
"C:\Projects\E-Commerce\frontend\node_modules\@supabase\storage-js\src\packages\BlobDownloadBuilder.ts",".ts","51"
"C:\Projects\E-Commerce\frontend\node_modules\@supabase\storage-js\src\packages\StorageAnalyticsClient.ts",".ts","406"
"C:\Projects\E-Commerce\frontend\node_modules\@supabase\storage-js\src\packages\StorageBucketApi.ts",".ts","665"
"C:\Projects\E-Commerce\frontend\node_modules\@supabase\storage-js\src\packages\StorageFileApi.ts",".ts","1480"
"C:\Projects\E-Commerce\frontend\node_modules\@supabase\storage-js\src\packages\StorageVectorsClient.ts",".ts","623"
"C:\Projects\E-Commerce\frontend\node_modules\@supabase\storage-js\src\packages\StreamDownloadBuilder.ts",".ts","49"
"C:\Projects\E-Commerce\frontend\node_modules\@supabase\storage-js\src\packages\VectorBucketApi.ts",".ts","68"
"C:\Projects\E-Commerce\frontend\node_modules\@supabase\storage-js\src\packages\VectorDataApi.ts",".ts","89"
"C:\Projects\E-Commerce\frontend\node_modules\@supabase\storage-js\src\packages\VectorIndexApi.ts",".ts","84"
"C:\Projects\E-Commerce\frontend\node_modules\@supabase\storage-js\src\index.ts",".ts","17"
"C:\Projects\E-Commerce\frontend\node_modules\@supabase\storage-js\src\StorageClient.ts",".ts","93"
"C:\Projects\E-Commerce\frontend\node_modules\@supabase\storage-js\AGENTS.md",".md","7"
"C:\Projects\E-Commerce\frontend\node_modules\@supabase\storage-js\LICENSE","","17"
"C:\Projects\E-Commerce\frontend\node_modules\@supabase\storage-js\package.json",".json","70"
"C:\Projects\E-Commerce\frontend\node_modules\@supabase\storage-js\README.md",".md","973"
"C:\Projects\E-Commerce\frontend\node_modules\@supabase\supabase-js\dist\umd\supabase.js",".js","11"
"C:\Projects\E-Commerce\frontend\node_modules\@supabase\supabase-js\dist\cors.cjs",".cjs","94"
"C:\Projects\E-Commerce\frontend\node_modules\@supabase\supabase-js\dist\cors.cjs.map",".map","1"
"C:\Projects\E-Commerce\frontend\node_modules\@supabase\supabase-js\dist\cors.d.cts",".cts","59"
"C:\Projects\E-Commerce\frontend\node_modules\@supabase\supabase-js\dist\cors.d.cts.map",".map","1"
"C:\Projects\E-Commerce\frontend\node_modules\@supabase\supabase-js\dist\cors.d.mts",".mts","59"
"C:\Projects\E-Commerce\frontend\node_modules\@supabase\supabase-js\dist\cors.d.mts.map",".map","1"
"C:\Projects\E-Commerce\frontend\node_modules\@supabase\supabase-js\dist\cors.mjs",".mjs","94"
"C:\Projects\E-Commerce\frontend\node_modules\@supabase\supabase-js\dist\cors.mjs.map",".map","1"
"C:\Projects\E-Commerce\frontend\node_modules\@supabase\supabase-js\dist\index.cjs",".cjs","951"
"C:\Projects\E-Commerce\frontend\node_modules\@supabase\supabase-js\dist\index.cjs.map",".map","1"
"C:\Projects\E-Commerce\frontend\node_modules\@supabase\supabase-js\dist\index.d.cts",".cts","817"
"C:\Projects\E-Commerce\frontend\node_modules\@supabase\supabase-js\dist\index.d.cts.map",".map","1"
"C:\Projects\E-Commerce\frontend\node_modules\@supabase\supabase-js\dist\index.d.mts",".mts","817"
"C:\Projects\E-Commerce\frontend\node_modules\@supabase\supabase-js\dist\index.d.mts.map",".map","1"
"C:\Projects\E-Commerce\frontend\node_modules\@supabase\supabase-js\dist\index.mjs",".mjs","898"
"C:\Projects\E-Commerce\frontend\node_modules\@supabase\supabase-js\dist\index.mjs.map",".map","1"
"C:\Projects\E-Commerce\frontend\node_modules\@supabase\supabase-js\dist\tracing.cjs",".cjs","63"
"C:\Projects\E-Commerce\frontend\node_modules\@supabase\supabase-js\dist\tracing.cjs.map",".map","1"
"C:\Projects\E-Commerce\frontend\node_modules\@supabase\supabase-js\dist\tracing.d.cts",".cts","1"
"C:\Projects\E-Commerce\frontend\node_modules\@supabase\supabase-js\dist\tracing.d.mts",".mts","1"
"C:\Projects\E-Commerce\frontend\node_modules\@supabase\supabase-js\dist\tracing.mjs",".mjs","64"
"C:\Projects\E-Commerce\frontend\node_modules\@supabase\supabase-js\dist\tracing.mjs.map",".map","1"
"C:\Projects\E-Commerce\frontend\node_modules\@supabase\supabase-js\dist\tracingRegistry.cjs",".cjs","30"
"C:\Projects\E-Commerce\frontend\node_modules\@supabase\supabase-js\dist\tracingRegistry.cjs.map",".map","1"
"C:\Projects\E-Commerce\frontend\node_modules\@supabase\supabase-js\dist\tracingRegistry.mjs",".mjs","19"
"C:\Projects\E-Commerce\frontend\node_modules\@supabase\supabase-js\dist\tracingRegistry.mjs.map",".map","1"
"C:\Projects\E-Commerce\frontend\node_modules\@supabase\supabase-js\migrations\README.md",".md","14"
"C:\Projects\E-Commerce\frontend\node_modules\@supabase\supabase-js\src\lib\rest\types\common\common.ts",".ts","78"
"C:\Projects\E-Commerce\frontend\node_modules\@supabase\supabase-js\src\lib\rest\types\common\rpc.ts",".ts","144"
"C:\Projects\E-Commerce\frontend\node_modules\@supabase\supabase-js\src\lib\constants.ts",".ts","44"
"C:\Projects\E-Commerce\frontend\node_modules\@supabase\supabase-js\src\lib\fetch.ts",".ts","179"
"C:\Projects\E-Commerce\frontend\node_modules\@supabase\supabase-js\src\lib\helpers.ts",".ts","145"
"C:\Projects\E-Commerce\frontend\node_modules\@supabase\supabase-js\src\lib\SupabaseAuthClient.ts",".ts","7"
"C:\Projects\E-Commerce\frontend\node_modules\@supabase\supabase-js\src\lib\tracingRegistry.ts",".ts","36"
"C:\Projects\E-Commerce\frontend\node_modules\@supabase\supabase-js\src\lib\types.ts",".ts","338"
"C:\Projects\E-Commerce\frontend\node_modules\@supabase\supabase-js\src\lib\version.ts",".ts","7"
"C:\Projects\E-Commerce\frontend\node_modules\@supabase\supabase-js\src\cors.ts",".ts","87"
"C:\Projects\E-Commerce\frontend\node_modules\@supabase\supabase-js\src\index.ts",".ts","99"
"C:\Projects\E-Commerce\frontend\node_modules\@supabase\supabase-js\src\SupabaseClient.ts",".ts","678"
"C:\Projects\E-Commerce\frontend\node_modules\@supabase\supabase-js\src\tracing.ts",".ts","25"
"C:\Projects\E-Commerce\frontend\node_modules\@supabase\supabase-js\AGENTS.md",".md","7"
"C:\Projects\E-Commerce\frontend\node_modules\@supabase\supabase-js\LICENSE","","17"
"C:\Projects\E-Commerce\frontend\node_modules\@supabase\supabase-js\package.json",".json","177"
"C:\Projects\E-Commerce\frontend\node_modules\@supabase\supabase-js\README.md",".md","208"
"C:\Projects\E-Commerce\frontend\node_modules\@swc\core\binding.d.ts",".ts","39"
"C:\Projects\E-Commerce\frontend\node_modules\@swc\core\binding.js",".js","337"
"C:\Projects\E-Commerce\frontend\node_modules\@swc\core\index.d.ts",".ts","104"
"C:\Projects\E-Commerce\frontend\node_modules\@swc\core\index.js",".js","466"
"C:\Projects\E-Commerce\frontend\node_modules\@swc\core\LICENSE","","169"
"C:\Projects\E-Commerce\frontend\node_modules\@swc\core\package.json",".json","119"
"C:\Projects\E-Commerce\frontend\node_modules\@swc\core\postinstall.js",".js","148"
"C:\Projects\E-Commerce\frontend\node_modules\@swc\core\README.md",".md","65"
"C:\Projects\E-Commerce\frontend\node_modules\@swc\core\spack.d.ts",".ts","51"
"C:\Projects\E-Commerce\frontend\node_modules\@swc\core\spack.js",".js","87"
"C:\Projects\E-Commerce\frontend\node_modules\@swc\core\util.d.ts",".ts","1"
"C:\Projects\E-Commerce\frontend\node_modules\@swc\core\util.js",".js","103"
"C:\Projects\E-Commerce\frontend\node_modules\@swc\core\Visitor.d.ts",".ts","218"
"C:\Projects\E-Commerce\frontend\node_modules\@swc\core\Visitor.js",".js","1399"
"C:\Projects\E-Commerce\frontend\node_modules\@swc\core-win32-x64-msvc\LICENSE","","169"
"C:\Projects\E-Commerce\frontend\node_modules\@swc\core-win32-x64-msvc\package.json",".json","43"
"C:\Projects\E-Commerce\frontend\node_modules\@swc\core-win32-x64-msvc\README.md",".md","2"
"C:\Projects\E-Commerce\frontend\node_modules\@swc\core-win32-x64-msvc\swc.win32-x64-msvc.node",".node","131447"
"C:\Projects\E-Commerce\frontend\node_modules\@swc\counter\CHANGELOG.md",".md","4"
"C:\Projects\E-Commerce\frontend\node_modules\@swc\counter\index.js",".js","1"
"C:\Projects\E-Commerce\frontend\node_modules\@swc\counter\package.json",".json","27"
"C:\Projects\E-Commerce\frontend\node_modules\@swc\counter\README.md",".md","4"
"C:\Projects\E-Commerce\frontend\node_modules\@swc\types\assumptions.d.ts",".ts","92"
"C:\Projects\E-Commerce\frontend\node_modules\@swc\types\assumptions.js",".js","2"
"C:\Projects\E-Commerce\frontend\node_modules\@swc\types\index.d.ts",".ts","2193"
"C:\Projects\E-Commerce\frontend\node_modules\@swc\types\index.js",".js","2"
"C:\Projects\E-Commerce\frontend\node_modules\@swc\types\LICENSE","","169"
"C:\Projects\E-Commerce\frontend\node_modules\@swc\types\package.json",".json","39"
"C:\Projects\E-Commerce\frontend\node_modules\@swc\types\README.md",".md","3"
"C:\Projects\E-Commerce\frontend\node_modules\@tootallnate\once\dist\index.d.ts",".ts","7"
"C:\Projects\E-Commerce\frontend\node_modules\@tootallnate\once\dist\index.js",".js","34"
"C:\Projects\E-Commerce\frontend\node_modules\@tootallnate\once\dist\index.js.map",".map","1"
"C:\Projects\E-Commerce\frontend\node_modules\@tootallnate\once\dist\overloaded-parameters.d.ts",".ts","231"
"C:\Projects\E-Commerce\frontend\node_modules\@tootallnate\once\dist\overloaded-parameters.js",".js","3"
"C:\Projects\E-Commerce\frontend\node_modules\@tootallnate\once\dist\overloaded-parameters.js.map",".map","1"
"C:\Projects\E-Commerce\frontend\node_modules\@tootallnate\once\dist\types.d.ts",".ts","18"
"C:\Projects\E-Commerce\frontend\node_modules\@tootallnate\once\dist\types.js",".js","3"
"C:\Projects\E-Commerce\frontend\node_modules\@tootallnate\once\dist\types.js.map",".map","1"
"C:\Projects\E-Commerce\frontend\node_modules\@tootallnate\once\LICENSE","","17"
"C:\Projects\E-Commerce\frontend\node_modules\@tootallnate\once\package.json",".json","56"
"C:\Projects\E-Commerce\frontend\node_modules\@tootallnate\once\README.md",".md","65"
"C:\Projects\E-Commerce\frontend\node_modules\@types\estree\flow.d.ts",".ts","128"
"C:\Projects\E-Commerce\frontend\node_modules\@types\estree\index.d.ts",".ts","586"
"C:\Projects\E-Commerce\frontend\node_modules\@types\estree\LICENSE","","17"
"C:\Projects\E-Commerce\frontend\node_modules\@types\estree\package.json",".json","27"
"C:\Projects\E-Commerce\frontend\node_modules\@types\estree\README.md",".md","11"
"C:\Projects\E-Commerce\frontend\node_modules\@vitejs\plugin-react-swc\index.cjs",".cjs","251"
"C:\Projects\E-Commerce\frontend\node_modules\@vitejs\plugin-react-swc\index.d.cts",".cts","56"
"C:\Projects\E-Commerce\frontend\node_modules\@vitejs\plugin-react-swc\index.d.ts",".ts","56"
"C:\Projects\E-Commerce\frontend\node_modules\@vitejs\plugin-react-swc\index.js",".js","228"
"C:\Projects\E-Commerce\frontend\node_modules\@vitejs\plugin-react-swc\LICENSE","","17"
"C:\Projects\E-Commerce\frontend\node_modules\@vitejs\plugin-react-swc\package.json",".json","41"
"C:\Projects\E-Commerce\frontend\node_modules\@vitejs\plugin-react-swc\README.md",".md","88"
"C:\Projects\E-Commerce\frontend\node_modules\@vitejs\plugin-react-swc\refresh-runtime.js",".js","609"
"C:\Projects\E-Commerce\frontend\node_modules\abab\lib\atob.js",".js","96"
"C:\Projects\E-Commerce\frontend\node_modules\abab\lib\btoa.js",".js","56"
"C:\Projects\E-Commerce\frontend\node_modules\abab\index.d.ts",".ts","2"
"C:\Projects\E-Commerce\frontend\node_modules\abab\index.js",".js","7"
"C:\Projects\E-Commerce\frontend\node_modules\abab\LICENSE.md",".md","8"
"C:\Projects\E-Commerce\frontend\node_modules\abab\package.json",".json","42"
"C:\Projects\E-Commerce\frontend\node_modules\abab\README.md",".md","32"
"C:\Projects\E-Commerce\frontend\node_modules\acorn\bin\acorn","","3"
"C:\Projects\E-Commerce\frontend\node_modules\acorn\dist\acorn.d.mts",".mts","769"
"C:\Projects\E-Commerce\frontend\node_modules\acorn\dist\acorn.d.ts",".ts","769"
"C:\Projects\E-Commerce\frontend\node_modules\acorn\dist\acorn.js",".js","5588"
"C:\Projects\E-Commerce\frontend\node_modules\acorn\dist\acorn.mjs",".mjs","5561"
"C:\Projects\E-Commerce\frontend\node_modules\acorn\dist\bin.js",".js","82"
"C:\Projects\E-Commerce\frontend\node_modules\acorn\CHANGELOG.md",".md","501"
"C:\Projects\E-Commerce\frontend\node_modules\acorn\LICENSE","","17"
"C:\Projects\E-Commerce\frontend\node_modules\acorn\package.json",".json","50"
"C:\Projects\E-Commerce\frontend\node_modules\acorn\README.md",".md","233"
"C:\Projects\E-Commerce\frontend\node_modules\acorn-globals\node_modules\.bin\acorn","","14"
"C:\Projects\E-Commerce\frontend\node_modules\acorn-globals\node_modules\.bin\acorn.cmd",".cmd","15"
"C:\Projects\E-Commerce\frontend\node_modules\acorn-globals\node_modules\.bin\acorn.ps1",".ps1","27"
"C:\Projects\E-Commerce\frontend\node_modules\acorn-globals\node_modules\acorn\bin\acorn","","3"
"C:\Projects\E-Commerce\frontend\node_modules\acorn-globals\node_modules\acorn\dist\acorn.d.ts",".ts","186"
"C:\Projects\E-Commerce\frontend\node_modules\acorn-globals\node_modules\acorn\dist\acorn.js",".js","4556"
"C:\Projects\E-Commerce\frontend\node_modules\acorn-globals\node_modules\acorn\dist\acorn.js.map",".map","1"
"C:\Projects\E-Commerce\frontend\node_modules\acorn-globals\node_modules\acorn\dist\acorn.mjs",".mjs","4528"
"C:\Projects\E-Commerce\frontend\node_modules\acorn-globals\node_modules\acorn\dist\acorn.mjs.d.ts",".ts","2"
"C:\Projects\E-Commerce\frontend\node_modules\acorn-globals\node_modules\acorn\dist\acorn.mjs.map",".map","1"
"C:\Projects\E-Commerce\frontend\node_modules\acorn-globals\node_modules\acorn\dist\bin.js",".js","58"
"C:\Projects\E-Commerce\frontend\node_modules\acorn-globals\node_modules\acorn\CHANGELOG.md",".md","312"
"C:\Projects\E-Commerce\frontend\node_modules\acorn-globals\node_modules\acorn\LICENSE","","17"
"C:\Projects\E-Commerce\frontend\node_modules\acorn-globals\node_modules\acorn\package.json",".json","35"
"C:\Projects\E-Commerce\frontend\node_modules\acorn-globals\node_modules\acorn\README.md",".md","206"
"C:\Projects\E-Commerce\frontend\node_modules\acorn-globals\index.js",".js","174"
"C:\Projects\E-Commerce\frontend\node_modules\acorn-globals\LICENSE","","16"
"C:\Projects\E-Commerce\frontend\node_modules\acorn-globals\package.json",".json","35"
"C:\Projects\E-Commerce\frontend\node_modules\acorn-globals\README.md",".md","57"
"C:\Projects\E-Commerce\frontend\node_modules\acorn-walk\dist\walk.d.ts",".ts","96"
"C:\Projects\E-Commerce\frontend\node_modules\acorn-walk\dist\walk.js",".js","419"
"C:\Projects\E-Commerce\frontend\node_modules\acorn-walk\dist\walk.js.map",".map","1"
"C:\Projects\E-Commerce\frontend\node_modules\acorn-walk\dist\walk.mjs",".mjs","402"
"C:\Projects\E-Commerce\frontend\node_modules\acorn-walk\dist\walk.mjs.map",".map","1"
"C:\Projects\E-Commerce\frontend\node_modules\acorn-walk\CHANGELOG.md",".md","66"
"C:\Projects\E-Commerce\frontend\node_modules\acorn-walk\LICENSE","","16"
"C:\Projects\E-Commerce\frontend\node_modules\acorn-walk\package.json",".json","34"
"C:\Projects\E-Commerce\frontend\node_modules\acorn-walk\README.md",".md","100"
"C:\Projects\E-Commerce\frontend\node_modules\agent-base\dist\src\index.d.ts",".ts","78"
"C:\Projects\E-Commerce\frontend\node_modules\agent-base\dist\src\index.js",".js","203"
"C:\Projects\E-Commerce\frontend\node_modules\agent-base\dist\src\index.js.map",".map","1"
"C:\Projects\E-Commerce\frontend\node_modules\agent-base\dist\src\promisify.d.ts",".ts","4"
"C:\Projects\E-Commerce\frontend\node_modules\agent-base\dist\src\promisify.js",".js","18"
"C:\Projects\E-Commerce\frontend\node_modules\agent-base\dist\src\promisify.js.map",".map","1"
"C:\Projects\E-Commerce\frontend\node_modules\agent-base\src\index.ts",".ts","295"
"C:\Projects\E-Commerce\frontend\node_modules\agent-base\src\promisify.ts",".ts","31"
"C:\Projects\E-Commerce\frontend\node_modules\agent-base\package.json",".json","64"
"C:\Projects\E-Commerce\frontend\node_modules\agent-base\README.md",".md","108"
"C:\Projects\E-Commerce\frontend\node_modules\any-promise\register\bluebird.d.ts",".ts","1"
"C:\Projects\E-Commerce\frontend\node_modules\any-promise\register\bluebird.js",".js","2"
"C:\Projects\E-Commerce\frontend\node_modules\any-promise\register\es6-promise.d.ts",".ts","1"
"C:\Projects\E-Commerce\frontend\node_modules\any-promise\register\es6-promise.js",".js","2"
"C:\Projects\E-Commerce\frontend\node_modules\any-promise\register\lie.d.ts",".ts","1"
"C:\Projects\E-Commerce\frontend\node_modules\any-promise\register\lie.js",".js","2"
"C:\Projects\E-Commerce\frontend\node_modules\any-promise\register\native-promise-only.d.ts",".ts","1"
"C:\Projects\E-Commerce\frontend\node_modules\any-promise\register\native-promise-only.js",".js","2"
"C:\Projects\E-Commerce\frontend\node_modules\any-promise\register\pinkie.d.ts",".ts","1"
"C:\Projects\E-Commerce\frontend\node_modules\any-promise\register\pinkie.js",".js","2"
"C:\Projects\E-Commerce\frontend\node_modules\any-promise\register\promise.d.ts",".ts","1"
"C:\Projects\E-Commerce\frontend\node_modules\any-promise\register\promise.js",".js","2"
"C:\Projects\E-Commerce\frontend\node_modules\any-promise\register\q.d.ts",".ts","1"
"C:\Projects\E-Commerce\frontend\node_modules\any-promise\register\q.js",".js","2"
"C:\Projects\E-Commerce\frontend\node_modules\any-promise\register\rsvp.d.ts",".ts","1"
"C:\Projects\E-Commerce\frontend\node_modules\any-promise\register\rsvp.js",".js","2"
"C:\Projects\E-Commerce\frontend\node_modules\any-promise\register\vow.d.ts",".ts","1"
"C:\Projects\E-Commerce\frontend\node_modules\any-promise\register\vow.js",".js","2"
"C:\Projects\E-Commerce\frontend\node_modules\any-promise\register\when.d.ts",".ts","1"
"C:\Projects\E-Commerce\frontend\node_modules\any-promise\register\when.js",".js","2"
"C:\Projects\E-Commerce\frontend\node_modules\any-promise\.jshintrc",".jshintrc","4"
"C:\Projects\E-Commerce\frontend\node_modules\any-promise\.npmignore",".npmignore","7"
"C:\Projects\E-Commerce\frontend\node_modules\any-promise\implementation.d.ts",".ts","2"
"C:\Projects\E-Commerce\frontend\node_modules\any-promise\implementation.js",".js","1"
"C:\Projects\E-Commerce\frontend\node_modules\any-promise\index.d.ts",".ts","65"
"C:\Projects\E-Commerce\frontend\node_modules\any-promise\index.js",".js","1"
"C:\Projects\E-Commerce\frontend\node_modules\any-promise\LICENSE","","16"
"C:\Projects\E-Commerce\frontend\node_modules\any-promise\loader.js",".js","72"
"C:\Projects\E-Commerce\frontend\node_modules\any-promise\optional.js",".js","6"
"C:\Projects\E-Commerce\frontend\node_modules\any-promise\package.json",".json","45"
"C:\Projects\E-Commerce\frontend\node_modules\any-promise\README.md",".md","98"
"C:\Projects\E-Commerce\frontend\node_modules\any-promise\register-shim.js",".js","17"
"C:\Projects\E-Commerce\frontend\node_modules\any-promise\register.d.ts",".ts","13"
"C:\Projects\E-Commerce\frontend\node_modules\any-promise\register.js",".js","87"
"C:\Projects\E-Commerce\frontend\node_modules\anymatch\index.d.ts",".ts","17"
"C:\Projects\E-Commerce\frontend\node_modules\anymatch\index.js",".js","91"
"C:\Projects\E-Commerce\frontend\node_modules\anymatch\LICENSE","","12"
"C:\Projects\E-Commerce\frontend\node_modules\anymatch\package.json",".json","48"
"C:\Projects\E-Commerce\frontend\node_modules\anymatch\README.md",".md","68"
"C:\Projects\E-Commerce\frontend\node_modules\arg\index.d.ts",".ts","34"
"C:\Projects\E-Commerce\frontend\node_modules\arg\index.js",".js","166"
"C:\Projects\E-Commerce\frontend\node_modules\arg\LICENSE.md",".md","17"
"C:\Projects\E-Commerce\frontend\node_modules\arg\package.json",".json","28"
"C:\Projects\E-Commerce\frontend\node_modules\arg\README.md",".md","244"
"C:\Projects\E-Commerce\frontend\node_modules\asynckit\lib\abort.js",".js","26"
"C:\Projects\E-Commerce\frontend\node_modules\asynckit\lib\async.js",".js","30"
"C:\Projects\E-Commerce\frontend\node_modules\asynckit\lib\defer.js",".js","24"
"C:\Projects\E-Commerce\frontend\node_modules\asynckit\lib\iterate.js",".js","66"
"C:\Projects\E-Commerce\frontend\node_modules\asynckit\lib\readable_asynckit.js",".js","78"
"C:\Projects\E-Commerce\frontend\node_modules\asynckit\lib\readable_parallel.js",".js","21"
"C:\Projects\E-Commerce\frontend\node_modules\asynckit\lib\readable_serial.js",".js","21"
"C:\Projects\E-Commerce\frontend\node_modules\asynckit\lib\readable_serial_ordered.js",".js","25"
"C:\Projects\E-Commerce\frontend\node_modules\asynckit\lib\state.js",".js","34"
"C:\Projects\E-Commerce\frontend\node_modules\asynckit\lib\streamify.js",".js","123"
"C:\Projects\E-Commerce\frontend\node_modules\asynckit\lib\terminator.js",".js","24"
"C:\Projects\E-Commerce\frontend\node_modules\asynckit\bench.js",".js","65"
"C:\Projects\E-Commerce\frontend\node_modules\asynckit\index.js",".js","6"
"C:\Projects\E-Commerce\frontend\node_modules\asynckit\LICENSE","","17"
"C:\Projects\E-Commerce\frontend\node_modules\asynckit\package.json",".json","63"
"C:\Projects\E-Commerce\frontend\node_modules\asynckit\parallel.js",".js","37"
"C:\Projects\E-Commerce\frontend\node_modules\asynckit\README.md",".md","173"
"C:\Projects\E-Commerce\frontend\node_modules\asynckit\serial.js",".js","15"
"C:\Projects\E-Commerce\frontend\node_modules\asynckit\serialOrdered.js",".js","65"
"C:\Projects\E-Commerce\frontend\node_modules\asynckit\stream.js",".js","18"
"C:\Projects\E-Commerce\frontend\node_modules\autoprefixer\bin\autoprefixer","","21"
"C:\Projects\E-Commerce\frontend\node_modules\autoprefixer\data\prefixes.js",".js","979"
"C:\Projects\E-Commerce\frontend\node_modules\autoprefixer\lib\hacks\align-content.js",".js","43"
"C:\Projects\E-Commerce\frontend\node_modules\autoprefixer\lib\hacks\align-items.js",".js","40"
"C:\Projects\E-Commerce\frontend\node_modules\autoprefixer\lib\hacks\align-self.js",".js","49"
"C:\Projects\E-Commerce\frontend\node_modules\autoprefixer\lib\hacks\animation.js",".js","14"
"C:\Projects\E-Commerce\frontend\node_modules\autoprefixer\lib\hacks\appearance.js",".js","19"
"C:\Projects\E-Commerce\frontend\node_modules\autoprefixer\lib\hacks\autofill.js",".js","21"
"C:\Projects\E-Commerce\frontend\node_modules\autoprefixer\lib\hacks\backdrop-filter.js",".js","16"
"C:\Projects\E-Commerce\frontend\node_modules\autoprefixer\lib\hacks\background-clip.js",".js","19"
"C:\Projects\E-Commerce\frontend\node_modules\autoprefixer\lib\hacks\background-size.js",".js","20"
"C:\Projects\E-Commerce\frontend\node_modules\autoprefixer\lib\hacks\block-logical.js",".js","36"
"C:\Projects\E-Commerce\frontend\node_modules\autoprefixer\lib\hacks\border-image.js",".js","12"
"C:\Projects\E-Commerce\frontend\node_modules\autoprefixer\lib\hacks\border-radius.js",".js","32"
"C:\Projects\E-Commerce\frontend\node_modules\autoprefixer\lib\hacks\break-props.js",".js","57"
"C:\Projects\E-Commerce\frontend\node_modules\autoprefixer\lib\hacks\cross-fade.js",".js","29"
"C:\Projects\E-Commerce\frontend\node_modules\autoprefixer\lib\hacks\display-flex.js",".js","56"
"C:\Projects\E-Commerce\frontend\node_modules\autoprefixer\lib\hacks\display-grid.js",".js","17"
"C:\Projects\E-Commerce\frontend\node_modules\autoprefixer\lib\hacks\file-selector-button.js",".js","21"
"C:\Projects\E-Commerce\frontend\node_modules\autoprefixer\lib\hacks\filter-value.js",".js","11"
"C:\Projects\E-Commerce\frontend\node_modules\autoprefixer\lib\hacks\filter.js",".js","16"
"C:\Projects\E-Commerce\frontend\node_modules\autoprefixer\lib\hacks\flex-basis.js",".js","34"
"C:\Projects\E-Commerce\frontend\node_modules\autoprefixer\lib\hacks\flex-direction.js",".js","64"
"C:\Projects\E-Commerce\frontend\node_modules\autoprefixer\lib\hacks\flex-flow.js",".js","46"
"C:\Projects\E-Commerce\frontend\node_modules\autoprefixer\lib\hacks\flex-grow.js",".js","26"
"C:\Projects\E-Commerce\frontend\node_modules\autoprefixer\lib\hacks\flex-shrink.js",".js","34"
"C:\Projects\E-Commerce\frontend\node_modules\autoprefixer\lib\hacks\flex-spec.js",".js","17"
"C:\Projects\E-Commerce\frontend\node_modules\autoprefixer\lib\hacks\flex-wrap.js",".js","16"
"C:\Projects\E-Commerce\frontend\node_modules\autoprefixer\lib\hacks\flex.js",".js","47"
"C:\Projects\E-Commerce\frontend\node_modules\autoprefixer\lib\hacks\fullscreen.js",".js","17"
"C:\Projects\E-Commerce\frontend\node_modules\autoprefixer\lib\hacks\gradient.js",".js","410"
"C:\Projects\E-Commerce\frontend\node_modules\autoprefixer\lib\hacks\grid-area.js",".js","26"
"C:\Projects\E-Commerce\frontend\node_modules\autoprefixer\lib\hacks\grid-column-align.js",".js","23"
"C:\Projects\E-Commerce\frontend\node_modules\autoprefixer\lib\hacks\grid-end.js",".js","42"
"C:\Projects\E-Commerce\frontend\node_modules\autoprefixer\lib\hacks\grid-row-align.js",".js","23"
"C:\Projects\E-Commerce\frontend\node_modules\autoprefixer\lib\hacks\grid-row-column.js",".js","25"
"C:\Projects\E-Commerce\frontend\node_modules\autoprefixer\lib\hacks\grid-rows-columns.js",".js","106"
"C:\Projects\E-Commerce\frontend\node_modules\autoprefixer\lib\hacks\grid-start.js",".js","28"
"C:\Projects\E-Commerce\frontend\node_modules\autoprefixer\lib\hacks\grid-template-areas.js",".js","71"
"C:\Projects\E-Commerce\frontend\node_modules\autoprefixer\lib\hacks\grid-template.js",".js","56"
"C:\Projects\E-Commerce\frontend\node_modules\autoprefixer\lib\hacks\grid-utils.js",".js","989"
"C:\Projects\E-Commerce\frontend\node_modules\autoprefixer\lib\hacks\image-rendering.js",".js","41"
"C:\Projects\E-Commerce\frontend\node_modules\autoprefixer\lib\hacks\image-set.js",".js","15"
"C:\Projects\E-Commerce\frontend\node_modules\autoprefixer\lib\hacks\inline-logical.js",".js","30"
"C:\Projects\E-Commerce\frontend\node_modules\autoprefixer\lib\hacks\intrinsic.js",".js","61"
"C:\Projects\E-Commerce\frontend\node_modules\autoprefixer\lib\hacks\justify-content.js",".js","48"
"C:\Projects\E-Commerce\frontend\node_modules\autoprefixer\lib\hacks\mask-border.js",".js","34"
"C:\Projects\E-Commerce\frontend\node_modules\autoprefixer\lib\hacks\mask-composite.js",".js","67"
"C:\Projects\E-Commerce\frontend\node_modules\autoprefixer\lib\hacks\order.js",".js","37"
"C:\Projects\E-Commerce\frontend\node_modules\autoprefixer\lib\hacks\overscroll-behavior.js",".js","28"
"C:\Projects\E-Commerce\frontend\node_modules\autoprefixer\lib\hacks\pixelated.js",".js","30"
"C:\Projects\E-Commerce\frontend\node_modules\autoprefixer\lib\hacks\place-self.js",".js","25"
"C:\Projects\E-Commerce\frontend\node_modules\autoprefixer\lib\hacks\placeholder-shown.js",".js","16"
"C:\Projects\E-Commerce\frontend\node_modules\autoprefixer\lib\hacks\placeholder.js",".js","29"
"C:\Projects\E-Commerce\frontend\node_modules\autoprefixer\lib\hacks\print-color-adjust.js",".js","21"
"C:\Projects\E-Commerce\frontend\node_modules\autoprefixer\lib\hacks\text-decoration-skip-ink.js",".js","20"
"C:\Projects\E-Commerce\frontend\node_modules\autoprefixer\lib\hacks\text-decoration.js",".js","21"
"C:\Projects\E-Commerce\frontend\node_modules\autoprefixer\lib\hacks\text-emphasis-position.js",".js","11"
"C:\Projects\E-Commerce\frontend\node_modules\autoprefixer\lib\hacks\transform-decl.js",".js","70"
"C:\Projects\E-Commerce\frontend\node_modules\autoprefixer\lib\hacks\user-select.js",".js","29"
"C:\Projects\E-Commerce\frontend\node_modules\autoprefixer\lib\hacks\writing-mode.js",".js","34"
"C:\Projects\E-Commerce\frontend\node_modules\autoprefixer\lib\at-rule.js",".js","29"
"C:\Projects\E-Commerce\frontend\node_modules\autoprefixer\lib\autoprefixer.d.ts",".ts","70"
"C:\Projects\E-Commerce\frontend\node_modules\autoprefixer\lib\autoprefixer.js",".js","140"
"C:\Projects\E-Commerce\frontend\node_modules\autoprefixer\lib\brackets.js",".js","47"
"C:\Projects\E-Commerce\frontend\node_modules\autoprefixer\lib\browsers.js",".js","66"
"C:\Projects\E-Commerce\frontend\node_modules\autoprefixer\lib\declaration.js",".js","161"
"C:\Projects\E-Commerce\frontend\node_modules\autoprefixer\lib\info.js",".js","108"
"C:\Projects\E-Commerce\frontend\node_modules\autoprefixer\lib\old-selector.js",".js","56"
"C:\Projects\E-Commerce\frontend\node_modules\autoprefixer\lib\old-value.js",".js","19"
"C:\Projects\E-Commerce\frontend\node_modules\autoprefixer\lib\prefixer.js",".js","125"
"C:\Projects\E-Commerce\frontend\node_modules\autoprefixer\lib\prefixes.js",".js","393"
"C:\Projects\E-Commerce\frontend\node_modules\autoprefixer\lib\processor.js",".js","644"
"C:\Projects\E-Commerce\frontend\node_modules\autoprefixer\lib\resolution.js",".js","84"
"C:\Projects\E-Commerce\frontend\node_modules\autoprefixer\lib\selector.js",".js","127"
"C:\Projects\E-Commerce\frontend\node_modules\autoprefixer\lib\supports.js",".js","259"
"C:\Projects\E-Commerce\frontend\node_modules\autoprefixer\lib\transition.js",".js","289"
"C:\Projects\E-Commerce\frontend\node_modules\autoprefixer\lib\utils.js",".js","82"
"C:\Projects\E-Commerce\frontend\node_modules\autoprefixer\lib\value.js",".js","102"
"C:\Projects\E-Commerce\frontend\node_modules\autoprefixer\lib\vendor.js",".js","12"
"C:\Projects\E-Commerce\frontend\node_modules\autoprefixer\LICENSE","","16"
"C:\Projects\E-Commerce\frontend\node_modules\autoprefixer\package.json",".json","48"
"C:\Projects\E-Commerce\frontend\node_modules\autoprefixer\README.md",".md","42"
"C:\Projects\E-Commerce\frontend\node_modules\axios\dist\browser\axios.cjs",".cjs","4664"
"C:\Projects\E-Commerce\frontend\node_modules\axios\dist\esm\axios.js",".js","4685"
"C:\Projects\E-Commerce\frontend\node_modules\axios\dist\esm\axios.min.js",".js","3"
"C:\Projects\E-Commerce\frontend\node_modules\axios\dist\esm\axios.min.js.map",".map","1"
"C:\Projects\E-Commerce\frontend\node_modules\axios\dist\node\axios.cjs",".cjs","6062"
"C:\Projects\E-Commerce\frontend\node_modules\axios\dist\axios.js",".js","5289"
"C:\Projects\E-Commerce\frontend\node_modules\axios\dist\axios.min.js",".js","5"
"C:\Projects\E-Commerce\frontend\node_modules\axios\dist\axios.min.js.map",".map","1"
"C:\Projects\E-Commerce\frontend\node_modules\axios\lib\adapters\adapters.js",".js","113"
"C:\Projects\E-Commerce\frontend\node_modules\axios\lib\adapters\fetch.js",".js","551"
"C:\Projects\E-Commerce\frontend\node_modules\axios\lib\adapters\http.js",".js","1234"
"C:\Projects\E-Commerce\frontend\node_modules\axios\lib\adapters\README.md",".md","28"
"C:\Projects\E-Commerce\frontend\node_modules\axios\lib\adapters\xhr.js",".js","196"
"C:\Projects\E-Commerce\frontend\node_modules\axios\lib\cancel\CanceledError.js",".js","19"
"C:\Projects\E-Commerce\frontend\node_modules\axios\lib\cancel\CancelToken.js",".js","109"
"C:\Projects\E-Commerce\frontend\node_modules\axios\lib\cancel\isCancel.js",".js","4"
"C:\Projects\E-Commerce\frontend\node_modules\axios\lib\core\Axios.js",".js","254"
"C:\Projects\E-Commerce\frontend\node_modules\axios\lib\core\AxiosError.js",".js","190"
"C:\Projects\E-Commerce\frontend\node_modules\axios\lib\core\AxiosHeaders.js",".js","362"
"C:\Projects\E-Commerce\frontend\node_modules\axios\lib\core\buildFullPath.js",".js","77"
"C:\Projects\E-Commerce\frontend\node_modules\axios\lib\core\dispatchRequest.js",".js","75"
"C:\Projects\E-Commerce\frontend\node_modules\axios\lib\core\InterceptorManager.js",".js","65"
"C:\Projects\E-Commerce\frontend\node_modules\axios\lib\core\mergeConfig.js",".js","155"
"C:\Projects\E-Commerce\frontend\node_modules\axios\lib\core\README.md",".md","6"
"C:\Projects\E-Commerce\frontend\node_modules\axios\lib\core\setFormDataHeaders.js",".js","24"
"C:\Projects\E-Commerce\frontend\node_modules\axios\lib\core\settle.js",".js","25"
"C:\Projects\E-Commerce\frontend\node_modules\axios\lib\core\transformData.js",".js","23"
"C:\Projects\E-Commerce\frontend\node_modules\axios\lib\defaults\index.js",".js","147"
"C:\Projects\E-Commerce\frontend\node_modules\axios\lib\defaults\transitional.js",".js","9"
"C:\Projects\E-Commerce\frontend\node_modules\axios\lib\env\classes\FormData.js",".js","2"
"C:\Projects\E-Commerce\frontend\node_modules\axios\lib\env\data.js",".js","1"
"C:\Projects\E-Commerce\frontend\node_modules\axios\lib\env\README.md",".md","2"
"C:\Projects\E-Commerce\frontend\node_modules\axios\lib\helpers\AxiosTransformStream.js",".js","129"
"C:\Projects\E-Commerce\frontend\node_modules\axios\lib\helpers\AxiosURLSearchParams.js",".js","50"
"C:\Projects\E-Commerce\frontend\node_modules\axios\lib\helpers\bind.js",".js","13"
"C:\Projects\E-Commerce\frontend\node_modules\axios\lib\helpers\buildURL.js",".js","59"
"C:\Projects\E-Commerce\frontend\node_modules\axios\lib\helpers\callbackify.js",".js","16"
"C:\Projects\E-Commerce\frontend\node_modules\axios\lib\helpers\combineURLs.js",".js","19"
"C:\Projects\E-Commerce\frontend\node_modules\axios\lib\helpers\composeSignals.js",".js","54"
"C:\Projects\E-Commerce\frontend\node_modules\axios\lib\helpers\cookies.js",".js","58"
"C:\Projects\E-Commerce\frontend\node_modules\axios\lib\helpers\deprecatedMethod.js",".js","28"
"C:\Projects\E-Commerce\frontend\node_modules\axios\lib\helpers\estimateDataURLDecodedBytes.js",".js","140"
"C:\Projects\E-Commerce\frontend\node_modules\axios\lib\helpers\formDataToJSON.js",".js","103"
"C:\Projects\E-Commerce\frontend\node_modules\axios\lib\helpers\formDataToStream.js",".js","91"
"C:\Projects\E-Commerce\frontend\node_modules\axios\lib\helpers\fromDataURI.js",".js","54"
"C:\Projects\E-Commerce\frontend\node_modules\axios\lib\helpers\Http2Sessions.js",".js","92"
"C:\Projects\E-Commerce\frontend\node_modules\axios\lib\helpers\HttpStatusCode.js",".js","76"
"C:\Projects\E-Commerce\frontend\node_modules\axios\lib\helpers\isAbsoluteURL.js",".js","17"
"C:\Projects\E-Commerce\frontend\node_modules\axios\lib\helpers\isAxiosError.js",".js","12"
"C:\Projects\E-Commerce\frontend\node_modules\axios\lib\helpers\isURLSameOrigin.js",".js","14"
"C:\Projects\E-Commerce\frontend\node_modules\axios\lib\helpers\null.js",".js","2"
"C:\Projects\E-Commerce\frontend\node_modules\axios\lib\helpers\parseHeaders.js",".js","63"
"C:\Projects\E-Commerce\frontend\node_modules\axios\lib\helpers\parseProtocol.js",".js","5"
"C:\Projects\E-Commerce\frontend\node_modules\axios\lib\helpers\progressEventReducer.js",".js","46"
"C:\Projects\E-Commerce\frontend\node_modules\axios\lib\helpers\readBlob.js",".js","13"
"C:\Projects\E-Commerce\frontend\node_modules\axios\lib\helpers\README.md",".md","5"
"C:\Projects\E-Commerce\frontend\node_modules\axios\lib\helpers\resolveConfig.js",".js","89"
"C:\Projects\E-Commerce\frontend\node_modules\axios\lib\helpers\sanitizeHeaderValue.js",".js","43"
"C:\Projects\E-Commerce\frontend\node_modules\axios\lib\helpers\shouldBypassProxy.js",".js","266"
"C:\Projects\E-Commerce\frontend\node_modules\axios\lib\helpers\speedometer.js",".js","41"
"C:\Projects\E-Commerce\frontend\node_modules\axios\lib\helpers\spread.js",".js","27"
"C:\Projects\E-Commerce\frontend\node_modules\axios\lib\helpers\throttle.js",".js","39"
"C:\Projects\E-Commerce\frontend\node_modules\axios\lib\helpers\toFormData.js",".js","241"
"C:\Projects\E-Commerce\frontend\node_modules\axios\lib\helpers\toURLEncodedForm.js",".js","16"
"C:\Projects\E-Commerce\frontend\node_modules\axios\lib\helpers\trackStream.js",".js","78"
"C:\Projects\E-Commerce\frontend\node_modules\axios\lib\helpers\validator.js",".js","100"
"C:\Projects\E-Commerce\frontend\node_modules\axios\lib\helpers\ZlibHeaderTransformStream.js",".js","23"
"C:\Projects\E-Commerce\frontend\node_modules\axios\lib\platform\browser\classes\Blob.js",".js","2"
"C:\Projects\E-Commerce\frontend\node_modules\axios\lib\platform\browser\classes\FormData.js",".js","2"
"C:\Projects\E-Commerce\frontend\node_modules\axios\lib\platform\browser\classes\URLSearchParams.js",".js","3"
"C:\Projects\E-Commerce\frontend\node_modules\axios\lib\platform\browser\index.js",".js","12"
"C:\Projects\E-Commerce\frontend\node_modules\axios\lib\platform\common\utils.js",".js","47"
"C:\Projects\E-Commerce\frontend\node_modules\axios\lib\platform\node\classes\Buffer.js",".js","9"
"C:\Projects\E-Commerce\frontend\node_modules\axios\lib\platform\node\classes\FormData.js",".js","2"
"C:\Projects\E-Commerce\frontend\node_modules\axios\lib\platform\node\classes\URLSearchParams.js",".js","3"
"C:\Projects\E-Commerce\frontend\node_modules\axios\lib\platform\node\index.js",".js","31"
"C:\Projects\E-Commerce\frontend\node_modules\axios\lib\platform\index.js",".js","6"
"C:\Projects\E-Commerce\frontend\node_modules\axios\lib\axios.js",".js","68"
"C:\Projects\E-Commerce\frontend\node_modules\axios\lib\utils.js",".js","916"
"C:\Projects\E-Commerce\frontend\node_modules\axios\CHANGELOG.md",".md","1243"
"C:\Projects\E-Commerce\frontend\node_modules\axios\index.d.cts",".cts","659"
"C:\Projects\E-Commerce\frontend\node_modules\axios\index.d.ts",".ts","672"
"C:\Projects\E-Commerce\frontend\node_modules\axios\index.js",".js","43"
"C:\Projects\E-Commerce\frontend\node_modules\axios\LICENSE","","4"
"C:\Projects\E-Commerce\frontend\node_modules\axios\MIGRATION_GUIDE.md",".md","751"
"C:\Projects\E-Commerce\frontend\node_modules\axios\package.json",".json","203"
"C:\Projects\E-Commerce\frontend\node_modules\axios\README.md",".md","2089"
"C:\Projects\E-Commerce\frontend\node_modules\baseline-browser-mapping\dist\cli.cjs",".cjs","2"
"C:\Projects\E-Commerce\frontend\node_modules\baseline-browser-mapping\dist\index.cjs",".cjs","1"
"C:\Projects\E-Commerce\frontend\node_modules\baseline-browser-mapping\dist\index.d.ts",".ts","28"
"C:\Projects\E-Commerce\frontend\node_modules\baseline-browser-mapping\dist\index.js",".js","1"
"C:\Projects\E-Commerce\frontend\node_modules\baseline-browser-mapping\dist\types.d.ts",".ts","121"
"C:\Projects\E-Commerce\frontend\node_modules\baseline-browser-mapping\dist\utils.d.ts",".ts","1"
"C:\Projects\E-Commerce\frontend\node_modules\baseline-browser-mapping\LICENSE.txt",".txt","169"
"C:\Projects\E-Commerce\frontend\node_modules\baseline-browser-mapping\package.json",".json","68"
"C:\Projects\E-Commerce\frontend\node_modules\baseline-browser-mapping\README.md",".md","415"
"C:\Projects\E-Commerce\frontend\node_modules\binary-extensions\binary-extensions.json",".json","263"
"C:\Projects\E-Commerce\frontend\node_modules\binary-extensions\binary-extensions.json.d.ts",".ts","2"
"C:\Projects\E-Commerce\frontend\node_modules\binary-extensions\index.d.ts",".ts","11"
"C:\Projects\E-Commerce\frontend\node_modules\binary-extensions\index.js",".js","1"
"C:\Projects\E-Commerce\frontend\node_modules\binary-extensions\license","","6"
"C:\Projects\E-Commerce\frontend\node_modules\binary-extensions\package.json",".json","40"
"C:\Projects\E-Commerce\frontend\node_modules\binary-extensions\readme.md",".md","16"
"C:\Projects\E-Commerce\frontend\node_modules\braces\lib\compile.js",".js","46"
"C:\Projects\E-Commerce\frontend\node_modules\braces\lib\constants.js",".js","51"
"C:\Projects\E-Commerce\frontend\node_modules\braces\lib\expand.js",".js","88"
"C:\Projects\E-Commerce\frontend\node_modules\braces\lib\parse.js",".js","265"
"C:\Projects\E-Commerce\frontend\node_modules\braces\lib\stringify.js",".js","25"
"C:\Projects\E-Commerce\frontend\node_modules\braces\lib\utils.js",".js","100"
"C:\Projects\E-Commerce\frontend\node_modules\braces\index.js",".js","148"
"C:\Projects\E-Commerce\frontend\node_modules\braces\LICENSE","","17"
"C:\Projects\E-Commerce\frontend\node_modules\braces\package.json",".json","77"
"C:\Projects\E-Commerce\frontend\node_modules\braces\README.md",".md","399"
"C:\Projects\E-Commerce\frontend\node_modules\browser-process-hrtime\index.d.ts",".ts","4"
"C:\Projects\E-Commerce\frontend\node_modules\browser-process-hrtime\index.js",".js","26"
"C:\Projects\E-Commerce\frontend\node_modules\browser-process-hrtime\LICENSE","","5"
"C:\Projects\E-Commerce\frontend\node_modules\browser-process-hrtime\package.json",".json","15"
"C:\Projects\E-Commerce\frontend\node_modules\browser-process-hrtime\README.md",".md","22"
"C:\Projects\E-Commerce\frontend\node_modules\browserslist\browser.js",".js","40"
"C:\Projects\E-Commerce\frontend\node_modules\browserslist\cli.js",".js","138"
"C:\Projects\E-Commerce\frontend\node_modules\browserslist\error.d.ts",".ts","6"
"C:\Projects\E-Commerce\frontend\node_modules\browserslist\error.js",".js","10"
"C:\Projects\E-Commerce\frontend\node_modules\browserslist\index.d.ts",".ts","197"
"C:\Projects\E-Commerce\frontend\node_modules\browserslist\index.js",".js","1270"
"C:\Projects\E-Commerce\frontend\node_modules\browserslist\LICENSE","","16"
"C:\Projects\E-Commerce\frontend\node_modules\browserslist\node.js",".js","447"
"C:\Projects\E-Commerce\frontend\node_modules\browserslist\package.json",".json","45"
"C:\Projects\E-Commerce\frontend\node_modules\browserslist\parse.js",".js","122"
"C:\Projects\E-Commerce\frontend\node_modules\browserslist\README.md",".md","48"
"C:\Projects\E-Commerce\frontend\node_modules\call-bind-apply-helpers\.github\FUNDING.yml",".yml","11"
"C:\Projects\E-Commerce\frontend\node_modules\call-bind-apply-helpers\test\index.js",".js","53"
"C:\Projects\E-Commerce\frontend\node_modules\call-bind-apply-helpers\.eslintrc",".eslintrc","15"
"C:\Projects\E-Commerce\frontend\node_modules\call-bind-apply-helpers\.nycrc",".nycrc","9"
"C:\Projects\E-Commerce\frontend\node_modules\call-bind-apply-helpers\actualApply.d.ts",".ts","1"
"C:\Projects\E-Commerce\frontend\node_modules\call-bind-apply-helpers\actualApply.js",".js","7"
"C:\Projects\E-Commerce\frontend\node_modules\call-bind-apply-helpers\applyBind.d.ts",".ts","14"
"C:\Projects\E-Commerce\frontend\node_modules\call-bind-apply-helpers\applyBind.js",".js","8"
"C:\Projects\E-Commerce\frontend\node_modules\call-bind-apply-helpers\CHANGELOG.md",".md","19"
"C:\Projects\E-Commerce\frontend\node_modules\call-bind-apply-helpers\functionApply.d.ts",".ts","1"
"C:\Projects\E-Commerce\frontend\node_modules\call-bind-apply-helpers\functionApply.js",".js","3"
"C:\Projects\E-Commerce\frontend\node_modules\call-bind-apply-helpers\functionCall.d.ts",".ts","1"
"C:\Projects\E-Commerce\frontend\node_modules\call-bind-apply-helpers\functionCall.js",".js","3"
"C:\Projects\E-Commerce\frontend\node_modules\call-bind-apply-helpers\index.d.ts",".ts","57"
"C:\Projects\E-Commerce\frontend\node_modules\call-bind-apply-helpers\index.js",".js","12"
"C:\Projects\E-Commerce\frontend\node_modules\call-bind-apply-helpers\LICENSE","","17"
"C:\Projects\E-Commerce\frontend\node_modules\call-bind-apply-helpers\package.json",".json","85"
"C:\Projects\E-Commerce\frontend\node_modules\call-bind-apply-helpers\README.md",".md","47"
"C:\Projects\E-Commerce\frontend\node_modules\call-bind-apply-helpers\reflectApply.d.ts",".ts","2"
"C:\Projects\E-Commerce\frontend\node_modules\call-bind-apply-helpers\reflectApply.js",".js","3"
"C:\Projects\E-Commerce\frontend\node_modules\call-bind-apply-helpers\tsconfig.json",".json","9"
"C:\Projects\E-Commerce\frontend\node_modules\camelcase-css\index-es5.js",".js","19"
"C:\Projects\E-Commerce\frontend\node_modules\camelcase-css\index.js",".js","22"
"C:\Projects\E-Commerce\frontend\node_modules\camelcase-css\license","","17"
"C:\Projects\E-Commerce\frontend\node_modules\camelcase-css\package.json",".json","34"
"C:\Projects\E-Commerce\frontend\node_modules\camelcase-css\README.md",".md","19"
"C:\Projects\E-Commerce\frontend\node_modules\caniuse-lite\data\features\aac.js",".js","1"
"C:\Projects\E-Commerce\frontend\node_modules\caniuse-lite\data\features\abortcontroller.js",".js","1"
"C:\Projects\E-Commerce\frontend\node_modules\caniuse-lite\data\features\ac3-ec3.js",".js","1"
"C:\Projects\E-Commerce\frontend\node_modules\caniuse-lite\data\features\accelerometer.js",".js","1"
"C:\Projects\E-Commerce\frontend\node_modules\caniuse-lite\data\features\addeventlistener.js",".js","1"
"C:\Projects\E-Commerce\frontend\node_modules\caniuse-lite\data\features\alternate-stylesheet.js",".js","1"
"C:\Projects\E-Commerce\frontend\node_modules\caniuse-lite\data\features\ambient-light.js",".js","1"
"C:\Projects\E-Commerce\frontend\node_modules\caniuse-lite\data\features\apng.js",".js","1"
"C:\Projects\E-Commerce\frontend\node_modules\caniuse-lite\data\features\array-find-index.js",".js","1"
"C:\Projects\E-Commerce\frontend\node_modules\caniuse-lite\data\features\array-find.js",".js","1"
"C:\Projects\E-Commerce\frontend\node_modules\caniuse-lite\data\features\array-flat.js",".js","1"
"C:\Projects\E-Commerce\frontend\node_modules\caniuse-lite\data\features\array-includes.js",".js","1"
"C:\Projects\E-Commerce\frontend\node_modules\caniuse-lite\data\features\arrow-functions.js",".js","1"
"C:\Projects\E-Commerce\frontend\node_modules\caniuse-lite\data\features\asmjs.js",".js","1"
"C:\Projects\E-Commerce\frontend\node_modules\caniuse-lite\data\features\async-clipboard.js",".js","1"
"C:\Projects\E-Commerce\frontend\node_modules\caniuse-lite\data\features\async-functions.js",".js","1"
"C:\Projects\E-Commerce\frontend\node_modules\caniuse-lite\data\features\atob-btoa.js",".js","1"
"C:\Projects\E-Commerce\frontend\node_modules\caniuse-lite\data\features\audio-api.js",".js","1"
"C:\Projects\E-Commerce\frontend\node_modules\caniuse-lite\data\features\audio.js",".js","1"
"C:\Projects\E-Commerce\frontend\node_modules\caniuse-lite\data\features\audiotracks.js",".js","1"
"C:\Projects\E-Commerce\frontend\node_modules\caniuse-lite\data\features\autofocus.js",".js","1"
"C:\Projects\E-Commerce\frontend\node_modules\caniuse-lite\data\features\auxclick.js",".js","1"
"C:\Projects\E-Commerce\frontend\node_modules\caniuse-lite\data\features\av1.js",".js","1"
"C:\Projects\E-Commerce\frontend\node_modules\caniuse-lite\data\features\avif.js",".js","1"
"C:\Projects\E-Commerce\frontend\node_modules\caniuse-lite\data\features\background-attachment.js",".js","1"
"C:\Projects\E-Commerce\frontend\node_modules\caniuse-lite\data\features\background-clip-text.js",".js","1"
"C:\Projects\E-Commerce\frontend\node_modules\caniuse-lite\data\features\background-img-opts.js",".js","1"
"C:\Projects\E-Commerce\frontend\node_modules\caniuse-lite\data\features\background-position-x-y.js",".js","1"
"C:\Projects\E-Commerce\frontend\node_modules\caniuse-lite\data\features\background-repeat-round-space.js",".js","1"
"C:\Projects\E-Commerce\frontend\node_modules\caniuse-lite\data\features\background-sync.js",".js","1"
"C:\Projects\E-Commerce\frontend\node_modules\caniuse-lite\data\features\battery-status.js",".js","1"
"C:\Projects\E-Commerce\frontend\node_modules\caniuse-lite\data\features\beacon.js",".js","1"
"C:\Projects\E-Commerce\frontend\node_modules\caniuse-lite\data\features\beforeafterprint.js",".js","1"
"C:\Projects\E-Commerce\frontend\node_modules\caniuse-lite\data\features\bigint.js",".js","1"
"C:\Projects\E-Commerce\frontend\node_modules\caniuse-lite\data\features\blobbuilder.js",".js","1"
"C:\Projects\E-Commerce\frontend\node_modules\caniuse-lite\data\features\bloburls.js",".js","1"
"C:\Projects\E-Commerce\frontend\node_modules\caniuse-lite\data\features\border-image.js",".js","1"
"C:\Projects\E-Commerce\frontend\node_modules\caniuse-lite\data\features\border-radius.js",".js","1"
"C:\Projects\E-Commerce\frontend\node_modules\caniuse-lite\data\features\broadcastchannel.js",".js","1"
"C:\Projects\E-Commerce\frontend\node_modules\caniuse-lite\data\features\brotli.js",".js","1"
"C:\Projects\E-Commerce\frontend\node_modules\caniuse-lite\data\features\calc.js",".js","1"
"C:\Projects\E-Commerce\frontend\node_modules\caniuse-lite\data\features\canvas-blending.js",".js","1"
"C:\Projects\E-Commerce\frontend\node_modules\caniuse-lite\data\features\canvas-text.js",".js","1"
"C:\Projects\E-Commerce\frontend\node_modules\caniuse-lite\data\features\canvas.js",".js","1"
"C:\Projects\E-Commerce\frontend\node_modules\caniuse-lite\data\features\ch-unit.js",".js","1"
"C:\Projects\E-Commerce\frontend\node_modules\caniuse-lite\data\features\chacha20-poly1305.js",".js","1"
"C:\Projects\E-Commerce\frontend\node_modules\caniuse-lite\data\features\channel-messaging.js",".js","1"
"C:\Projects\E-Commerce\frontend\node_modules\caniuse-lite\data\features\childnode-remove.js",".js","1"
"C:\Projects\E-Commerce\frontend\node_modules\caniuse-lite\data\features\classlist.js",".js","1"
"C:\Projects\E-Commerce\frontend\node_modules\caniuse-lite\data\features\client-hints-dpr-width-viewport.js",".js","1"
"C:\Projects\E-Commerce\frontend\node_modules\caniuse-lite\data\features\clipboard.js",".js","1"
"C:\Projects\E-Commerce\frontend\node_modules\caniuse-lite\data\features\colr-v1.js",".js","1"
"C:\Projects\E-Commerce\frontend\node_modules\caniuse-lite\data\features\colr.js",".js","1"
"C:\Projects\E-Commerce\frontend\node_modules\caniuse-lite\data\features\comparedocumentposition.js",".js","1"
"C:\Projects\E-Commerce\frontend\node_modules\caniuse-lite\data\features\console-basic.js",".js","1"
"C:\Projects\E-Commerce\frontend\node_modules\caniuse-lite\data\features\console-time.js",".js","1"
"C:\Projects\E-Commerce\frontend\node_modules\caniuse-lite\data\features\const.js",".js","1"
"C:\Projects\E-Commerce\frontend\node_modules\caniuse-lite\data\features\constraint-validation.js",".js","1"
"C:\Projects\E-Commerce\frontend\node_modules\caniuse-lite\data\features\contenteditable.js",".js","1"
"C:\Projects\E-Commerce\frontend\node_modules\caniuse-lite\data\features\contentsecuritypolicy.js",".js","1"
"C:\Projects\E-Commerce\frontend\node_modules\caniuse-lite\data\features\contentsecuritypolicy2.js",".js","1"
"C:\Projects\E-Commerce\frontend\node_modules\caniuse-lite\data\features\cookie-store-api.js",".js","1"
"C:\Projects\E-Commerce\frontend\node_modules\caniuse-lite\data\features\cors.js",".js","1"
"C:\Projects\E-Commerce\frontend\node_modules\caniuse-lite\data\features\createimagebitmap.js",".js","1"
"C:\Projects\E-Commerce\frontend\node_modules\caniuse-lite\data\features\credential-management.js",".js","1"
"C:\Projects\E-Commerce\frontend\node_modules\caniuse-lite\data\features\cross-document-view-transitions.js",".js","1"
"C:\Projects\E-Commerce\frontend\node_modules\caniuse-lite\data\features\cryptography.js",".js","1"
"C:\Projects\E-Commerce\frontend\node_modules\caniuse-lite\data\features\css-all.js",".js","1"
"C:\Projects\E-Commerce\frontend\node_modules\caniuse-lite\data\features\css-anchor-positioning.js",".js","1"
"C:\Projects\E-Commerce\frontend\node_modules\caniuse-lite\data\features\css-animation.js",".js","1"
"C:\Projects\E-Commerce\frontend\node_modules\caniuse-lite\data\features\css-any-link.js",".js","1"
"C:\Projects\E-Commerce\frontend\node_modules\caniuse-lite\data\features\css-appearance.js",".js","1"
"C:\Projects\E-Commerce\frontend\node_modules\caniuse-lite\data\features\css-at-counter-style.js",".js","1"
"C:\Projects\E-Commerce\frontend\node_modules\caniuse-lite\data\features\css-autofill.js",".js","1"
"C:\Projects\E-Commerce\frontend\node_modules\caniuse-lite\data\features\css-backdrop-filter.js",".js","1"
"C:\Projects\E-Commerce\frontend\node_modules\caniuse-lite\data\features\css-background-offsets.js",".js","1"
"C:\Projects\E-Commerce\frontend\node_modules\caniuse-lite\data\features\css-backgroundblendmode.js",".js","1"
"C:\Projects\E-Commerce\frontend\node_modules\caniuse-lite\data\features\css-boxdecorationbreak.js",".js","1"
"C:\Projects\E-Commerce\frontend\node_modules\caniuse-lite\data\features\css-boxshadow.js",".js","1"
"C:\Projects\E-Commerce\frontend\node_modules\caniuse-lite\data\features\css-canvas.js",".js","1"
"C:\Projects\E-Commerce\frontend\node_modules\caniuse-lite\data\features\css-caret-color.js",".js","1"
"C:\Projects\E-Commerce\frontend\node_modules\caniuse-lite\data\features\css-cascade-layers.js",".js","1"
"C:\Projects\E-Commerce\frontend\node_modules\caniuse-lite\data\features\css-cascade-scope.js",".js","1"
"C:\Projects\E-Commerce\frontend\node_modules\caniuse-lite\data\features\css-case-insensitive.js",".js","1"
"C:\Projects\E-Commerce\frontend\node_modules\caniuse-lite\data\features\css-clip-path.js",".js","1"
"C:\Projects\E-Commerce\frontend\node_modules\caniuse-lite\data\features\css-color-adjust.js",".js","1"
"C:\Projects\E-Commerce\frontend\node_modules\caniuse-lite\data\features\css-color-function.js",".js","1"
"C:\Projects\E-Commerce\frontend\node_modules\caniuse-lite\data\features\css-conic-gradients.js",".js","1"
"C:\Projects\E-Commerce\frontend\node_modules\caniuse-lite\data\features\css-container-queries-style.js",".js","1"
"C:\Projects\E-Commerce\frontend\node_modules\caniuse-lite\data\features\css-container-queries.js",".js","1"
"C:\Projects\E-Commerce\frontend\node_modules\caniuse-lite\data\features\css-container-query-units.js",".js","1"
"C:\Projects\E-Commerce\frontend\node_modules\caniuse-lite\data\features\css-containment.js",".js","1"
"C:\Projects\E-Commerce\frontend\node_modules\caniuse-lite\data\features\css-content-visibility.js",".js","1"
"C:\Projects\E-Commerce\frontend\node_modules\caniuse-lite\data\features\css-counters.js",".js","1"
"C:\Projects\E-Commerce\frontend\node_modules\caniuse-lite\data\features\css-crisp-edges.js",".js","1"
"C:\Projects\E-Commerce\frontend\node_modules\caniuse-lite\data\features\css-cross-fade.js",".js","1"
"C:\Projects\E-Commerce\frontend\node_modules\caniuse-lite\data\features\css-default-pseudo.js",".js","1"
"C:\Projects\E-Commerce\frontend\node_modules\caniuse-lite\data\features\css-descendant-gtgt.js",".js","1"
"C:\Projects\E-Commerce\frontend\node_modules\caniuse-lite\data\features\css-deviceadaptation.js",".js","1"
"C:\Projects\E-Commerce\frontend\node_modules\caniuse-lite\data\features\css-dir-pseudo.js",".js","1"
"C:\Projects\E-Commerce\frontend\node_modules\caniuse-lite\data\features\css-display-contents.js",".js","1"
"C:\Projects\E-Commerce\frontend\node_modules\caniuse-lite\data\features\css-element-function.js",".js","1"
"C:\Projects\E-Commerce\frontend\node_modules\caniuse-lite\data\features\css-env-function.js",".js","1"
"C:\Projects\E-Commerce\frontend\node_modules\caniuse-lite\data\features\css-exclusions.js",".js","1"
"C:\Projects\E-Commerce\frontend\node_modules\caniuse-lite\data\features\css-featurequeries.js",".js","1"
"C:\Projects\E-Commerce\frontend\node_modules\caniuse-lite\data\features\css-file-selector-button.js",".js","1"
"C:\Projects\E-Commerce\frontend\node_modules\caniuse-lite\data\features\css-filter-function.js",".js","1"
"C:\Projects\E-Commerce\frontend\node_modules\caniuse-lite\data\features\css-filters.js",".js","1"
"C:\Projects\E-Commerce\frontend\node_modules\caniuse-lite\data\features\css-first-letter.js",".js","1"
"C:\Projects\E-Commerce\frontend\node_modules\caniuse-lite\data\features\css-first-line.js",".js","1"
"C:\Projects\E-Commerce\frontend\node_modules\caniuse-lite\data\features\css-fixed.js",".js","1"
"C:\Projects\E-Commerce\frontend\node_modules\caniuse-lite\data\features\css-focus-visible.js",".js","1"
"C:\Projects\E-Commerce\frontend\node_modules\caniuse-lite\data\features\css-focus-within.js",".js","1"
"C:\Projects\E-Commerce\frontend\node_modules\caniuse-lite\data\features\css-font-palette.js",".js","1"
"C:\Projects\E-Commerce\frontend\node_modules\caniuse-lite\data\features\css-font-rendering-controls.js",".js","1"
"C:\Projects\E-Commerce\frontend\node_modules\caniuse-lite\data\features\css-font-stretch.js",".js","1"
"C:\Projects\E-Commerce\frontend\node_modules\caniuse-lite\data\features\css-gencontent.js",".js","1"
"C:\Projects\E-Commerce\frontend\node_modules\caniuse-lite\data\features\css-gradients.js",".js","1"
"C:\Projects\E-Commerce\frontend\node_modules\caniuse-lite\data\features\css-grid-animation.js",".js","1"
"C:\Projects\E-Commerce\frontend\node_modules\caniuse-lite\data\features\css-grid-lanes.js",".js","1"
"C:\Projects\E-Commerce\frontend\node_modules\caniuse-lite\data\features\css-grid.js",".js","1"
"C:\Projects\E-Commerce\frontend\node_modules\caniuse-lite\data\features\css-hanging-punctuation.js",".js","1"
"C:\Projects\E-Commerce\frontend\node_modules\caniuse-lite\data\features\css-has.js",".js","1"
"C:\Projects\E-Commerce\frontend\node_modules\caniuse-lite\data\features\css-hyphens.js",".js","1"
"C:\Projects\E-Commerce\frontend\node_modules\caniuse-lite\data\features\css-if.js",".js","1"
"C:\Projects\E-Commerce\frontend\node_modules\caniuse-lite\data\features\css-image-orientation.js",".js","1"
"C:\Projects\E-Commerce\frontend\node_modules\caniuse-lite\data\features\css-image-set.js",".js","1"
"C:\Projects\E-Commerce\frontend\node_modules\caniuse-lite\data\features\css-in-out-of-range.js",".js","1"
"C:\Projects\E-Commerce\frontend\node_modules\caniuse-lite\data\features\css-indeterminate-pseudo.js",".js","1"
"C:\Projects\E-Commerce\frontend\node_modules\caniuse-lite\data\features\css-initial-letter.js",".js","1"
"C:\Projects\E-Commerce\frontend\node_modules\caniuse-lite\data\features\css-initial-value.js",".js","1"
"C:\Projects\E-Commerce\frontend\node_modules\caniuse-lite\data\features\css-lch-lab.js",".js","1"
"C:\Projects\E-Commerce\frontend\node_modules\caniuse-lite\data\features\css-letter-spacing.js",".js","1"
"C:\Projects\E-Commerce\frontend\node_modules\caniuse-lite\data\features\css-line-clamp.js",".js","1"
"C:\Projects\E-Commerce\frontend\node_modules\caniuse-lite\data\features\css-logical-props.js",".js","1"
"C:\Projects\E-Commerce\frontend\node_modules\caniuse-lite\data\features\css-marker-pseudo.js",".js","1"
"C:\Projects\E-Commerce\frontend\node_modules\caniuse-lite\data\features\css-masks.js",".js","1"
"C:\Projects\E-Commerce\frontend\node_modules\caniuse-lite\data\features\css-matches-pseudo.js",".js","1"
"C:\Projects\E-Commerce\frontend\node_modules\caniuse-lite\data\features\css-math-functions.js",".js","1"
"C:\Projects\E-Commerce\frontend\node_modules\caniuse-lite\data\features\css-media-interaction.js",".js","1"
"C:\Projects\E-Commerce\frontend\node_modules\caniuse-lite\data\features\css-media-range-syntax.js",".js","1"
"C:\Projects\E-Commerce\frontend\node_modules\caniuse-lite\data\features\css-media-resolution.js",".js","1"
"C:\Projects\E-Commerce\frontend\node_modules\caniuse-lite\data\features\css-media-scripting.js",".js","1"
"C:\Projects\E-Commerce\frontend\node_modules\caniuse-lite\data\features\css-mediaqueries.js",".js","1"
"C:\Projects\E-Commerce\frontend\node_modules\caniuse-lite\data\features\css-mixblendmode.js",".js","1"
"C:\Projects\E-Commerce\frontend\node_modules\caniuse-lite\data\features\css-module-scripts.js",".js","1"
"C:\Projects\E-Commerce\frontend\node_modules\caniuse-lite\data\features\css-motion-paths.js",".js","1"
"C:\Projects\E-Commerce\frontend\node_modules\caniuse-lite\data\features\css-namespaces.js",".js","1"
"C:\Projects\E-Commerce\frontend\node_modules\caniuse-lite\data\features\css-nesting.js",".js","1"
"C:\Projects\E-Commerce\frontend\node_modules\caniuse-lite\data\features\css-not-sel-list.js",".js","1"
"C:\Projects\E-Commerce\frontend\node_modules\caniuse-lite\data\features\css-nth-child-of.js",".js","1"
"C:\Projects\E-Commerce\frontend\node_modules\caniuse-lite\data\features\css-opacity.js",".js","1"
"C:\Projects\E-Commerce\frontend\node_modules\caniuse-lite\data\features\css-optional-pseudo.js",".js","1"
"C:\Projects\E-Commerce\frontend\node_modules\caniuse-lite\data\features\css-overflow-anchor.js",".js","1"
"C:\Projects\E-Commerce\frontend\node_modules\caniuse-lite\data\features\css-overflow-overlay.js",".js","1"
"C:\Projects\E-Commerce\frontend\node_modules\caniuse-lite\data\features\css-overflow.js",".js","1"
"C:\Projects\E-Commerce\frontend\node_modules\caniuse-lite\data\features\css-overscroll-behavior.js",".js","1"
"C:\Projects\E-Commerce\frontend\node_modules\caniuse-lite\data\features\css-page-break.js",".js","1"
"C:\Projects\E-Commerce\frontend\node_modules\caniuse-lite\data\features\css-paged-media.js",".js","1"
"C:\Projects\E-Commerce\frontend\node_modules\caniuse-lite\data\features\css-paint-api.js",".js","1"
"C:\Projects\E-Commerce\frontend\node_modules\caniuse-lite\data\features\css-placeholder-shown.js",".js","1"
"C:\Projects\E-Commerce\frontend\node_modules\caniuse-lite\data\features\css-placeholder.js",".js","1"
"C:\Projects\E-Commerce\frontend\node_modules\caniuse-lite\data\features\css-print-color-adjust.js",".js","1"
"C:\Projects\E-Commerce\frontend\node_modules\caniuse-lite\data\features\css-read-only-write.js",".js","1"
"C:\Projects\E-Commerce\frontend\node_modules\caniuse-lite\data\features\css-rebeccapurple.js",".js","1"
"C:\Projects\E-Commerce\frontend\node_modules\caniuse-lite\data\features\css-reflections.js",".js","1"
"C:\Projects\E-Commerce\frontend\node_modules\caniuse-lite\data\features\css-regions.js",".js","1"
"C:\Projects\E-Commerce\frontend\node_modules\caniuse-lite\data\features\css-relative-colors.js",".js","1"
"C:\Projects\E-Commerce\frontend\node_modules\caniuse-lite\data\features\css-repeating-gradients.js",".js","1"
"C:\Projects\E-Commerce\frontend\node_modules\caniuse-lite\data\features\css-resize.js",".js","1"
"C:\Projects\E-Commerce\frontend\node_modules\caniuse-lite\data\features\css-revert-value.js",".js","1"
"C:\Projects\E-Commerce\frontend\node_modules\caniuse-lite\data\features\css-rrggbbaa.js",".js","1"
"C:\Projects\E-Commerce\frontend\node_modules\caniuse-lite\data\features\css-scroll-behavior.js",".js","1"
"C:\Projects\E-Commerce\frontend\node_modules\caniuse-lite\data\features\css-scrollbar.js",".js","1"
"C:\Projects\E-Commerce\frontend\node_modules\caniuse-lite\data\features\css-sel2.js",".js","1"
"C:\Projects\E-Commerce\frontend\node_modules\caniuse-lite\data\features\css-sel3.js",".js","1"
"C:\Projects\E-Commerce\frontend\node_modules\caniuse-lite\data\features\css-selection.js",".js","1"
"C:\Projects\E-Commerce\frontend\node_modules\caniuse-lite\data\features\css-shapes.js",".js","1"
"C:\Projects\E-Commerce\frontend\node_modules\caniuse-lite\data\features\css-snappoints.js",".js","1"
"C:\Projects\E-Commerce\frontend\node_modules\caniuse-lite\data\features\css-sticky.js",".js","1"
"C:\Projects\E-Commerce\frontend\node_modules\caniuse-lite\data\features\css-subgrid.js",".js","1"
"C:\Projects\E-Commerce\frontend\node_modules\caniuse-lite\data\features\css-supports-api.js",".js","1"
"C:\Projects\E-Commerce\frontend\node_modules\caniuse-lite\data\features\css-table.js",".js","1"
"C:\Projects\E-Commerce\frontend\node_modules\caniuse-lite\data\features\css-text-align-last.js",".js","1"
"C:\Projects\E-Commerce\frontend\node_modules\caniuse-lite\data\features\css-text-box-trim.js",".js","1"
"C:\Projects\E-Commerce\frontend\node_modules\caniuse-lite\data\features\css-text-indent.js",".js","1"
"C:\Projects\E-Commerce\frontend\node_modules\caniuse-lite\data\features\css-text-justify.js",".js","1"
"C:\Projects\E-Commerce\frontend\node_modules\caniuse-lite\data\features\css-text-orientation.js",".js","1"
"C:\Projects\E-Commerce\frontend\node_modules\caniuse-lite\data\features\css-text-spacing.js",".js","1"
"C:\Projects\E-Commerce\frontend\node_modules\caniuse-lite\data\features\css-text-wrap-balance.js",".js","1"
"C:\Projects\E-Commerce\frontend\node_modules\caniuse-lite\data\features\css-textshadow.js",".js","1"
"C:\Projects\E-Commerce\frontend\node_modules\caniuse-lite\data\features\css-touch-action.js",".js","1"
"C:\Projects\E-Commerce\frontend\node_modules\caniuse-lite\data\features\css-transitions.js",".js","1"
"C:\Projects\E-Commerce\frontend\node_modules\caniuse-lite\data\features\css-unicode-bidi.js",".js","1"
"C:\Projects\E-Commerce\frontend\node_modules\caniuse-lite\data\features\css-unset-value.js",".js","1"
"C:\Projects\E-Commerce\frontend\node_modules\caniuse-lite\data\features\css-variables.js",".js","1"
"C:\Projects\E-Commerce\frontend\node_modules\caniuse-lite\data\features\css-when-else.js",".js","1"
"C:\Projects\E-Commerce\frontend\node_modules\caniuse-lite\data\features\css-widows-orphans.js",".js","1"
"C:\Projects\E-Commerce\frontend\node_modules\caniuse-lite\data\features\css-width-stretch.js",".js","1"
"C:\Projects\E-Commerce\frontend\node_modules\caniuse-lite\data\features\css-writing-mode.js",".js","1"
"C:\Projects\E-Commerce\frontend\node_modules\caniuse-lite\data\features\css-zoom.js",".js","1"
"C:\Projects\E-Commerce\frontend\node_modules\caniuse-lite\data\features\css3-attr.js",".js","1"
"C:\Projects\E-Commerce\frontend\node_modules\caniuse-lite\data\features\css3-boxsizing.js",".js","1"
"C:\Projects\E-Commerce\frontend\node_modules\caniuse-lite\data\features\css3-colors.js",".js","1"
"C:\Projects\E-Commerce\frontend\node_modules\caniuse-lite\data\features\css3-cursors-grab.js",".js","1"
"C:\Projects\E-Commerce\frontend\node_modules\caniuse-lite\data\features\css3-cursors-newer.js",".js","1"
"C:\Projects\E-Commerce\frontend\node_modules\caniuse-lite\data\features\css3-cursors.js",".js","1"
"C:\Projects\E-Commerce\frontend\node_modules\caniuse-lite\data\features\css3-tabsize.js",".js","1"
"C:\Projects\E-Commerce\frontend\node_modules\caniuse-lite\data\features\currentcolor.js",".js","1"
"C:\Projects\E-Commerce\frontend\node_modules\caniuse-lite\data\features\custom-elements.js",".js","1"
"C:\Projects\E-Commerce\frontend\node_modules\caniuse-lite\data\features\custom-elementsv1.js",".js","1"
"C:\Projects\E-Commerce\frontend\node_modules\caniuse-lite\data\features\customevent.js",".js","1"
"C:\Projects\E-Commerce\frontend\node_modules\caniuse-lite\data\features\customizable-select.js",".js","1"
"C:\Projects\E-Commerce\frontend\node_modules\caniuse-lite\data\features\datalist.js",".js","1"
"C:\Projects\E-Commerce\frontend\node_modules\caniuse-lite\data\features\dataset.js",".js","1"
"C:\Projects\E-Commerce\frontend\node_modules\caniuse-lite\data\features\datauri.js",".js","1"
"C:\Projects\E-Commerce\frontend\node_modules\caniuse-lite\data\features\date-tolocaledatestring.js",".js","1"
"C:\Projects\E-Commerce\frontend\node_modules\caniuse-lite\data\features\declarative-shadow-dom.js",".js","1"
"C:\Projects\E-Commerce\frontend\node_modules\caniuse-lite\data\features\decorators.js",".js","1"
"C:\Projects\E-Commerce\frontend\node_modules\caniuse-lite\data\features\details.js",".js","1"
"C:\Projects\E-Commerce\frontend\node_modules\caniuse-lite\data\features\deviceorientation.js",".js","1"
"C:\Projects\E-Commerce\frontend\node_modules\caniuse-lite\data\features\devicepixelratio.js",".js","1"
"C:\Projects\E-Commerce\frontend\node_modules\caniuse-lite\data\features\dialog.js",".js","1"
"C:\Projects\E-Commerce\frontend\node_modules\caniuse-lite\data\features\dispatchevent.js",".js","1"
"C:\Projects\E-Commerce\frontend\node_modules\caniuse-lite\data\features\dnssec.js",".js","1"
"C:\Projects\E-Commerce\frontend\node_modules\caniuse-lite\data\features\do-not-track.js",".js","1"
"C:\Projects\E-Commerce\frontend\node_modules\caniuse-lite\data\features\document-currentscript.js",".js","1"
"C:\Projects\E-Commerce\frontend\node_modules\caniuse-lite\data\features\document-evaluate-xpath.js",".js","1"
"C:\Projects\E-Commerce\frontend\node_modules\caniuse-lite\data\features\document-execcommand.js",".js","1"
"C:\Projects\E-Commerce\frontend\node_modules\caniuse-lite\data\features\document-policy.js",".js","1"
"C:\Projects\E-Commerce\frontend\node_modules\caniuse-lite\data\features\document-scrollingelement.js",".js","1"
"C:\Projects\E-Commerce\frontend\node_modules\caniuse-lite\data\features\documenthead.js",".js","1"
"C:\Projects\E-Commerce\frontend\node_modules\caniuse-lite\data\features\dom-manip-convenience.js",".js","1"
"C:\Projects\E-Commerce\frontend\node_modules\caniuse-lite\data\features\dom-range.js",".js","1"
"C:\Projects\E-Commerce\frontend\node_modules\caniuse-lite\data\features\domcontentloaded.js",".js","1"
"C:\Projects\E-Commerce\frontend\node_modules\caniuse-lite\data\features\dommatrix.js",".js","1"
"C:\Projects\E-Commerce\frontend\node_modules\caniuse-lite\data\features\download.js",".js","1"
"C:\Projects\E-Commerce\frontend\node_modules\caniuse-lite\data\features\dragndrop.js",".js","1"
"C:\Projects\E-Commerce\frontend\node_modules\caniuse-lite\data\features\element-closest.js",".js","1"
"C:\Projects\E-Commerce\frontend\node_modules\caniuse-lite\data\features\element-from-point.js",".js","1"
"C:\Projects\E-Commerce\frontend\node_modules\caniuse-lite\data\features\element-scroll-methods.js",".js","1"
"C:\Projects\E-Commerce\frontend\node_modules\caniuse-lite\data\features\eme.js",".js","1"
"C:\Projects\E-Commerce\frontend\node_modules\caniuse-lite\data\features\eot.js",".js","1"
"C:\Projects\E-Commerce\frontend\node_modules\caniuse-lite\data\features\es5.js",".js","1"
"C:\Projects\E-Commerce\frontend\node_modules\caniuse-lite\data\features\es6-class.js",".js","1"
"C:\Projects\E-Commerce\frontend\node_modules\caniuse-lite\data\features\es6-generators.js",".js","1"
"C:\Projects\E-Commerce\frontend\node_modules\caniuse-lite\data\features\es6-module-dynamic-import.js",".js","1"
"C:\Projects\E-Commerce\frontend\node_modules\caniuse-lite\data\features\es6-module.js",".js","1"
"C:\Projects\E-Commerce\frontend\node_modules\caniuse-lite\data\features\es6-number.js",".js","1"
"C:\Projects\E-Commerce\frontend\node_modules\caniuse-lite\data\features\es6-string-includes.js",".js","1"
"C:\Projects\E-Commerce\frontend\node_modules\caniuse-lite\data\features\es6.js",".js","1"
"C:\Projects\E-Commerce\frontend\node_modules\caniuse-lite\data\features\eventsource.js",".js","1"
"C:\Projects\E-Commerce\frontend\node_modules\caniuse-lite\data\features\extended-system-fonts.js",".js","1"
"C:\Projects\E-Commerce\frontend\node_modules\caniuse-lite\data\features\feature-policy.js",".js","1"
"C:\Projects\E-Commerce\frontend\node_modules\caniuse-lite\data\features\fetch.js",".js","1"
"C:\Projects\E-Commerce\frontend\node_modules\caniuse-lite\data\features\fieldset-disabled.js",".js","1"
"C:\Projects\E-Commerce\frontend\node_modules\caniuse-lite\data\features\fileapi.js",".js","1"
"C:\Projects\E-Commerce\frontend\node_modules\caniuse-lite\data\features\filereader.js",".js","1"
"C:\Projects\E-Commerce\frontend\node_modules\caniuse-lite\data\features\filereadersync.js",".js","1"
"C:\Projects\E-Commerce\frontend\node_modules\caniuse-lite\data\features\filesystem.js",".js","1"
"C:\Projects\E-Commerce\frontend\node_modules\caniuse-lite\data\features\flac.js",".js","1"
"C:\Projects\E-Commerce\frontend\node_modules\caniuse-lite\data\features\flexbox-gap.js",".js","1"
"C:\Projects\E-Commerce\frontend\node_modules\caniuse-lite\data\features\flexbox.js",".js","1"
"C:\Projects\E-Commerce\frontend\node_modules\caniuse-lite\data\features\flow-root.js",".js","1"
"C:\Projects\E-Commerce\frontend\node_modules\caniuse-lite\data\features\focusin-focusout-events.js",".js","1"
"C:\Projects\E-Commerce\frontend\node_modules\caniuse-lite\data\features\font-family-system-ui.js",".js","1"
"C:\Projects\E-Commerce\frontend\node_modules\caniuse-lite\data\features\font-feature.js",".js","1"
"C:\Projects\E-Commerce\frontend\node_modules\caniuse-lite\data\features\font-kerning.js",".js","1"
"C:\Projects\E-Commerce\frontend\node_modules\caniuse-lite\data\features\font-loading.js",".js","1"
"C:\Projects\E-Commerce\frontend\node_modules\caniuse-lite\data\features\font-size-adjust.js",".js","1"
"C:\Projects\E-Commerce\frontend\node_modules\caniuse-lite\data\features\font-smooth.js",".js","1"
"C:\Projects\E-Commerce\frontend\node_modules\caniuse-lite\data\features\font-unicode-range.js",".js","1"
"C:\Projects\E-Commerce\frontend\node_modules\caniuse-lite\data\features\font-variant-alternates.js",".js","1"
"C:\Projects\E-Commerce\frontend\node_modules\caniuse-lite\data\features\font-variant-numeric.js",".js","1"
"C:\Projects\E-Commerce\frontend\node_modules\caniuse-lite\data\features\fontface.js",".js","1"
"C:\Projects\E-Commerce\frontend\node_modules\caniuse-lite\data\features\form-attribute.js",".js","1"
"C:\Projects\E-Commerce\frontend\node_modules\caniuse-lite\data\features\form-submit-attributes.js",".js","1"
"C:\Projects\E-Commerce\frontend\node_modules\caniuse-lite\data\features\form-validation.js",".js","1"
"C:\Projects\E-Commerce\frontend\node_modules\caniuse-lite\data\features\forms.js",".js","1"
"C:\Projects\E-Commerce\frontend\node_modules\caniuse-lite\data\features\fullscreen.js",".js","1"
"C:\Projects\E-Commerce\frontend\node_modules\caniuse-lite\data\features\gamepad.js",".js","1"
"C:\Projects\E-Commerce\frontend\node_modules\caniuse-lite\data\features\geolocation.js",".js","1"
"C:\Projects\E-Commerce\frontend\node_modules\caniuse-lite\data\features\getboundingclientrect.js",".js","1"
"C:\Projects\E-Commerce\frontend\node_modules\caniuse-lite\data\features\getcomputedstyle.js",".js","1"
"C:\Projects\E-Commerce\frontend\node_modules\caniuse-lite\data\features\getelementsbyclassname.js",".js","1"
"C:\Projects\E-Commerce\frontend\node_modules\caniuse-lite\data\features\getrandomvalues.js",".js","1"
"C:\Projects\E-Commerce\frontend\node_modules\caniuse-lite\data\features\gyroscope.js",".js","1"
"C:\Projects\E-Commerce\frontend\node_modules\caniuse-lite\data\features\hardwareconcurrency.js",".js","1"
"C:\Projects\E-Commerce\frontend\node_modules\caniuse-lite\data\features\hashchange.js",".js","1"
"C:\Projects\E-Commerce\frontend\node_modules\caniuse-lite\data\features\heif.js",".js","1"
"C:\Projects\E-Commerce\frontend\node_modules\caniuse-lite\data\features\hevc.js",".js","1"
"C:\Projects\E-Commerce\frontend\node_modules\caniuse-lite\data\features\hidden.js",".js","1"
"C:\Projects\E-Commerce\frontend\node_modules\caniuse-lite\data\features\high-resolution-time.js",".js","1"
"C:\Projects\E-Commerce\frontend\node_modules\caniuse-lite\data\features\history.js",".js","1"
"C:\Projects\E-Commerce\frontend\node_modules\caniuse-lite\data\features\html-media-capture.js",".js","1"
"C:\Projects\E-Commerce\frontend\node_modules\caniuse-lite\data\features\html5semantic.js",".js","1"
"C:\Projects\E-Commerce\frontend\node_modules\caniuse-lite\data\features\http-live-streaming.js",".js","1"
"C:\Projects\E-Commerce\frontend\node_modules\caniuse-lite\data\features\http2.js",".js","1"
"C:\Projects\E-Commerce\frontend\node_modules\caniuse-lite\data\features\http3.js",".js","1"
"C:\Projects\E-Commerce\frontend\node_modules\caniuse-lite\data\features\iframe-sandbox.js",".js","1"
"C:\Projects\E-Commerce\frontend\node_modules\caniuse-lite\data\features\iframe-seamless.js",".js","1"
"C:\Projects\E-Commerce\frontend\node_modules\caniuse-lite\data\features\iframe-srcdoc.js",".js","1"
"C:\Projects\E-Commerce\frontend\node_modules\caniuse-lite\data\features\imagecapture.js",".js","1"
"C:\Projects\E-Commerce\frontend\node_modules\caniuse-lite\data\features\ime.js",".js","1"
"C:\Projects\E-Commerce\frontend\node_modules\caniuse-lite\data\features\img-naturalwidth-naturalheight.js",".js","1"
"C:\Projects\E-Commerce\frontend\node_modules\caniuse-lite\data\features\import-maps.js",".js","1"
"C:\Projects\E-Commerce\frontend\node_modules\caniuse-lite\data\features\imports.js",".js","1"
"C:\Projects\E-Commerce\frontend\node_modules\caniuse-lite\data\features\indeterminate-checkbox.js",".js","1"
"C:\Projects\E-Commerce\frontend\node_modules\caniuse-lite\data\features\indexeddb.js",".js","1"
"C:\Projects\E-Commerce\frontend\node_modules\caniuse-lite\data\features\indexeddb2.js",".js","1"
"C:\Projects\E-Commerce\frontend\node_modules\caniuse-lite\data\features\inline-block.js",".js","1"
"C:\Projects\E-Commerce\frontend\node_modules\caniuse-lite\data\features\innertext.js",".js","1"
"C:\Projects\E-Commerce\frontend\node_modules\caniuse-lite\data\features\input-autocomplete-onoff.js",".js","1"
"C:\Projects\E-Commerce\frontend\node_modules\caniuse-lite\data\features\input-color.js",".js","1"
"C:\Projects\E-Commerce\frontend\node_modules\caniuse-lite\data\features\input-datetime.js",".js","1"
"C:\Projects\E-Commerce\frontend\node_modules\caniuse-lite\data\features\input-email-tel-url.js",".js","1"
"C:\Projects\E-Commerce\frontend\node_modules\caniuse-lite\data\features\input-event.js",".js","1"
"C:\Projects\E-Commerce\frontend\node_modules\caniuse-lite\data\features\input-file-accept.js",".js","1"
"C:\Projects\E-Commerce\frontend\node_modules\caniuse-lite\data\features\input-file-directory.js",".js","1"
"C:\Projects\E-Commerce\frontend\node_modules\caniuse-lite\data\features\input-file-multiple.js",".js","1"
"C:\Projects\E-Commerce\frontend\node_modules\caniuse-lite\data\features\input-inputmode.js",".js","1"
"C:\Projects\E-Commerce\frontend\node_modules\caniuse-lite\data\features\input-minlength.js",".js","1"
"C:\Projects\E-Commerce\frontend\node_modules\caniuse-lite\data\features\input-number.js",".js","1"
"C:\Projects\E-Commerce\frontend\node_modules\caniuse-lite\data\features\input-pattern.js",".js","1"
"C:\Projects\E-Commerce\frontend\node_modules\caniuse-lite\data\features\input-placeholder.js",".js","1"
"C:\Projects\E-Commerce\frontend\node_modules\caniuse-lite\data\features\input-range.js",".js","1"
"C:\Projects\E-Commerce\frontend\node_modules\caniuse-lite\data\features\input-search.js",".js","1"
"C:\Projects\E-Commerce\frontend\node_modules\caniuse-lite\data\features\input-selection.js",".js","1"
"C:\Projects\E-Commerce\frontend\node_modules\caniuse-lite\data\features\insert-adjacent.js",".js","1"
"C:\Projects\E-Commerce\frontend\node_modules\caniuse-lite\data\features\insertadjacenthtml.js",".js","1"
"C:\Projects\E-Commerce\frontend\node_modules\caniuse-lite\data\features\internationalization.js",".js","1"
"C:\Projects\E-Commerce\frontend\node_modules\caniuse-lite\data\features\intersectionobserver-v2.js",".js","1"
"C:\Projects\E-Commerce\frontend\node_modules\caniuse-lite\data\features\intersectionobserver.js",".js","1"
"C:\Projects\E-Commerce\frontend\node_modules\caniuse-lite\data\features\intl-pluralrules.js",".js","1"
"C:\Projects\E-Commerce\frontend\node_modules\caniuse-lite\data\features\intrinsic-width.js",".js","1"
"C:\Projects\E-Commerce\frontend\node_modules\caniuse-lite\data\features\jpeg2000.js",".js","1"
"C:\Projects\E-Commerce\frontend\node_modules\caniuse-lite\data\features\jpegxl.js",".js","1"
"C:\Projects\E-Commerce\frontend\node_modules\caniuse-lite\data\features\jpegxr.js",".js","1"
"C:\Projects\E-Commerce\frontend\node_modules\caniuse-lite\data\features\js-regexp-lookbehind.js",".js","1"
"C:\Projects\E-Commerce\frontend\node_modules\caniuse-lite\data\features\json.js",".js","1"
"C:\Projects\E-Commerce\frontend\node_modules\caniuse-lite\data\features\justify-content-space-evenly.js",".js","1"
"C:\Projects\E-Commerce\frontend\node_modules\caniuse-lite\data\features\kerning-pairs-ligatures.js",".js","1"
"C:\Projects\E-Commerce\frontend\node_modules\caniuse-lite\data\features\keyboardevent-charcode.js",".js","1"
"C:\Projects\E-Commerce\frontend\node_modules\caniuse-lite\data\features\keyboardevent-code.js",".js","1"
"C:\Projects\E-Commerce\frontend\node_modules\caniuse-lite\data\features\keyboardevent-getmodifierstate.js",".js","1"
"C:\Projects\E-Commerce\frontend\node_modules\caniuse-lite\data\features\keyboardevent-key.js",".js","1"
"C:\Projects\E-Commerce\frontend\node_modules\caniuse-lite\data\features\keyboardevent-location.js",".js","1"
"C:\Projects\E-Commerce\frontend\node_modules\caniuse-lite\data\features\keyboardevent-which.js",".js","1"
"C:\Projects\E-Commerce\frontend\node_modules\caniuse-lite\data\features\lazyload.js",".js","1"
"C:\Projects\E-Commerce\frontend\node_modules\caniuse-lite\data\features\let.js",".js","1"
"C:\Projects\E-Commerce\frontend\node_modules\caniuse-lite\data\features\link-icon-png.js",".js","1"
"C:\Projects\E-Commerce\frontend\node_modules\caniuse-lite\data\features\link-icon-svg.js",".js","1"
"C:\Projects\E-Commerce\frontend\node_modules\caniuse-lite\data\features\link-rel-dns-prefetch.js",".js","1"
"C:\Projects\E-Commerce\frontend\node_modules\caniuse-lite\data\features\link-rel-modulepreload.js",".js","1"
"C:\Projects\E-Commerce\frontend\node_modules\caniuse-lite\data\features\link-rel-preconnect.js",".js","1"
"C:\Projects\E-Commerce\frontend\node_modules\caniuse-lite\data\features\link-rel-prefetch.js",".js","1"
"C:\Projects\E-Commerce\frontend\node_modules\caniuse-lite\data\features\link-rel-preload.js",".js","1"
"C:\Projects\E-Commerce\frontend\node_modules\caniuse-lite\data\features\link-rel-prerender.js",".js","1"
"C:\Projects\E-Commerce\frontend\node_modules\caniuse-lite\data\features\loading-lazy-attr.js",".js","1"
"C:\Projects\E-Commerce\frontend\node_modules\caniuse-lite\data\features\loading-lazy-media.js",".js","1"
"C:\Projects\E-Commerce\frontend\node_modules\caniuse-lite\data\features\localecompare.js",".js","1"
"C:\Projects\E-Commerce\frontend\node_modules\caniuse-lite\data\features\magnetometer.js",".js","1"
"C:\Projects\E-Commerce\frontend\node_modules\caniuse-lite\data\features\matchesselector.js",".js","1"
"C:\Projects\E-Commerce\frontend\node_modules\caniuse-lite\data\features\matchmedia.js",".js","1"
"C:\Projects\E-Commerce\frontend\node_modules\caniuse-lite\data\features\mathml.js",".js","1"
"C:\Projects\E-Commerce\frontend\node_modules\caniuse-lite\data\features\maxlength.js",".js","1"
"C:\Projects\E-Commerce\frontend\node_modules\caniuse-lite\data\features\mdn-css-backdrop-pseudo-element.js",".js","1"
"C:\Projects\E-Commerce\frontend\node_modules\caniuse-lite\data\features\mdn-css-unicode-bidi-isolate-override.js",".js","1"
"C:\Projects\E-Commerce\frontend\node_modules\caniuse-lite\data\features\mdn-css-unicode-bidi-isolate.js",".js","1"
"C:\Projects\E-Commerce\frontend\node_modules\caniuse-lite\data\features\mdn-css-unicode-bidi-plaintext.js",".js","1"
"C:\Projects\E-Commerce\frontend\node_modules\caniuse-lite\data\features\mdn-text-decoration-color.js",".js","1"
"C:\Projects\E-Commerce\frontend\node_modules\caniuse-lite\data\features\mdn-text-decoration-line.js",".js","1"
"C:\Projects\E-Commerce\frontend\node_modules\caniuse-lite\data\features\mdn-text-decoration-shorthand.js",".js","1"
"C:\Projects\E-Commerce\frontend\node_modules\caniuse-lite\data\features\mdn-text-decoration-style.js",".js","1"
"C:\Projects\E-Commerce\frontend\node_modules\caniuse-lite\data\features\media-fragments.js",".js","1"
"C:\Projects\E-Commerce\frontend\node_modules\caniuse-lite\data\features\mediacapture-fromelement.js",".js","1"
"C:\Projects\E-Commerce\frontend\node_modules\caniuse-lite\data\features\mediarecorder.js",".js","1"
"C:\Projects\E-Commerce\frontend\node_modules\caniuse-lite\data\features\mediasource.js",".js","1"
"C:\Projects\E-Commerce\frontend\node_modules\caniuse-lite\data\features\menu.js",".js","1"
"C:\Projects\E-Commerce\frontend\node_modules\caniuse-lite\data\features\meta-theme-color.js",".js","1"
"C:\Projects\E-Commerce\frontend\node_modules\caniuse-lite\data\features\meter.js",".js","1"
"C:\Projects\E-Commerce\frontend\node_modules\caniuse-lite\data\features\midi.js",".js","1"
"C:\Projects\E-Commerce\frontend\node_modules\caniuse-lite\data\features\minmaxwh.js",".js","1"
"C:\Projects\E-Commerce\frontend\node_modules\caniuse-lite\data\features\mp3.js",".js","1"
"C:\Projects\E-Commerce\frontend\node_modules\caniuse-lite\data\features\mpeg-dash.js",".js","1"
"C:\Projects\E-Commerce\frontend\node_modules\caniuse-lite\data\features\mpeg4.js",".js","1"
"C:\Projects\E-Commerce\frontend\node_modules\caniuse-lite\data\features\multibackgrounds.js",".js","1"
"C:\Projects\E-Commerce\frontend\node_modules\caniuse-lite\data\features\multicolumn.js",".js","1"
"C:\Projects\E-Commerce\frontend\node_modules\caniuse-lite\data\features\mutation-events.js",".js","1"
"C:\Projects\E-Commerce\frontend\node_modules\caniuse-lite\data\features\mutationobserver.js",".js","1"
"C:\Projects\E-Commerce\frontend\node_modules\caniuse-lite\data\features\namevalue-storage.js",".js","1"
"C:\Projects\E-Commerce\frontend\node_modules\caniuse-lite\data\features\native-filesystem-api.js",".js","1"
"C:\Projects\E-Commerce\frontend\node_modules\caniuse-lite\data\features\nav-timing.js",".js","1"
"C:\Projects\E-Commerce\frontend\node_modules\caniuse-lite\data\features\netinfo.js",".js","1"
"C:\Projects\E-Commerce\frontend\node_modules\caniuse-lite\data\features\notifications.js",".js","1"
"C:\Projects\E-Commerce\frontend\node_modules\caniuse-lite\data\features\object-entries.js",".js","1"
"C:\Projects\E-Commerce\frontend\node_modules\caniuse-lite\data\features\object-fit.js",".js","1"
"C:\Projects\E-Commerce\frontend\node_modules\caniuse-lite\data\features\object-observe.js",".js","1"
"C:\Projects\E-Commerce\frontend\node_modules\caniuse-lite\data\features\object-values.js",".js","1"
"C:\Projects\E-Commerce\frontend\node_modules\caniuse-lite\data\features\objectrtc.js",".js","1"
"C:\Projects\E-Commerce\frontend\node_modules\caniuse-lite\data\features\offline-apps.js",".js","1"
"C:\Projects\E-Commerce\frontend\node_modules\caniuse-lite\data\features\offscreencanvas.js",".js","1"
"C:\Projects\E-Commerce\frontend\node_modules\caniuse-lite\data\features\ogg-vorbis.js",".js","1"
"C:\Projects\E-Commerce\frontend\node_modules\caniuse-lite\data\features\ogv.js",".js","1"
"C:\Projects\E-Commerce\frontend\node_modules\caniuse-lite\data\features\ol-reversed.js",".js","1"
"C:\Projects\E-Commerce\frontend\node_modules\caniuse-lite\data\features\once-event-listener.js",".js","1"
"C:\Projects\E-Commerce\frontend\node_modules\caniuse-lite\data\features\online-status.js",".js","1"
"C:\Projects\E-Commerce\frontend\node_modules\caniuse-lite\data\features\opus.js",".js","1"
"C:\Projects\E-Commerce\frontend\node_modules\caniuse-lite\data\features\orientation-sensor.js",".js","1"
"C:\Projects\E-Commerce\frontend\node_modules\caniuse-lite\data\features\outline.js",".js","1"
"C:\Projects\E-Commerce\frontend\node_modules\caniuse-lite\data\features\pad-start-end.js",".js","1"
"C:\Projects\E-Commerce\frontend\node_modules\caniuse-lite\data\features\page-transition-events.js",".js","1"
"C:\Projects\E-Commerce\frontend\node_modules\caniuse-lite\data\features\pagevisibility.js",".js","1"
"C:\Projects\E-Commerce\frontend\node_modules\caniuse-lite\data\features\passive-event-listener.js",".js","1"
"C:\Projects\E-Commerce\frontend\node_modules\caniuse-lite\data\features\passkeys.js",".js","1"
"C:\Projects\E-Commerce\frontend\node_modules\caniuse-lite\data\features\passwordrules.js",".js","1"
"C:\Projects\E-Commerce\frontend\node_modules\caniuse-lite\data\features\path2d.js",".js","1"
"C:\Projects\E-Commerce\frontend\node_modules\caniuse-lite\data\features\payment-request.js",".js","1"
"C:\Projects\E-Commerce\frontend\node_modules\caniuse-lite\data\features\pdf-viewer.js",".js","1"
"C:\Projects\E-Commerce\frontend\node_modules\caniuse-lite\data\features\permissions-api.js",".js","1"
"C:\Projects\E-Commerce\frontend\node_modules\caniuse-lite\data\features\permissions-policy.js",".js","1"
"C:\Projects\E-Commerce\frontend\node_modules\caniuse-lite\data\features\picture-in-picture.js",".js","1"
"C:\Projects\E-Commerce\frontend\node_modules\caniuse-lite\data\features\picture.js",".js","1"
"C:\Projects\E-Commerce\frontend\node_modules\caniuse-lite\data\features\ping.js",".js","1"
"C:\Projects\E-Commerce\frontend\node_modules\caniuse-lite\data\features\png-alpha.js",".js","1"
"C:\Projects\E-Commerce\frontend\node_modules\caniuse-lite\data\features\pointer-events.js",".js","1"
"C:\Projects\E-Commerce\frontend\node_modules\caniuse-lite\data\features\pointer.js",".js","1"
"C:\Projects\E-Commerce\frontend\node_modules\caniuse-lite\data\features\pointerlock.js",".js","1"
"C:\Projects\E-Commerce\frontend\node_modules\caniuse-lite\data\features\portals.js",".js","1"
"C:\Projects\E-Commerce\frontend\node_modules\caniuse-lite\data\features\prefers-color-scheme.js",".js","1"
"C:\Projects\E-Commerce\frontend\node_modules\caniuse-lite\data\features\prefers-reduced-motion.js",".js","1"
"C:\Projects\E-Commerce\frontend\node_modules\caniuse-lite\data\features\progress.js",".js","1"
"C:\Projects\E-Commerce\frontend\node_modules\caniuse-lite\data\features\promise-finally.js",".js","1"
"C:\Projects\E-Commerce\frontend\node_modules\caniuse-lite\data\features\promises.js",".js","1"
"C:\Projects\E-Commerce\frontend\node_modules\caniuse-lite\data\features\proximity.js",".js","1"
"C:\Projects\E-Commerce\frontend\node_modules\caniuse-lite\data\features\proxy.js",".js","1"
"C:\Projects\E-Commerce\frontend\node_modules\caniuse-lite\data\features\publickeypinning.js",".js","1"
"C:\Projects\E-Commerce\frontend\node_modules\caniuse-lite\data\features\push-api.js",".js","1"
"C:\Projects\E-Commerce\frontend\node_modules\caniuse-lite\data\features\queryselector.js",".js","1"
"C:\Projects\E-Commerce\frontend\node_modules\caniuse-lite\data\features\readonly-attr.js",".js","1"
"C:\Projects\E-Commerce\frontend\node_modules\caniuse-lite\data\features\referrer-policy.js",".js","1"
"C:\Projects\E-Commerce\frontend\node_modules\caniuse-lite\data\features\registerprotocolhandler.js",".js","1"
"C:\Projects\E-Commerce\frontend\node_modules\caniuse-lite\data\features\rel-noopener.js",".js","1"
"C:\Projects\E-Commerce\frontend\node_modules\caniuse-lite\data\features\rel-noreferrer.js",".js","1"
"C:\Projects\E-Commerce\frontend\node_modules\caniuse-lite\data\features\rellist.js",".js","1"
"C:\Projects\E-Commerce\frontend\node_modules\caniuse-lite\data\features\rem.js",".js","1"
"C:\Projects\E-Commerce\frontend\node_modules\caniuse-lite\data\features\requestanimationframe.js",".js","1"
"C:\Projects\E-Commerce\frontend\node_modules\caniuse-lite\data\features\requestidlecallback.js",".js","1"
"C:\Projects\E-Commerce\frontend\node_modules\caniuse-lite\data\features\resizeobserver.js",".js","1"
"C:\Projects\E-Commerce\frontend\node_modules\caniuse-lite\data\features\resource-timing.js",".js","1"
"C:\Projects\E-Commerce\frontend\node_modules\caniuse-lite\data\features\rest-parameters.js",".js","1"
"C:\Projects\E-Commerce\frontend\node_modules\caniuse-lite\data\features\rtcpeerconnection.js",".js","1"
"C:\Projects\E-Commerce\frontend\node_modules\caniuse-lite\data\features\ruby.js",".js","1"
"C:\Projects\E-Commerce\frontend\node_modules\caniuse-lite\data\features\run-in.js",".js","1"
"C:\Projects\E-Commerce\frontend\node_modules\caniuse-lite\data\features\same-site-cookie-attribute.js",".js","1"
"C:\Projects\E-Commerce\frontend\node_modules\caniuse-lite\data\features\screen-orientation.js",".js","1"
"C:\Projects\E-Commerce\frontend\node_modules\caniuse-lite\data\features\script-async.js",".js","1"
"C:\Projects\E-Commerce\frontend\node_modules\caniuse-lite\data\features\script-defer.js",".js","1"
"C:\Projects\E-Commerce\frontend\node_modules\caniuse-lite\data\features\scrollintoview.js",".js","1"
"C:\Projects\E-Commerce\frontend\node_modules\caniuse-lite\data\features\scrollintoviewifneeded.js",".js","1"
"C:\Projects\E-Commerce\frontend\node_modules\caniuse-lite\data\features\sdch.js",".js","1"
"C:\Projects\E-Commerce\frontend\node_modules\caniuse-lite\data\features\selection-api.js",".js","1"
"C:\Projects\E-Commerce\frontend\node_modules\caniuse-lite\data\features\server-timing.js",".js","1"
"C:\Projects\E-Commerce\frontend\node_modules\caniuse-lite\data\features\serviceworkers.js",".js","1"
"C:\Projects\E-Commerce\frontend\node_modules\caniuse-lite\data\features\setimmediate.js",".js","1"
"C:\Projects\E-Commerce\frontend\node_modules\caniuse-lite\data\features\shadowdom.js",".js","1"
"C:\Projects\E-Commerce\frontend\node_modules\caniuse-lite\data\features\shadowdomv1.js",".js","1"
"C:\Projects\E-Commerce\frontend\node_modules\caniuse-lite\data\features\sharedarraybuffer.js",".js","1"
"C:\Projects\E-Commerce\frontend\node_modules\caniuse-lite\data\features\sharedworkers.js",".js","1"
"C:\Projects\E-Commerce\frontend\node_modules\caniuse-lite\data\features\sni.js",".js","1"
"C:\Projects\E-Commerce\frontend\node_modules\caniuse-lite\data\features\spdy.js",".js","1"
"C:\Projects\E-Commerce\frontend\node_modules\caniuse-lite\data\features\speech-recognition.js",".js","1"
"C:\Projects\E-Commerce\frontend\node_modules\caniuse-lite\data\features\speech-synthesis.js",".js","1"
"C:\Projects\E-Commerce\frontend\node_modules\caniuse-lite\data\features\spellcheck-attribute.js",".js","1"
"C:\Projects\E-Commerce\frontend\node_modules\caniuse-lite\data\features\sql-storage.js",".js","1"
"C:\Projects\E-Commerce\frontend\node_modules\caniuse-lite\data\features\srcset.js",".js","1"
"C:\Projects\E-Commerce\frontend\node_modules\caniuse-lite\data\features\stream.js",".js","1"
"C:\Projects\E-Commerce\frontend\node_modules\caniuse-lite\data\features\streams.js",".js","1"
"C:\Projects\E-Commerce\frontend\node_modules\caniuse-lite\data\features\stricttransportsecurity.js",".js","1"
"C:\Projects\E-Commerce\frontend\node_modules\caniuse-lite\data\features\style-scoped.js",".js","1"
"C:\Projects\E-Commerce\frontend\node_modules\caniuse-lite\data\features\subresource-bundling.js",".js","1"
"C:\Projects\E-Commerce\frontend\node_modules\caniuse-lite\data\features\subresource-integrity.js",".js","1"
"C:\Projects\E-Commerce\frontend\node_modules\caniuse-lite\data\features\svg-css.js",".js","1"
"C:\Projects\E-Commerce\frontend\node_modules\caniuse-lite\data\features\svg-filters.js",".js","1"
"C:\Projects\E-Commerce\frontend\node_modules\caniuse-lite\data\features\svg-fonts.js",".js","1"
"C:\Projects\E-Commerce\frontend\node_modules\caniuse-lite\data\features\svg-fragment.js",".js","1"
"C:\Projects\E-Commerce\frontend\node_modules\caniuse-lite\data\features\svg-html.js",".js","1"
"C:\Projects\E-Commerce\frontend\node_modules\caniuse-lite\data\features\svg-html5.js",".js","1"
"C:\Projects\E-Commerce\frontend\node_modules\caniuse-lite\data\features\svg-img.js",".js","1"
"C:\Projects\E-Commerce\frontend\node_modules\caniuse-lite\data\features\svg-smil.js",".js","1"
"C:\Projects\E-Commerce\frontend\node_modules\caniuse-lite\data\features\svg.js",".js","1"
"C:\Projects\E-Commerce\frontend\node_modules\caniuse-lite\data\features\sxg.js",".js","1"
"C:\Projects\E-Commerce\frontend\node_modules\caniuse-lite\data\features\tabindex-attr.js",".js","1"
"C:\Projects\E-Commerce\frontend\node_modules\caniuse-lite\data\features\template-literals.js",".js","1"
"C:\Projects\E-Commerce\frontend\node_modules\caniuse-lite\data\features\template.js",".js","1"
"C:\Projects\E-Commerce\frontend\node_modules\caniuse-lite\data\features\temporal.js",".js","1"
"C:\Projects\E-Commerce\frontend\node_modules\caniuse-lite\data\features\testfeat.js",".js","1"
"C:\Projects\E-Commerce\frontend\node_modules\caniuse-lite\data\features\text-decoration.js",".js","1"
"C:\Projects\E-Commerce\frontend\node_modules\caniuse-lite\data\features\text-emphasis.js",".js","1"
"C:\Projects\E-Commerce\frontend\node_modules\caniuse-lite\data\features\text-overflow.js",".js","1"
"C:\Projects\E-Commerce\frontend\node_modules\caniuse-lite\data\features\text-size-adjust.js",".js","1"
"C:\Projects\E-Commerce\frontend\node_modules\caniuse-lite\data\features\text-stroke.js",".js","1"
"C:\Projects\E-Commerce\frontend\node_modules\caniuse-lite\data\features\textcontent.js",".js","1"
"C:\Projects\E-Commerce\frontend\node_modules\caniuse-lite\data\features\textencoder.js",".js","1"
"C:\Projects\E-Commerce\frontend\node_modules\caniuse-lite\data\features\tls1-1.js",".js","1"
"C:\Projects\E-Commerce\frontend\node_modules\caniuse-lite\data\features\tls1-2.js",".js","1"
"C:\Projects\E-Commerce\frontend\node_modules\caniuse-lite\data\features\tls1-3.js",".js","1"
"C:\Projects\E-Commerce\frontend\node_modules\caniuse-lite\data\features\touch.js",".js","1"
"C:\Projects\E-Commerce\frontend\node_modules\caniuse-lite\data\features\transforms2d.js",".js","1"
"C:\Projects\E-Commerce\frontend\node_modules\caniuse-lite\data\features\transforms3d.js",".js","1"
"C:\Projects\E-Commerce\frontend\node_modules\caniuse-lite\data\features\trusted-types.js",".js","1"
"C:\Projects\E-Commerce\frontend\node_modules\caniuse-lite\data\features\ttf.js",".js","1"
"C:\Projects\E-Commerce\frontend\node_modules\caniuse-lite\data\features\typedarrays.js",".js","1"
"C:\Projects\E-Commerce\frontend\node_modules\caniuse-lite\data\features\u2f.js",".js","1"
"C:\Projects\E-Commerce\frontend\node_modules\caniuse-lite\data\features\unhandledrejection.js",".js","1"
"C:\Projects\E-Commerce\frontend\node_modules\caniuse-lite\data\features\upgradeinsecurerequests.js",".js","1"
"C:\Projects\E-Commerce\frontend\node_modules\caniuse-lite\data\features\url-scroll-to-text-fragment.js",".js","1"
"C:\Projects\E-Commerce\frontend\node_modules\caniuse-lite\data\features\url.js",".js","1"
"C:\Projects\E-Commerce\frontend\node_modules\caniuse-lite\data\features\urlsearchparams.js",".js","1"
"C:\Projects\E-Commerce\frontend\node_modules\caniuse-lite\data\features\use-strict.js",".js","1"
"C:\Projects\E-Commerce\frontend\node_modules\caniuse-lite\data\features\user-select-none.js",".js","1"
"C:\Projects\E-Commerce\frontend\node_modules\caniuse-lite\data\features\user-timing.js",".js","1"
"C:\Projects\E-Commerce\frontend\node_modules\caniuse-lite\data\features\variable-fonts.js",".js","1"
"C:\Projects\E-Commerce\frontend\node_modules\caniuse-lite\data\features\vector-effect.js",".js","1"
"C:\Projects\E-Commerce\frontend\node_modules\caniuse-lite\data\features\vibration.js",".js","1"
"C:\Projects\E-Commerce\frontend\node_modules\caniuse-lite\data\features\video.js",".js","1"
"C:\Projects\E-Commerce\frontend\node_modules\caniuse-lite\data\features\videotracks.js",".js","1"
"C:\Projects\E-Commerce\frontend\node_modules\caniuse-lite\data\features\view-transitions.js",".js","1"
"C:\Projects\E-Commerce\frontend\node_modules\caniuse-lite\data\features\viewport-unit-variants.js",".js","1"
"C:\Projects\E-Commerce\frontend\node_modules\caniuse-lite\data\features\viewport-units.js",".js","1"
"C:\Projects\E-Commerce\frontend\node_modules\caniuse-lite\data\features\wai-aria.js",".js","1"
"C:\Projects\E-Commerce\frontend\node_modules\caniuse-lite\data\features\wake-lock.js",".js","1"
"C:\Projects\E-Commerce\frontend\node_modules\caniuse-lite\data\features\wasm-bigint.js",".js","1"
"C:\Projects\E-Commerce\frontend\node_modules\caniuse-lite\data\features\wasm-bulk-memory.js",".js","1"
"C:\Projects\E-Commerce\frontend\node_modules\caniuse-lite\data\features\wasm-extended-const.js",".js","1"
"C:\Projects\E-Commerce\frontend\node_modules\caniuse-lite\data\features\wasm-gc.js",".js","1"
"C:\Projects\E-Commerce\frontend\node_modules\caniuse-lite\data\features\wasm-multi-memory.js",".js","1"
"C:\Projects\E-Commerce\frontend\node_modules\caniuse-lite\data\features\wasm-multi-value.js",".js","1"
"C:\Projects\E-Commerce\frontend\node_modules\caniuse-lite\data\features\wasm-mutable-globals.js",".js","1"
"C:\Projects\E-Commerce\frontend\node_modules\caniuse-lite\data\features\wasm-nontrapping-fptoint.js",".js","1"
"C:\Projects\E-Commerce\frontend\node_modules\caniuse-lite\data\features\wasm-reference-types.js",".js","1"
"C:\Projects\E-Commerce\frontend\node_modules\caniuse-lite\data\features\wasm-relaxed-simd.js",".js","1"
"C:\Projects\E-Commerce\frontend\node_modules\caniuse-lite\data\features\wasm-signext.js",".js","1"
"C:\Projects\E-Commerce\frontend\node_modules\caniuse-lite\data\features\wasm-simd.js",".js","1"
"C:\Projects\E-Commerce\frontend\node_modules\caniuse-lite\data\features\wasm-tail-calls.js",".js","1"
"C:\Projects\E-Commerce\frontend\node_modules\caniuse-lite\data\features\wasm-threads.js",".js","1"
"C:\Projects\E-Commerce\frontend\node_modules\caniuse-lite\data\features\wasm.js",".js","1"
"C:\Projects\E-Commerce\frontend\node_modules\caniuse-lite\data\features\wav.js",".js","1"
"C:\Projects\E-Commerce\frontend\node_modules\caniuse-lite\data\features\wbr-element.js",".js","1"
"C:\Projects\E-Commerce\frontend\node_modules\caniuse-lite\data\features\web-animation.js",".js","1"
"C:\Projects\E-Commerce\frontend\node_modules\caniuse-lite\data\features\web-app-manifest.js",".js","1"
"C:\Projects\E-Commerce\frontend\node_modules\caniuse-lite\data\features\web-bluetooth.js",".js","1"
"C:\Projects\E-Commerce\frontend\node_modules\caniuse-lite\data\features\web-serial.js",".js","1"
"C:\Projects\E-Commerce\frontend\node_modules\caniuse-lite\data\features\web-share.js",".js","1"
"C:\Projects\E-Commerce\frontend\node_modules\caniuse-lite\data\features\webauthn.js",".js","1"
"C:\Projects\E-Commerce\frontend\node_modules\caniuse-lite\data\features\webcodecs.js",".js","1"
"C:\Projects\E-Commerce\frontend\node_modules\caniuse-lite\data\features\webgl.js",".js","1"
"C:\Projects\E-Commerce\frontend\node_modules\caniuse-lite\data\features\webgl2.js",".js","1"
"C:\Projects\E-Commerce\frontend\node_modules\caniuse-lite\data\features\webgpu.js",".js","1"
"C:\Projects\E-Commerce\frontend\node_modules\caniuse-lite\data\features\webhid.js",".js","1"
"C:\Projects\E-Commerce\frontend\node_modules\caniuse-lite\data\features\webkit-user-drag.js",".js","1"
"C:\Projects\E-Commerce\frontend\node_modules\caniuse-lite\data\features\webm.js",".js","1"
"C:\Projects\E-Commerce\frontend\node_modules\caniuse-lite\data\features\webnfc.js",".js","1"
"C:\Projects\E-Commerce\frontend\node_modules\caniuse-lite\data\features\webp.js",".js","1"
"C:\Projects\E-Commerce\frontend\node_modules\caniuse-lite\data\features\websockets.js",".js","1"
"C:\Projects\E-Commerce\frontend\node_modules\caniuse-lite\data\features\webtransport.js",".js","1"
"C:\Projects\E-Commerce\frontend\node_modules\caniuse-lite\data\features\webusb.js",".js","1"
"C:\Projects\E-Commerce\frontend\node_modules\caniuse-lite\data\features\webvr.js",".js","1"
"C:\Projects\E-Commerce\frontend\node_modules\caniuse-lite\data\features\webvtt.js",".js","1"
"C:\Projects\E-Commerce\frontend\node_modules\caniuse-lite\data\features\webworkers.js",".js","1"
"C:\Projects\E-Commerce\frontend\node_modules\caniuse-lite\data\features\webxr.js",".js","1"
"C:\Projects\E-Commerce\frontend\node_modules\caniuse-lite\data\features\will-change.js",".js","1"
"C:\Projects\E-Commerce\frontend\node_modules\caniuse-lite\data\features\woff.js",".js","1"
"C:\Projects\E-Commerce\frontend\node_modules\caniuse-lite\data\features\woff2.js",".js","1"
"C:\Projects\E-Commerce\frontend\node_modules\caniuse-lite\data\features\word-break.js",".js","1"
"C:\Projects\E-Commerce\frontend\node_modules\caniuse-lite\data\features\wordwrap.js",".js","1"
"C:\Projects\E-Commerce\frontend\node_modules\caniuse-lite\data\features\x-doc-messaging.js",".js","1"
"C:\Projects\E-Commerce\frontend\node_modules\caniuse-lite\data\features\x-frame-options.js",".js","1"
"C:\Projects\E-Commerce\frontend\node_modules\caniuse-lite\data\features\xhr2.js",".js","1"
"C:\Projects\E-Commerce\frontend\node_modules\caniuse-lite\data\features\xhtml.js",".js","1"
"C:\Projects\E-Commerce\frontend\node_modules\caniuse-lite\data\features\xhtmlsmil.js",".js","1"
"C:\Projects\E-Commerce\frontend\node_modules\caniuse-lite\data\features\xml-serializer.js",".js","1"
"C:\Projects\E-Commerce\frontend\node_modules\caniuse-lite\data\features\zstd.js",".js","1"
"C:\Projects\E-Commerce\frontend\node_modules\caniuse-lite\data\regions\AD.js",".js","1"
"C:\Projects\E-Commerce\frontend\node_modules\caniuse-lite\data\regions\AE.js",".js","1"
"C:\Projects\E-Commerce\frontend\node_modules\caniuse-lite\data\regions\AF.js",".js","1"
"C:\Projects\E-Commerce\frontend\node_modules\caniuse-lite\data\regions\AG.js",".js","1"
"C:\Projects\E-Commerce\frontend\node_modules\caniuse-lite\data\regions\AI.js",".js","1"
"C:\Projects\E-Commerce\frontend\node_modules\caniuse-lite\data\regions\AL.js",".js","1"
"C:\Projects\E-Commerce\frontend\node_modules\caniuse-lite\data\regions\alt-af.js",".js","1"
"C:\Projects\E-Commerce\frontend\node_modules\caniuse-lite\data\regions\alt-an.js",".js","1"
"C:\Projects\E-Commerce\frontend\node_modules\caniuse-lite\data\regions\alt-as.js",".js","1"
"C:\Projects\E-Commerce\frontend\node_modules\caniuse-lite\data\regions\alt-eu.js",".js","1"
"C:\Projects\E-Commerce\frontend\node_modules\caniuse-lite\data\regions\alt-na.js",".js","1"
"C:\Projects\E-Commerce\frontend\node_modules\caniuse-lite\data\regions\alt-oc.js",".js","1"
"C:\Projects\E-Commerce\frontend\node_modules\caniuse-lite\data\regions\alt-sa.js",".js","1"
"C:\Projects\E-Commerce\frontend\node_modules\caniuse-lite\data\regions\alt-ww.js",".js","1"
"C:\Projects\E-Commerce\frontend\node_modules\caniuse-lite\data\regions\AM.js",".js","1"
"C:\Projects\E-Commerce\frontend\node_modules\caniuse-lite\data\regions\AO.js",".js","1"
"C:\Projects\E-Commerce\frontend\node_modules\caniuse-lite\data\regions\AR.js",".js","1"
"C:\Projects\E-Commerce\frontend\node_modules\caniuse-lite\data\regions\AS.js",".js","1"
"C:\Projects\E-Commerce\frontend\node_modules\caniuse-lite\data\regions\AT.js",".js","1"
"C:\Projects\E-Commerce\frontend\node_modules\caniuse-lite\data\regions\AU.js",".js","1"
"C:\Projects\E-Commerce\frontend\node_modules\caniuse-lite\data\regions\AW.js",".js","1"
"C:\Projects\E-Commerce\frontend\node_modules\caniuse-lite\data\regions\AX.js",".js","1"
"C:\Projects\E-Commerce\frontend\node_modules\caniuse-lite\data\regions\AZ.js",".js","1"
"C:\Projects\E-Commerce\frontend\node_modules\caniuse-lite\data\regions\BA.js",".js","1"
"C:\Projects\E-Commerce\frontend\node_modules\caniuse-lite\data\regions\BB.js",".js","1"
"C:\Projects\E-Commerce\frontend\node_modules\caniuse-lite\data\regions\BD.js",".js","1"
"C:\Projects\E-Commerce\frontend\node_modules\caniuse-lite\data\regions\BE.js",".js","1"
"C:\Projects\E-Commerce\frontend\node_modules\caniuse-lite\data\regions\BF.js",".js","1"
"C:\Projects\E-Commerce\frontend\node_modules\caniuse-lite\data\regions\BG.js",".js","1"
"C:\Projects\E-Commerce\frontend\node_modules\caniuse-lite\data\regions\BH.js",".js","1"
"C:\Projects\E-Commerce\frontend\node_modules\caniuse-lite\data\regions\BI.js",".js","1"
"C:\Projects\E-Commerce\frontend\node_modules\caniuse-lite\data\regions\BJ.js",".js","1"
"C:\Projects\E-Commerce\frontend\node_modules\caniuse-lite\data\regions\BM.js",".js","1"
"C:\Projects\E-Commerce\frontend\node_modules\caniuse-lite\data\regions\BN.js",".js","1"
"C:\Projects\E-Commerce\frontend\node_modules\caniuse-lite\data\regions\BO.js",".js","1"
"C:\Projects\E-Commerce\frontend\node_modules\caniuse-lite\data\regions\BR.js",".js","1"
"C:\Projects\E-Commerce\frontend\node_modules\caniuse-lite\data\regions\BS.js",".js","1"
"C:\Projects\E-Commerce\frontend\node_modules\caniuse-lite\data\regions\BT.js",".js","1"
"C:\Projects\E-Commerce\frontend\node_modules\caniuse-lite\data\regions\BW.js",".js","1"
"C:\Projects\E-Commerce\frontend\node_modules\caniuse-lite\data\regions\BY.js",".js","1"
"C:\Projects\E-Commerce\frontend\node_modules\caniuse-lite\data\regions\BZ.js",".js","1"
"C:\Projects\E-Commerce\frontend\node_modules\caniuse-lite\data\regions\CA.js",".js","1"
"C:\Projects\E-Commerce\frontend\node_modules\caniuse-lite\data\regions\CD.js",".js","1"
"C:\Projects\E-Commerce\frontend\node_modules\caniuse-lite\data\regions\CF.js",".js","1"
"C:\Projects\E-Commerce\frontend\node_modules\caniuse-lite\data\regions\CG.js",".js","1"
"C:\Projects\E-Commerce\frontend\node_modules\caniuse-lite\data\regions\CH.js",".js","1"
"C:\Projects\E-Commerce\frontend\node_modules\caniuse-lite\data\regions\CI.js",".js","1"
"C:\Projects\E-Commerce\frontend\node_modules\caniuse-lite\data\regions\CK.js",".js","1"
"C:\Projects\E-Commerce\frontend\node_modules\caniuse-lite\data\regions\CL.js",".js","1"
"C:\Projects\E-Commerce\frontend\node_modules\caniuse-lite\data\regions\CM.js",".js","1"
"C:\Projects\E-Commerce\frontend\node_modules\caniuse-lite\data\regions\CN.js",".js","1"
"C:\Projects\E-Commerce\frontend\node_modules\caniuse-lite\data\regions\CO.js",".js","1"
"C:\Projects\E-Commerce\frontend\node_modules\caniuse-lite\data\regions\CR.js",".js","1"
"C:\Projects\E-Commerce\frontend\node_modules\caniuse-lite\data\regions\CU.js",".js","1"
"C:\Projects\E-Commerce\frontend\node_modules\caniuse-lite\data\regions\CV.js",".js","1"
"C:\Projects\E-Commerce\frontend\node_modules\caniuse-lite\data\regions\CX.js",".js","1"
"C:\Projects\E-Commerce\frontend\node_modules\caniuse-lite\data\regions\CY.js",".js","1"
"C:\Projects\E-Commerce\frontend\node_modules\caniuse-lite\data\regions\CZ.js",".js","1"
"C:\Projects\E-Commerce\frontend\node_modules\caniuse-lite\data\regions\DE.js",".js","1"
"C:\Projects\E-Commerce\frontend\node_modules\caniuse-lite\data\regions\DJ.js",".js","1"
"C:\Projects\E-Commerce\frontend\node_modules\caniuse-lite\data\regions\DK.js",".js","1"
"C:\Projects\E-Commerce\frontend\node_modules\caniuse-lite\data\regions\DM.js",".js","1"
"C:\Projects\E-Commerce\frontend\node_modules\caniuse-lite\data\regions\DO.js",".js","1"
"C:\Projects\E-Commerce\frontend\node_modules\caniuse-lite\data\regions\DZ.js",".js","1"
"C:\Projects\E-Commerce\frontend\node_modules\caniuse-lite\data\regions\EC.js",".js","1"
"C:\Projects\E-Commerce\frontend\node_modules\caniuse-lite\data\regions\EE.js",".js","1"
"C:\Projects\E-Commerce\frontend\node_modules\caniuse-lite\data\regions\EG.js",".js","1"
"C:\Projects\E-Commerce\frontend\node_modules\caniuse-lite\data\regions\ER.js",".js","1"
"C:\Projects\E-Commerce\frontend\node_modules\caniuse-lite\data\regions\ES.js",".js","1"
"C:\Projects\E-Commerce\frontend\node_modules\caniuse-lite\data\regions\ET.js",".js","1"
"C:\Projects\E-Commerce\frontend\node_modules\caniuse-lite\data\regions\FI.js",".js","1"
"C:\Projects\E-Commerce\frontend\node_modules\caniuse-lite\data\regions\FJ.js",".js","1"
"C:\Projects\E-Commerce\frontend\node_modules\caniuse-lite\data\regions\FK.js",".js","1"
"C:\Projects\E-Commerce\frontend\node_modules\caniuse-lite\data\regions\FM.js",".js","1"
"C:\Projects\E-Commerce\frontend\node_modules\caniuse-lite\data\regions\FO.js",".js","1"
"C:\Projects\E-Commerce\frontend\node_modules\caniuse-lite\data\regions\FR.js",".js","1"
"C:\Projects\E-Commerce\frontend\node_modules\caniuse-lite\data\regions\GA.js",".js","1"
"C:\Projects\E-Commerce\frontend\node_modules\caniuse-lite\data\regions\GB.js",".js","1"
"C:\Projects\E-Commerce\frontend\node_modules\caniuse-lite\data\regions\GD.js",".js","1"
"C:\Projects\E-Commerce\frontend\node_modules\caniuse-lite\data\regions\GE.js",".js","1"
"C:\Projects\E-Commerce\frontend\node_modules\caniuse-lite\data\regions\GF.js",".js","1"
"C:\Projects\E-Commerce\frontend\node_modules\caniuse-lite\data\regions\GG.js",".js","1"
"C:\Projects\E-Commerce\frontend\node_modules\caniuse-lite\data\regions\GH.js",".js","1"
"C:\Projects\E-Commerce\frontend\node_modules\caniuse-lite\data\regions\GI.js",".js","1"
"C:\Projects\E-Commerce\frontend\node_modules\caniuse-lite\data\regions\GL.js",".js","1"
"C:\Projects\E-Commerce\frontend\node_modules\caniuse-lite\data\regions\GM.js",".js","1"
"C:\Projects\E-Commerce\frontend\node_modules\caniuse-lite\data\regions\GN.js",".js","1"
"C:\Projects\E-Commerce\frontend\node_modules\caniuse-lite\data\regions\GP.js",".js","1"
"C:\Projects\E-Commerce\frontend\node_modules\caniuse-lite\data\regions\GQ.js",".js","1"
"C:\Projects\E-Commerce\frontend\node_modules\caniuse-lite\data\regions\GR.js",".js","1"
"C:\Projects\E-Commerce\frontend\node_modules\caniuse-lite\data\regions\GT.js",".js","1"
"C:\Projects\E-Commerce\frontend\node_modules\caniuse-lite\data\regions\GU.js",".js","1"
"C:\Projects\E-Commerce\frontend\node_modules\caniuse-lite\data\regions\GW.js",".js","1"
"C:\Projects\E-Commerce\frontend\node_modules\caniuse-lite\data\regions\GY.js",".js","1"
"C:\Projects\E-Commerce\frontend\node_modules\caniuse-lite\data\regions\HK.js",".js","1"
"C:\Projects\E-Commerce\frontend\node_modules\caniuse-lite\data\regions\HN.js",".js","1"
"C:\Projects\E-Commerce\frontend\node_modules\caniuse-lite\data\regions\HR.js",".js","1"
"C:\Projects\E-Commerce\frontend\node_modules\caniuse-lite\data\regions\HT.js",".js","1"
"C:\Projects\E-Commerce\frontend\node_modules\caniuse-lite\data\regions\HU.js",".js","1"
"C:\Projects\E-Commerce\frontend\node_modules\caniuse-lite\data\regions\ID.js",".js","1"
"C:\Projects\E-Commerce\frontend\node_modules\caniuse-lite\data\regions\IE.js",".js","1"
"C:\Projects\E-Commerce\frontend\node_modules\caniuse-lite\data\regions\IL.js",".js","1"
"C:\Projects\E-Commerce\frontend\node_modules\caniuse-lite\data\regions\IM.js",".js","1"
"C:\Projects\E-Commerce\frontend\node_modules\caniuse-lite\data\regions\IN.js",".js","1"
"C:\Projects\E-Commerce\frontend\node_modules\caniuse-lite\data\regions\IQ.js",".js","1"
"C:\Projects\E-Commerce\frontend\node_modules\caniuse-lite\data\regions\IR.js",".js","1"
"C:\Projects\E-Commerce\frontend\node_modules\caniuse-lite\data\regions\IS.js",".js","1"
"C:\Projects\E-Commerce\frontend\node_modules\caniuse-lite\data\regions\IT.js",".js","1"
"C:\Projects\E-Commerce\frontend\node_modules\caniuse-lite\data\regions\JE.js",".js","1"
"C:\Projects\E-Commerce\frontend\node_modules\caniuse-lite\data\regions\JM.js",".js","1"
"C:\Projects\E-Commerce\frontend\node_modules\caniuse-lite\data\regions\JO.js",".js","1"
"C:\Projects\E-Commerce\frontend\node_modules\caniuse-lite\data\regions\JP.js",".js","1"
"C:\Projects\E-Commerce\frontend\node_modules\caniuse-lite\data\regions\KE.js",".js","1"
"C:\Projects\E-Commerce\frontend\node_modules\caniuse-lite\data\regions\KG.js",".js","1"
"C:\Projects\E-Commerce\frontend\node_modules\caniuse-lite\data\regions\KH.js",".js","1"
"C:\Projects\E-Commerce\frontend\node_modules\caniuse-lite\data\regions\KI.js",".js","1"
"C:\Projects\E-Commerce\frontend\node_modules\caniuse-lite\data\regions\KM.js",".js","1"
"C:\Projects\E-Commerce\frontend\node_modules\caniuse-lite\data\regions\KN.js",".js","1"
"C:\Projects\E-Commerce\frontend\node_modules\caniuse-lite\data\regions\KP.js",".js","1"
"C:\Projects\E-Commerce\frontend\node_modules\caniuse-lite\data\regions\KR.js",".js","1"
"C:\Projects\E-Commerce\frontend\node_modules\caniuse-lite\data\regions\KW.js",".js","1"
"C:\Projects\E-Commerce\frontend\node_modules\caniuse-lite\data\regions\KY.js",".js","1"
"C:\Projects\E-Commerce\frontend\node_modules\caniuse-lite\data\regions\KZ.js",".js","1"
"C:\Projects\E-Commerce\frontend\node_modules\caniuse-lite\data\regions\LA.js",".js","1"
"C:\Projects\E-Commerce\frontend\node_modules\caniuse-lite\data\regions\LB.js",".js","1"
"C:\Projects\E-Commerce\frontend\node_modules\caniuse-lite\data\regions\LC.js",".js","1"
"C:\Projects\E-Commerce\frontend\node_modules\caniuse-lite\data\regions\LI.js",".js","1"
"C:\Projects\E-Commerce\frontend\node_modules\caniuse-lite\data\regions\LK.js",".js","1"
"C:\Projects\E-Commerce\frontend\node_modules\caniuse-lite\data\regions\LR.js",".js","1"
"C:\Projects\E-Commerce\frontend\node_modules\caniuse-lite\data\regions\LS.js",".js","1"
"C:\Projects\E-Commerce\frontend\node_modules\caniuse-lite\data\regions\LT.js",".js","1"
"C:\Projects\E-Commerce\frontend\node_modules\caniuse-lite\data\regions\LU.js",".js","1"
"C:\Projects\E-Commerce\frontend\node_modules\caniuse-lite\data\regions\LV.js",".js","1"
"C:\Projects\E-Commerce\frontend\node_modules\caniuse-lite\data\regions\LY.js",".js","1"
"C:\Projects\E-Commerce\frontend\node_modules\caniuse-lite\data\regions\MA.js",".js","1"
"C:\Projects\E-Commerce\frontend\node_modules\caniuse-lite\data\regions\MC.js",".js","1"
"C:\Projects\E-Commerce\frontend\node_modules\caniuse-lite\data\regions\MD.js",".js","1"
"C:\Projects\E-Commerce\frontend\node_modules\caniuse-lite\data\regions\ME.js",".js","1"
"C:\Projects\E-Commerce\frontend\node_modules\caniuse-lite\data\regions\MG.js",".js","1"
"C:\Projects\E-Commerce\frontend\node_modules\caniuse-lite\data\regions\MH.js",".js","1"
"C:\Projects\E-Commerce\frontend\node_modules\caniuse-lite\data\regions\MK.js",".js","1"
"C:\Projects\E-Commerce\frontend\node_modules\caniuse-lite\data\regions\ML.js",".js","1"
"C:\Projects\E-Commerce\frontend\node_modules\caniuse-lite\data\regions\MM.js",".js","1"
"C:\Projects\E-Commerce\frontend\node_modules\caniuse-lite\data\regions\MN.js",".js","1"
"C:\Projects\E-Commerce\frontend\node_modules\caniuse-lite\data\regions\MO.js",".js","1"
"C:\Projects\E-Commerce\frontend\node_modules\caniuse-lite\data\regions\MP.js",".js","1"
"C:\Projects\E-Commerce\frontend\node_modules\caniuse-lite\data\regions\MQ.js",".js","1"
"C:\Projects\E-Commerce\frontend\node_modules\caniuse-lite\data\regions\MR.js",".js","1"
"C:\Projects\E-Commerce\frontend\node_modules\caniuse-lite\data\regions\MS.js",".js","1"
"C:\Projects\E-Commerce\frontend\node_modules\caniuse-lite\data\regions\MT.js",".js","1"
"C:\Projects\E-Commerce\frontend\node_modules\caniuse-lite\data\regions\MU.js",".js","1"
"C:\Projects\E-Commerce\frontend\node_modules\caniuse-lite\data\regions\MV.js",".js","1"
"C:\Projects\E-Commerce\frontend\node_modules\caniuse-lite\data\regions\MW.js",".js","1"
"C:\Projects\E-Commerce\frontend\node_modules\caniuse-lite\data\regions\MX.js",".js","1"
"C:\Projects\E-Commerce\frontend\node_modules\caniuse-lite\data\regions\MY.js",".js","1"
"C:\Projects\E-Commerce\frontend\node_modules\caniuse-lite\data\regions\MZ.js",".js","1"
"C:\Projects\E-Commerce\frontend\node_modules\caniuse-lite\data\regions\NA.js",".js","1"
"C:\Projects\E-Commerce\frontend\node_modules\caniuse-lite\data\regions\NC.js",".js","1"
"C:\Projects\E-Commerce\frontend\node_modules\caniuse-lite\data\regions\NE.js",".js","1"
"C:\Projects\E-Commerce\frontend\node_modules\caniuse-lite\data\regions\NF.js",".js","1"
"C:\Projects\E-Commerce\frontend\node_modules\caniuse-lite\data\regions\NG.js",".js","1"
"C:\Projects\E-Commerce\frontend\node_modules\caniuse-lite\data\regions\NI.js",".js","1"
"C:\Projects\E-Commerce\frontend\node_modules\caniuse-lite\data\regions\NL.js",".js","1"
"C:\Projects\E-Commerce\frontend\node_modules\caniuse-lite\data\regions\NO.js",".js","1"
"C:\Projects\E-Commerce\frontend\node_modules\caniuse-lite\data\regions\NP.js",".js","1"
"C:\Projects\E-Commerce\frontend\node_modules\caniuse-lite\data\regions\NR.js",".js","1"
"C:\Projects\E-Commerce\frontend\node_modules\caniuse-lite\data\regions\NU.js",".js","1"
"C:\Projects\E-Commerce\frontend\node_modules\caniuse-lite\data\regions\NZ.js",".js","1"
"C:\Projects\E-Commerce\frontend\node_modules\caniuse-lite\data\regions\OM.js",".js","1"
"C:\Projects\E-Commerce\frontend\node_modules\caniuse-lite\data\regions\PA.js",".js","1"
"C:\Projects\E-Commerce\frontend\node_modules\caniuse-lite\data\regions\PE.js",".js","1"
"C:\Projects\E-Commerce\frontend\node_modules\caniuse-lite\data\regions\PF.js",".js","1"
"C:\Projects\E-Commerce\frontend\node_modules\caniuse-lite\data\regions\PG.js",".js","1"
"C:\Projects\E-Commerce\frontend\node_modules\caniuse-lite\data\regions\PH.js",".js","1"
"C:\Projects\E-Commerce\frontend\node_modules\caniuse-lite\data\regions\PK.js",".js","1"
"C:\Projects\E-Commerce\frontend\node_modules\caniuse-lite\data\regions\PL.js",".js","1"
"C:\Projects\E-Commerce\frontend\node_modules\caniuse-lite\data\regions\PM.js",".js","1"
"C:\Projects\E-Commerce\frontend\node_modules\caniuse-lite\data\regions\PN.js",".js","1"
"C:\Projects\E-Commerce\frontend\node_modules\caniuse-lite\data\regions\PR.js",".js","1"
"C:\Projects\E-Commerce\frontend\node_modules\caniuse-lite\data\regions\PS.js",".js","1"
"C:\Projects\E-Commerce\frontend\node_modules\caniuse-lite\data\regions\PT.js",".js","1"
"C:\Projects\E-Commerce\frontend\node_modules\caniuse-lite\data\regions\PW.js",".js","1"
"C:\Projects\E-Commerce\frontend\node_modules\caniuse-lite\data\regions\PY.js",".js","1"
"C:\Projects\E-Commerce\frontend\node_modules\caniuse-lite\data\regions\QA.js",".js","1"
"C:\Projects\E-Commerce\frontend\node_modules\caniuse-lite\data\regions\RE.js",".js","1"
"C:\Projects\E-Commerce\frontend\node_modules\caniuse-lite\data\regions\RO.js",".js","1"
"C:\Projects\E-Commerce\frontend\node_modules\caniuse-lite\data\regions\RS.js",".js","1"
"C:\Projects\E-Commerce\frontend\node_modules\caniuse-lite\data\regions\RU.js",".js","1"
"C:\Projects\E-Commerce\frontend\node_modules\caniuse-lite\data\regions\RW.js",".js","1"
"C:\Projects\E-Commerce\frontend\node_modules\caniuse-lite\data\regions\SA.js",".js","1"
"C:\Projects\E-Commerce\frontend\node_modules\caniuse-lite\data\regions\SB.js",".js","1"
"C:\Projects\E-Commerce\frontend\node_modules\caniuse-lite\data\regions\SC.js",".js","1"
"C:\Projects\E-Commerce\frontend\node_modules\caniuse-lite\data\regions\SD.js",".js","1"
"C:\Projects\E-Commerce\frontend\node_modules\caniuse-lite\data\regions\SE.js",".js","1"
"C:\Projects\E-Commerce\frontend\node_modules\caniuse-lite\data\regions\SG.js",".js","1"
"C:\Projects\E-Commerce\frontend\node_modules\caniuse-lite\data\regions\SH.js",".js","1"
"C:\Projects\E-Commerce\frontend\node_modules\caniuse-lite\data\regions\SI.js",".js","1"
"C:\Projects\E-Commerce\frontend\node_modules\caniuse-lite\data\regions\SK.js",".js","1"
"C:\Projects\E-Commerce\frontend\node_modules\caniuse-lite\data\regions\SL.js",".js","1"
"C:\Projects\E-Commerce\frontend\node_modules\caniuse-lite\data\regions\SM.js",".js","1"
"C:\Projects\E-Commerce\frontend\node_modules\caniuse-lite\data\regions\SN.js",".js","1"
"C:\Projects\E-Commerce\frontend\node_modules\caniuse-lite\data\regions\SO.js",".js","1"
"C:\Projects\E-Commerce\frontend\node_modules\caniuse-lite\data\regions\SR.js",".js","1"
"C:\Projects\E-Commerce\frontend\node_modules\caniuse-lite\data\regions\ST.js",".js","1"
"C:\Projects\E-Commerce\frontend\node_modules\caniuse-lite\data\regions\SV.js",".js","1"
"C:\Projects\E-Commerce\frontend\node_modules\caniuse-lite\data\regions\SY.js",".js","1"
"C:\Projects\E-Commerce\frontend\node_modules\caniuse-lite\data\regions\SZ.js",".js","1"
"C:\Projects\E-Commerce\frontend\node_modules\caniuse-lite\data\regions\TC.js",".js","1"
"C:\Projects\E-Commerce\frontend\node_modules\caniuse-lite\data\regions\TD.js",".js","1"
"C:\Projects\E-Commerce\frontend\node_modules\caniuse-lite\data\regions\TG.js",".js","1"
"C:\Projects\E-Commerce\frontend\node_modules\caniuse-lite\data\regions\TH.js",".js","1"
"C:\Projects\E-Commerce\frontend\node_modules\caniuse-lite\data\regions\TJ.js",".js","1"
"C:\Projects\E-Commerce\frontend\node_modules\caniuse-lite\data\regions\TL.js",".js","1"
"C:\Projects\E-Commerce\frontend\node_modules\caniuse-lite\data\regions\TM.js",".js","1"
"C:\Projects\E-Commerce\frontend\node_modules\caniuse-lite\data\regions\TN.js",".js","1"
"C:\Projects\E-Commerce\frontend\node_modules\caniuse-lite\data\regions\TO.js",".js","1"
"C:\Projects\E-Commerce\frontend\node_modules\caniuse-lite\data\regions\TR.js",".js","1"
"C:\Projects\E-Commerce\frontend\node_modules\caniuse-lite\data\regions\TT.js",".js","1"
"C:\Projects\E-Commerce\frontend\node_modules\caniuse-lite\data\regions\TV.js",".js","1"
"C:\Projects\E-Commerce\frontend\node_modules\caniuse-lite\data\regions\TW.js",".js","1"
"C:\Projects\E-Commerce\frontend\node_modules\caniuse-lite\data\regions\TZ.js",".js","1"
"C:\Projects\E-Commerce\frontend\node_modules\caniuse-lite\data\regions\UA.js",".js","1"
"C:\Projects\E-Commerce\frontend\node_modules\caniuse-lite\data\regions\UG.js",".js","1"
"C:\Projects\E-Commerce\frontend\node_modules\caniuse-lite\data\regions\US.js",".js","1"
"C:\Projects\E-Commerce\frontend\node_modules\caniuse-lite\data\regions\UY.js",".js","1"
"C:\Projects\E-Commerce\frontend\node_modules\caniuse-lite\data\regions\UZ.js",".js","1"
"C:\Projects\E-Commerce\frontend\node_modules\caniuse-lite\data\regions\VA.js",".js","1"
"C:\Projects\E-Commerce\frontend\node_modules\caniuse-lite\data\regions\VC.js",".js","1"
"C:\Projects\E-Commerce\frontend\node_modules\caniuse-lite\data\regions\VE.js",".js","1"
"C:\Projects\E-Commerce\frontend\node_modules\caniuse-lite\data\regions\VG.js",".js","1"
"C:\Projects\E-Commerce\frontend\node_modules\caniuse-lite\data\regions\VI.js",".js","1"
"C:\Projects\E-Commerce\frontend\node_modules\caniuse-lite\data\regions\VN.js",".js","1"
"C:\Projects\E-Commerce\frontend\node_modules\caniuse-lite\data\regions\VU.js",".js","1"
"C:\Projects\E-Commerce\frontend\node_modules\caniuse-lite\data\regions\WF.js",".js","1"
"C:\Projects\E-Commerce\frontend\node_modules\caniuse-lite\data\regions\WS.js",".js","1"
"C:\Projects\E-Commerce\frontend\node_modules\caniuse-lite\data\regions\YE.js",".js","1"
"C:\Projects\E-Commerce\frontend\node_modules\caniuse-lite\data\regions\YT.js",".js","1"
"C:\Projects\E-Commerce\frontend\node_modules\caniuse-lite\data\regions\ZA.js",".js","1"
"C:\Projects\E-Commerce\frontend\node_modules\caniuse-lite\data\regions\ZM.js",".js","1"
"C:\Projects\E-Commerce\frontend\node_modules\caniuse-lite\data\regions\ZW.js",".js","1"
"C:\Projects\E-Commerce\frontend\node_modules\caniuse-lite\data\agents.js",".js","1"
"C:\Projects\E-Commerce\frontend\node_modules\caniuse-lite\data\browsers.js",".js","1"
"C:\Projects\E-Commerce\frontend\node_modules\caniuse-lite\data\browserVersions.js",".js","1"
"C:\Projects\E-Commerce\frontend\node_modules\caniuse-lite\data\features.js",".js","1"
"C:\Projects\E-Commerce\frontend\node_modules\caniuse-lite\data\versionGroups.js",".js","1"
"C:\Projects\E-Commerce\frontend\node_modules\caniuse-lite\dist\lib\statuses.js",".js","9"
"C:\Projects\E-Commerce\frontend\node_modules\caniuse-lite\dist\lib\supported.js",".js","9"
"C:\Projects\E-Commerce\frontend\node_modules\caniuse-lite\dist\unpacker\agents.js",".js","44"
"C:\Projects\E-Commerce\frontend\node_modules\caniuse-lite\dist\unpacker\browsers.js",".js","1"
"C:\Projects\E-Commerce\frontend\node_modules\caniuse-lite\dist\unpacker\browserVersions.js",".js","1"
"C:\Projects\E-Commerce\frontend\node_modules\caniuse-lite\dist\unpacker\feature.js",".js","71"
"C:\Projects\E-Commerce\frontend\node_modules\caniuse-lite\dist\unpacker\features.js",".js","5"
"C:\Projects\E-Commerce\frontend\node_modules\caniuse-lite\dist\unpacker\index.js",".js","4"
"C:\Projects\E-Commerce\frontend\node_modules\caniuse-lite\dist\unpacker\region.js",".js","19"
"C:\Projects\E-Commerce\frontend\node_modules\caniuse-lite\dist\unpacker\versionGroups.js",".js","1"
"C:\Projects\E-Commerce\frontend\node_modules\caniuse-lite\LICENSE","","305"
"C:\Projects\E-Commerce\frontend\node_modules\caniuse-lite\package.json",".json","34"
"C:\Projects\E-Commerce\frontend\node_modules\caniuse-lite\README.md",".md","2"
"C:\Projects\E-Commerce\frontend\node_modules\chokidar\lib\constants.js",".js","57"
"C:\Projects\E-Commerce\frontend\node_modules\chokidar\lib\fsevents-handler.js",".js","464"
"C:\Projects\E-Commerce\frontend\node_modules\chokidar\lib\nodefs-handler.js",".js","584"
"C:\Projects\E-Commerce\frontend\node_modules\chokidar\node_modules\glob-parent\CHANGELOG.md",".md","52"
"C:\Projects\E-Commerce\frontend\node_modules\chokidar\node_modules\glob-parent\index.js",".js","34"
"C:\Projects\E-Commerce\frontend\node_modules\chokidar\node_modules\glob-parent\LICENSE","","12"
"C:\Projects\E-Commerce\frontend\node_modules\chokidar\node_modules\glob-parent\package.json",".json","48"
"C:\Projects\E-Commerce\frontend\node_modules\chokidar\node_modules\glob-parent\README.md",".md","102"
"C:\Projects\E-Commerce\frontend\node_modules\chokidar\types\index.d.ts",".ts","158"
"C:\Projects\E-Commerce\frontend\node_modules\chokidar\index.js",".js","849"
"C:\Projects\E-Commerce\frontend\node_modules\chokidar\LICENSE","","17"
"C:\Projects\E-Commerce\frontend\node_modules\chokidar\package.json",".json","70"
"C:\Projects\E-Commerce\frontend\node_modules\chokidar\README.md",".md","247"
"C:\Projects\E-Commerce\frontend\node_modules\combined-stream\lib\combined_stream.js",".js","168"
"C:\Projects\E-Commerce\frontend\node_modules\combined-stream\License","","16"
"C:\Projects\E-Commerce\frontend\node_modules\combined-stream\package.json",".json","25"
"C:\Projects\E-Commerce\frontend\node_modules\combined-stream\Readme.md",".md","91"
"C:\Projects\E-Commerce\frontend\node_modules\combined-stream\yarn.lock",".lock","13"
"C:\Projects\E-Commerce\frontend\node_modules\commander\typings\index.d.ts",".ts","276"
"C:\Projects\E-Commerce\frontend\node_modules\commander\CHANGELOG.md",".md","317"
"C:\Projects\E-Commerce\frontend\node_modules\commander\index.js",".js","1434"
"C:\Projects\E-Commerce\frontend\node_modules\commander\LICENSE","","18"
"C:\Projects\E-Commerce\frontend\node_modules\commander\package.json",".json","41"
"C:\Projects\E-Commerce\frontend\node_modules\commander\Readme.md",".md","532"
"C:\Projects\E-Commerce\frontend\node_modules\cssesc\bin\cssesc","","109"
"C:\Projects\E-Commerce\frontend\node_modules\cssesc\man\cssesc.1",".1","70"
"C:\Projects\E-Commerce\frontend\node_modules\cssesc\cssesc.js",".js","100"
"C:\Projects\E-Commerce\frontend\node_modules\cssesc\LICENSE-MIT.txt",".txt","17"
"C:\Projects\E-Commerce\frontend\node_modules\cssesc\package.json",".json","51"
"C:\Projects\E-Commerce\frontend\node_modules\cssesc\README.md",".md","139"
"C:\Projects\E-Commerce\frontend\node_modules\cssom\lib\clone.js",".js","60"
"C:\Projects\E-Commerce\frontend\node_modules\cssom\lib\CSSConditionRule.js",".js","21"
"C:\Projects\E-Commerce\frontend\node_modules\cssom\lib\CSSDocumentRule.js",".js","33"
"C:\Projects\E-Commerce\frontend\node_modules\cssom\lib\CSSFontFaceRule.js",".js","30"
"C:\Projects\E-Commerce\frontend\node_modules\cssom\lib\CSSGroupingRule.js",".js","61"
"C:\Projects\E-Commerce\frontend\node_modules\cssom\lib\CSSHostRule.js",".js","31"
"C:\Projects\E-Commerce\frontend\node_modules\cssom\lib\CSSImportRule.js",".js","117"
"C:\Projects\E-Commerce\frontend\node_modules\cssom\lib\CSSKeyframeRule.js",".js","31"
"C:\Projects\E-Commerce\frontend\node_modules\cssom\lib\CSSKeyframesRule.js",".js","33"
"C:\Projects\E-Commerce\frontend\node_modules\cssom\lib\CSSMediaRule.js",".js","47"
"C:\Projects\E-Commerce\frontend\node_modules\cssom\lib\CSSOM.js",".js","1"
"C:\Projects\E-Commerce\frontend\node_modules\cssom\lib\CSSRule.js",".js","36"
"C:\Projects\E-Commerce\frontend\node_modules\cssom\lib\CSSStyleDeclaration.js",".js","126"
"C:\Projects\E-Commerce\frontend\node_modules\cssom\lib\CSSStyleRule.js",".js","165"
"C:\Projects\E-Commerce\frontend\node_modules\cssom\lib\CSSStyleSheet.js",".js","76"
"C:\Projects\E-Commerce\frontend\node_modules\cssom\lib\CSSSupportsRule.js",".js","29"
"C:\Projects\E-Commerce\frontend\node_modules\cssom\lib\CSSValue.js",".js","32"
"C:\Projects\E-Commerce\frontend\node_modules\cssom\lib\CSSValueExpression.js",".js","292"
"C:\Projects\E-Commerce\frontend\node_modules\cssom\lib\index.js",".js","22"
"C:\Projects\E-Commerce\frontend\node_modules\cssom\lib\MatcherList.js",".js","51"
"C:\Projects\E-Commerce\frontend\node_modules\cssom\lib\MediaList.js",".js","50"
"C:\Projects\E-Commerce\frontend\node_modules\cssom\lib\parse.js",".js","423"
"C:\Projects\E-Commerce\frontend\node_modules\cssom\lib\StyleSheet.js",".js","13"
"C:\Projects\E-Commerce\frontend\node_modules\cssom\LICENSE.txt",".txt","17"
"C:\Projects\E-Commerce\frontend\node_modules\cssom\package.json",".json","18"
"C:\Projects\E-Commerce\frontend\node_modules\cssom\README.mdown",".mdown","46"
"C:\Projects\E-Commerce\frontend\node_modules\cssstyle\lib\properties\azimuth.js",".js","64"
"C:\Projects\E-Commerce\frontend\node_modules\cssstyle\lib\properties\background.js",".js","16"
"C:\Projects\E-Commerce\frontend\node_modules\cssstyle\lib\properties\backgroundAttachment.js",".js","21"
"C:\Projects\E-Commerce\frontend\node_modules\cssstyle\lib\properties\backgroundColor.js",".js","32"
"C:\Projects\E-Commerce\frontend\node_modules\cssstyle\lib\properties\backgroundImage.js",".js","28"
"C:\Projects\E-Commerce\frontend\node_modules\cssstyle\lib\properties\backgroundPosition.js",".js","53"
"C:\Projects\E-Commerce\frontend\node_modules\cssstyle\lib\properties\backgroundRepeat.js",".js","28"
"C:\Projects\E-Commerce\frontend\node_modules\cssstyle\lib\properties\border.js",".js","29"
"C:\Projects\E-Commerce\frontend\node_modules\cssstyle\lib\properties\borderBottom.js",".js","14"
"C:\Projects\E-Commerce\frontend\node_modules\cssstyle\lib\properties\borderBottomColor.js",".js","14"
"C:\Projects\E-Commerce\frontend\node_modules\cssstyle\lib\properties\borderBottomStyle.js",".js","19"
"C:\Projects\E-Commerce\frontend\node_modules\cssstyle\lib\properties\borderBottomWidth.js",".js","14"
"C:\Projects\E-Commerce\frontend\node_modules\cssstyle\lib\properties\borderCollapse.js",".js","23"
"C:\Projects\E-Commerce\frontend\node_modules\cssstyle\lib\properties\borderColor.js",".js","26"
"C:\Projects\E-Commerce\frontend\node_modules\cssstyle\lib\properties\borderLeft.js",".js","14"
"C:\Projects\E-Commerce\frontend\node_modules\cssstyle\lib\properties\borderLeftColor.js",".js","14"
"C:\Projects\E-Commerce\frontend\node_modules\cssstyle\lib\properties\borderLeftStyle.js",".js","19"
"C:\Projects\E-Commerce\frontend\node_modules\cssstyle\lib\properties\borderLeftWidth.js",".js","14"
"C:\Projects\E-Commerce\frontend\node_modules\cssstyle\lib\properties\borderRight.js",".js","14"
"C:\Projects\E-Commerce\frontend\node_modules\cssstyle\lib\properties\borderRightColor.js",".js","14"
"C:\Projects\E-Commerce\frontend\node_modules\cssstyle\lib\properties\borderRightStyle.js",".js","19"
"C:\Projects\E-Commerce\frontend\node_modules\cssstyle\lib\properties\borderRightWidth.js",".js","14"
"C:\Projects\E-Commerce\frontend\node_modules\cssstyle\lib\properties\borderSpacing.js",".js","36"
"C:\Projects\E-Commerce\frontend\node_modules\cssstyle\lib\properties\borderStyle.js",".js","33"
"C:\Projects\E-Commerce\frontend\node_modules\cssstyle\lib\properties\borderTop.js",".js","14"
"C:\Projects\E-Commerce\frontend\node_modules\cssstyle\lib\properties\borderTopColor.js",".js","14"
"C:\Projects\E-Commerce\frontend\node_modules\cssstyle\lib\properties\borderTopStyle.js",".js","19"
"C:\Projects\E-Commerce\frontend\node_modules\cssstyle\lib\properties\borderTopWidth.js",".js","15"
"C:\Projects\E-Commerce\frontend\node_modules\cssstyle\lib\properties\borderWidth.js",".js","41"
"C:\Projects\E-Commerce\frontend\node_modules\cssstyle\lib\properties\bottom.js",".js","12"
"C:\Projects\E-Commerce\frontend\node_modules\cssstyle\lib\properties\clear.js",".js","13"
"C:\Projects\E-Commerce\frontend\node_modules\cssstyle\lib\properties\clip.js",".js","43"
"C:\Projects\E-Commerce\frontend\node_modules\cssstyle\lib\properties\color.js",".js","12"
"C:\Projects\E-Commerce\frontend\node_modules\cssstyle\lib\properties\cssFloat.js",".js","11"
"C:\Projects\E-Commerce\frontend\node_modules\cssstyle\lib\properties\flex.js",".js","38"
"C:\Projects\E-Commerce\frontend\node_modules\cssstyle\lib\properties\flexBasis.js",".js","24"
"C:\Projects\E-Commerce\frontend\node_modules\cssstyle\lib\properties\flexGrow.js",".js","16"
"C:\Projects\E-Commerce\frontend\node_modules\cssstyle\lib\properties\flexShrink.js",".js","16"
"C:\Projects\E-Commerce\frontend\node_modules\cssstyle\lib\properties\float.js",".js","11"
"C:\Projects\E-Commerce\frontend\node_modules\cssstyle\lib\properties\floodColor.js",".js","12"
"C:\Projects\E-Commerce\frontend\node_modules\cssstyle\lib\properties\font.js",".js","38"
"C:\Projects\E-Commerce\frontend\node_modules\cssstyle\lib\properties\fontFamily.js",".js","30"
"C:\Projects\E-Commerce\frontend\node_modules\cssstyle\lib\properties\fontSize.js",".js","33"
"C:\Projects\E-Commerce\frontend\node_modules\cssstyle\lib\properties\fontStyle.js",".js","15"
"C:\Projects\E-Commerce\frontend\node_modules\cssstyle\lib\properties\fontVariant.js",".js","15"
"C:\Projects\E-Commerce\frontend\node_modules\cssstyle\lib\properties\fontWeight.js",".js","30"
"C:\Projects\E-Commerce\frontend\node_modules\cssstyle\lib\properties\height.js",".js","21"
"C:\Projects\E-Commerce\frontend\node_modules\cssstyle\lib\properties\left.js",".js","12"
"C:\Projects\E-Commerce\frontend\node_modules\cssstyle\lib\properties\lightingColor.js",".js","12"
"C:\Projects\E-Commerce\frontend\node_modules\cssstyle\lib\properties\lineHeight.js",".js","23"
"C:\Projects\E-Commerce\frontend\node_modules\cssstyle\lib\properties\margin.js",".js","61"
"C:\Projects\E-Commerce\frontend\node_modules\cssstyle\lib\properties\marginBottom.js",".js","11"
"C:\Projects\E-Commerce\frontend\node_modules\cssstyle\lib\properties\marginLeft.js",".js","11"
"C:\Projects\E-Commerce\frontend\node_modules\cssstyle\lib\properties\marginRight.js",".js","11"
"C:\Projects\E-Commerce\frontend\node_modules\cssstyle\lib\properties\marginTop.js",".js","11"
"C:\Projects\E-Commerce\frontend\node_modules\cssstyle\lib\properties\opacity.js",".js","12"
"C:\Projects\E-Commerce\frontend\node_modules\cssstyle\lib\properties\outlineColor.js",".js","12"
"C:\Projects\E-Commerce\frontend\node_modules\cssstyle\lib\properties\padding.js",".js","54"
"C:\Projects\E-Commerce\frontend\node_modules\cssstyle\lib\properties\paddingBottom.js",".js","11"
"C:\Projects\E-Commerce\frontend\node_modules\cssstyle\lib\properties\paddingLeft.js",".js","11"
"C:\Projects\E-Commerce\frontend\node_modules\cssstyle\lib\properties\paddingRight.js",".js","11"
"C:\Projects\E-Commerce\frontend\node_modules\cssstyle\lib\properties\paddingTop.js",".js","11"
"C:\Projects\E-Commerce\frontend\node_modules\cssstyle\lib\properties\right.js",".js","12"
"C:\Projects\E-Commerce\frontend\node_modules\cssstyle\lib\properties\stopColor.js",".js","12"
"C:\Projects\E-Commerce\frontend\node_modules\cssstyle\lib\properties\textLineThroughColor.js",".js","12"
"C:\Projects\E-Commerce\frontend\node_modules\cssstyle\lib\properties\textOverlineColor.js",".js","12"
"C:\Projects\E-Commerce\frontend\node_modules\cssstyle\lib\properties\textUnderlineColor.js",".js","12"
"C:\Projects\E-Commerce\frontend\node_modules\cssstyle\lib\properties\top.js",".js","12"
"C:\Projects\E-Commerce\frontend\node_modules\cssstyle\lib\properties\webkitBorderAfterColor.js",".js","12"
"C:\Projects\E-Commerce\frontend\node_modules\cssstyle\lib\properties\webkitBorderBeforeColor.js",".js","12"
"C:\Projects\E-Commerce\frontend\node_modules\cssstyle\lib\properties\webkitBorderEndColor.js",".js","12"
"C:\Projects\E-Commerce\frontend\node_modules\cssstyle\lib\properties\webkitBorderStartColor.js",".js","12"
"C:\Projects\E-Commerce\frontend\node_modules\cssstyle\lib\properties\webkitColumnRuleColor.js",".js","12"
"C:\Projects\E-Commerce\frontend\node_modules\cssstyle\lib\properties\webkitMatchNearestMailBlockquoteColor.js",".js","12"
"C:\Projects\E-Commerce\frontend\node_modules\cssstyle\lib\properties\webkitTapHighlightColor.js",".js","12"
"C:\Projects\E-Commerce\frontend\node_modules\cssstyle\lib\properties\webkitTextEmphasisColor.js",".js","12"
"C:\Projects\E-Commerce\frontend\node_modules\cssstyle\lib\properties\webkitTextFillColor.js",".js","12"
"C:\Projects\E-Commerce\frontend\node_modules\cssstyle\lib\properties\webkitTextStrokeColor.js",".js","12"
"C:\Projects\E-Commerce\frontend\node_modules\cssstyle\lib\properties\width.js",".js","21"
"C:\Projects\E-Commerce\frontend\node_modules\cssstyle\lib\utils\colorSpace.js",".js","18"
"C:\Projects\E-Commerce\frontend\node_modules\cssstyle\lib\utils\getBasicPropertyDescriptor.js",".js","13"
"C:\Projects\E-Commerce\frontend\node_modules\cssstyle\lib\allExtraProperties.js",".js","64"
"C:\Projects\E-Commerce\frontend\node_modules\cssstyle\lib\allProperties.js",".js","459"
"C:\Projects\E-Commerce\frontend\node_modules\cssstyle\lib\allWebkitProperties.js",".js","192"
"C:\Projects\E-Commerce\frontend\node_modules\cssstyle\lib\constants.js",".js","5"
"C:\Projects\E-Commerce\frontend\node_modules\cssstyle\lib\CSSStyleDeclaration.js",".js","240"
"C:\Projects\E-Commerce\frontend\node_modules\cssstyle\lib\CSSStyleDeclaration.test.js",".js","497"
"C:\Projects\E-Commerce\frontend\node_modules\cssstyle\lib\implementedProperties.js",".js","87"
"C:\Projects\E-Commerce\frontend\node_modules\cssstyle\lib\named_colors.json",".json","152"
"C:\Projects\E-Commerce\frontend\node_modules\cssstyle\lib\parsers.js",".js","674"
"C:\Projects\E-Commerce\frontend\node_modules\cssstyle\lib\parsers.test.js",".js","115"
"C:\Projects\E-Commerce\frontend\node_modules\cssstyle\lib\properties.js",".js","1664"
"C:\Projects\E-Commerce\frontend\node_modules\cssstyle\node_modules\cssom\lib\clone.js",".js","67"
"C:\Projects\E-Commerce\frontend\node_modules\cssstyle\node_modules\cssom\lib\CSSDocumentRule.js",".js","33"
"C:\Projects\E-Commerce\frontend\node_modules\cssstyle\node_modules\cssom\lib\CSSFontFaceRule.js",".js","30"
"C:\Projects\E-Commerce\frontend\node_modules\cssstyle\node_modules\cssom\lib\CSSHostRule.js",".js","31"
"C:\Projects\E-Commerce\frontend\node_modules\cssstyle\node_modules\cssom\lib\CSSImportRule.js",".js","117"
"C:\Projects\E-Commerce\frontend\node_modules\cssstyle\node_modules\cssom\lib\CSSKeyframeRule.js",".js","31"
"C:\Projects\E-Commerce\frontend\node_modules\cssstyle\node_modules\cssom\lib\CSSKeyframesRule.js",".js","33"
"C:\Projects\E-Commerce\frontend\node_modules\cssstyle\node_modules\cssom\lib\CSSMediaRule.js",".js","35"
"C:\Projects\E-Commerce\frontend\node_modules\cssstyle\node_modules\cssom\lib\CSSOM.js",".js","1"
"C:\Projects\E-Commerce\frontend\node_modules\cssstyle\node_modules\cssom\lib\CSSRule.js",".js","36"
"C:\Projects\E-Commerce\frontend\node_modules\cssstyle\node_modules\cssom\lib\CSSStyleDeclaration.js",".js","126"
"C:\Projects\E-Commerce\frontend\node_modules\cssstyle\node_modules\cssom\lib\CSSStyleRule.js",".js","165"
"C:\Projects\E-Commerce\frontend\node_modules\cssstyle\node_modules\cssom\lib\CSSStyleSheet.js",".js","76"
"C:\Projects\E-Commerce\frontend\node_modules\cssstyle\node_modules\cssom\lib\CSSSupportsRule.js",".js","29"
"C:\Projects\E-Commerce\frontend\node_modules\cssstyle\node_modules\cssom\lib\CSSValue.js",".js","32"
"C:\Projects\E-Commerce\frontend\node_modules\cssstyle\node_modules\cssom\lib\CSSValueExpression.js",".js","292"
"C:\Projects\E-Commerce\frontend\node_modules\cssstyle\node_modules\cssom\lib\index.js",".js","20"
"C:\Projects\E-Commerce\frontend\node_modules\cssstyle\node_modules\cssom\lib\MatcherList.js",".js","51"
"C:\Projects\E-Commerce\frontend\node_modules\cssstyle\node_modules\cssom\lib\MediaList.js",".js","50"
"C:\Projects\E-Commerce\frontend\node_modules\cssstyle\node_modules\cssom\lib\parse.js",".js","422"
"C:\Projects\E-Commerce\frontend\node_modules\cssstyle\node_modules\cssom\lib\StyleSheet.js",".js","13"
"C:\Projects\E-Commerce\frontend\node_modules\cssstyle\node_modules\cssom\LICENSE.txt",".txt","17"
"C:\Projects\E-Commerce\frontend\node_modules\cssstyle\node_modules\cssom\package.json",".json","18"
"C:\Projects\E-Commerce\frontend\node_modules\cssstyle\node_modules\cssom\README.mdown",".mdown","46"
"C:\Projects\E-Commerce\frontend\node_modules\cssstyle\LICENSE","","17"
"C:\Projects\E-Commerce\frontend\node_modules\cssstyle\package.json",".json","72"
"C:\Projects\E-Commerce\frontend\node_modules\cssstyle\README.md",".md","8"
"C:\Projects\E-Commerce\frontend\node_modules\csstype\index.d.ts",".ts","21806"
"C:\Projects\E-Commerce\frontend\node_modules\csstype\index.js.flow",".flow","6102"
"C:\Projects\E-Commerce\frontend\node_modules\csstype\LICENSE","","16"
"C:\Projects\E-Commerce\frontend\node_modules\csstype\package.json",".json","70"
"C:\Projects\E-Commerce\frontend\node_modules\csstype\README.md",".md","212"
"C:\Projects\E-Commerce\frontend\node_modules\data-urls\lib\parser.js",".js","53"
"C:\Projects\E-Commerce\frontend\node_modules\data-urls\lib\utils.js",".js","15"
"C:\Projects\E-Commerce\frontend\node_modules\data-urls\node_modules\whatwg-url\lib\encoding.js",".js","13"
"C:\Projects\E-Commerce\frontend\node_modules\data-urls\node_modules\whatwg-url\lib\Function.js",".js","29"
"C:\Projects\E-Commerce\frontend\node_modules\data-urls\node_modules\whatwg-url\lib\infra.js",".js","20"
"C:\Projects\E-Commerce\frontend\node_modules\data-urls\node_modules\whatwg-url\lib\percent-encoding.js",".js","123"
"C:\Projects\E-Commerce\frontend\node_modules\data-urls\node_modules\whatwg-url\lib\URL-impl.js",".js","162"
"C:\Projects\E-Commerce\frontend\node_modules\data-urls\node_modules\whatwg-url\lib\url-state-machine.js",".js","1045"
"C:\Projects\E-Commerce\frontend\node_modules\data-urls\node_modules\whatwg-url\lib\URL.js",".js","340"
"C:\Projects\E-Commerce\frontend\node_modules\data-urls\node_modules\whatwg-url\lib\urlencoded.js",".js","89"
"C:\Projects\E-Commerce\frontend\node_modules\data-urls\node_modules\whatwg-url\lib\URLSearchParams-impl.js",".js","116"
"C:\Projects\E-Commerce\frontend\node_modules\data-urls\node_modules\whatwg-url\lib\URLSearchParams.js",".js","421"
"C:\Projects\E-Commerce\frontend\node_modules\data-urls\node_modules\whatwg-url\lib\utils.js",".js","165"
"C:\Projects\E-Commerce\frontend\node_modules\data-urls\node_modules\whatwg-url\lib\VoidFunction.js",".js","19"
"C:\Projects\E-Commerce\frontend\node_modules\data-urls\node_modules\whatwg-url\index.js",".js","22"
"C:\Projects\E-Commerce\frontend\node_modules\data-urls\node_modules\whatwg-url\LICENSE.txt",".txt","17"
"C:\Projects\E-Commerce\frontend\node_modules\data-urls\node_modules\whatwg-url\package.json",".json","58"
"C:\Projects\E-Commerce\frontend\node_modules\data-urls\node_modules\whatwg-url\README.md",".md","74"
"C:\Projects\E-Commerce\frontend\node_modules\data-urls\node_modules\whatwg-url\webidl2js-wrapper.js",".js","5"
"C:\Projects\E-Commerce\frontend\node_modules\data-urls\LICENSE.txt",".txt","4"
"C:\Projects\E-Commerce\frontend\node_modules\data-urls\package.json",".json","54"
"C:\Projects\E-Commerce\frontend\node_modules\data-urls\README.md",".md","42"
"C:\Projects\E-Commerce\frontend\node_modules\debug\src\browser.js",".js","245"
"C:\Projects\E-Commerce\frontend\node_modules\debug\src\common.js",".js","250"
"C:\Projects\E-Commerce\frontend\node_modules\debug\src\index.js",".js","9"
"C:\Projects\E-Commerce\frontend\node_modules\debug\src\node.js",".js","231"
"C:\Projects\E-Commerce\frontend\node_modules\debug\LICENSE","","15"
"C:\Projects\E-Commerce\frontend\node_modules\debug\package.json",".json","64"
"C:\Projects\E-Commerce\frontend\node_modules\debug\README.md",".md","352"
"C:\Projects\E-Commerce\frontend\node_modules\decimal.js\decimal.d.ts",".ts","232"
"C:\Projects\E-Commerce\frontend\node_modules\decimal.js\decimal.js",".js","4034"
"C:\Projects\E-Commerce\frontend\node_modules\decimal.js\decimal.mjs",".mjs","4007"
"C:\Projects\E-Commerce\frontend\node_modules\decimal.js\LICENCE.md",".md","18"
"C:\Projects\E-Commerce\frontend\node_modules\decimal.js\package.json",".json","55"
"C:\Projects\E-Commerce\frontend\node_modules\decimal.js\README.md",".md","176"
"C:\Projects\E-Commerce\frontend\node_modules\delayed-stream\lib\delayed_stream.js",".js","85"
"C:\Projects\E-Commerce\frontend\node_modules\delayed-stream\.npmignore",".npmignore","1"
"C:\Projects\E-Commerce\frontend\node_modules\delayed-stream\License","","16"
"C:\Projects\E-Commerce\frontend\node_modules\delayed-stream\Makefile","","4"
"C:\Projects\E-Commerce\frontend\node_modules\delayed-stream\package.json",".json","27"
"C:\Projects\E-Commerce\frontend\node_modules\delayed-stream\Readme.md",".md","91"
"C:\Projects\E-Commerce\frontend\node_modules\didyoumean\didYouMean-1.2.1.js",".js","216"
"C:\Projects\E-Commerce\frontend\node_modules\didyoumean\didYouMean-1.2.1.min.js",".js","14"
"C:\Projects\E-Commerce\frontend\node_modules\didyoumean\LICENSE","","11"
"C:\Projects\E-Commerce\frontend\node_modules\didyoumean\package.json",".json","27"
"C:\Projects\E-Commerce\frontend\node_modules\didyoumean\README.md",".md","97"
"C:\Projects\E-Commerce\frontend\node_modules\dlv\dist\dlv.es.js",".js","2"
"C:\Projects\E-Commerce\frontend\node_modules\dlv\dist\dlv.es.js.map",".map","1"
"C:\Projects\E-Commerce\frontend\node_modules\dlv\dist\dlv.js",".js","2"
"C:\Projects\E-Commerce\frontend\node_modules\dlv\dist\dlv.js.map",".map","1"
"C:\Projects\E-Commerce\frontend\node_modules\dlv\dist\dlv.umd.js",".js","2"
"C:\Projects\E-Commerce\frontend\node_modules\dlv\dist\dlv.umd.js.map",".map","1"
"C:\Projects\E-Commerce\frontend\node_modules\dlv\index.js",".js","7"
"C:\Projects\E-Commerce\frontend\node_modules\dlv\package.json",".json","30"
"C:\Projects\E-Commerce\frontend\node_modules\dlv\README.md",".md","46"
"C:\Projects\E-Commerce\frontend\node_modules\domexception\lib\DOMException-impl.js",".js","19"
"C:\Projects\E-Commerce\frontend\node_modules\domexception\lib\DOMException.js",".js","192"
"C:\Projects\E-Commerce\frontend\node_modules\domexception\lib\Function.js",".js","29"
"C:\Projects\E-Commerce\frontend\node_modules\domexception\lib\legacy-error-codes.json",".json","24"
"C:\Projects\E-Commerce\frontend\node_modules\domexception\lib\utils.js",".js","165"
"C:\Projects\E-Commerce\frontend\node_modules\domexception\lib\VoidFunction.js",".js","19"
"C:\Projects\E-Commerce\frontend\node_modules\domexception\index.js",".js","5"
"C:\Projects\E-Commerce\frontend\node_modules\domexception\LICENSE.txt",".txt","17"
"C:\Projects\E-Commerce\frontend\node_modules\domexception\package.json",".json","42"
"C:\Projects\E-Commerce\frontend\node_modules\domexception\README.md",".md","19"
"C:\Projects\E-Commerce\frontend\node_modules\domexception\webidl2js-wrapper.js",".js","12"
"C:\Projects\E-Commerce\frontend\node_modules\dunder-proto\.github\FUNDING.yml",".yml","11"
"C:\Projects\E-Commerce\frontend\node_modules\dunder-proto\test\get.js",".js","26"
"C:\Projects\E-Commerce\frontend\node_modules\dunder-proto\test\index.js",".js","3"
"C:\Projects\E-Commerce\frontend\node_modules\dunder-proto\test\set.js",".js","40"
"C:\Projects\E-Commerce\frontend\node_modules\dunder-proto\.eslintrc",".eslintrc","4"
"C:\Projects\E-Commerce\frontend\node_modules\dunder-proto\.nycrc",".nycrc","13"
"C:\Projects\E-Commerce\frontend\node_modules\dunder-proto\CHANGELOG.md",".md","16"
"C:\Projects\E-Commerce\frontend\node_modules\dunder-proto\get.d.ts",".ts","3"
"C:\Projects\E-Commerce\frontend\node_modules\dunder-proto\get.js",".js","25"
"C:\Projects\E-Commerce\frontend\node_modules\dunder-proto\LICENSE","","17"
"C:\Projects\E-Commerce\frontend\node_modules\dunder-proto\package.json",".json","76"
"C:\Projects\E-Commerce\frontend\node_modules\dunder-proto\README.md",".md","40"
"C:\Projects\E-Commerce\frontend\node_modules\dunder-proto\set.d.ts",".ts","3"
"C:\Projects\E-Commerce\frontend\node_modules\dunder-proto\set.js",".js","30"
"C:\Projects\E-Commerce\frontend\node_modules\dunder-proto\tsconfig.json",".json","9"
"C:\Projects\E-Commerce\frontend\node_modules\electron-to-chromium\chromium-versions.js",".js","91"
"C:\Projects\E-Commerce\frontend\node_modules\electron-to-chromium\chromium-versions.json",".json","1"
"C:\Projects\E-Commerce\frontend\node_modules\electron-to-chromium\full-chromium-versions.js",".js","2908"
"C:\Projects\E-Commerce\frontend\node_modules\electron-to-chromium\full-chromium-versions.json",".json","1"
"C:\Projects\E-Commerce\frontend\node_modules\electron-to-chromium\full-versions.js",".js","1844"
"C:\Projects\E-Commerce\frontend\node_modules\electron-to-chromium\full-versions.json",".json","1"
"C:\Projects\E-Commerce\frontend\node_modules\electron-to-chromium\index.js",".js","31"
"C:\Projects\E-Commerce\frontend\node_modules\electron-to-chromium\LICENSE","","3"
"C:\Projects\E-Commerce\frontend\node_modules\electron-to-chromium\package.json",".json","43"
"C:\Projects\E-Commerce\frontend\node_modules\electron-to-chromium\README.md",".md","128"
"C:\Projects\E-Commerce\frontend\node_modules\electron-to-chromium\versions.js",".js","265"
"C:\Projects\E-Commerce\frontend\node_modules\electron-to-chromium\versions.json",".json","1"
"C:\Projects\E-Commerce\frontend\node_modules\es-define-property\.github\FUNDING.yml",".yml","11"
"C:\Projects\E-Commerce\frontend\node_modules\es-define-property\test\index.js",".js","45"
"C:\Projects\E-Commerce\frontend\node_modules\es-define-property\.eslintrc",".eslintrc","11"
"C:\Projects\E-Commerce\frontend\node_modules\es-define-property\.nycrc",".nycrc","9"
"C:\Projects\E-Commerce\frontend\node_modules\es-define-property\CHANGELOG.md",".md","21"
"C:\Projects\E-Commerce\frontend\node_modules\es-define-property\index.d.ts",".ts","2"
"C:\Projects\E-Commerce\frontend\node_modules\es-define-property\index.js",".js","12"
"C:\Projects\E-Commerce\frontend\node_modules\es-define-property\LICENSE","","17"
"C:\Projects\E-Commerce\frontend\node_modules\es-define-property\package.json",".json","81"
"C:\Projects\E-Commerce\frontend\node_modules\es-define-property\README.md",".md","38"
"C:\Projects\E-Commerce\frontend\node_modules\es-define-property\tsconfig.json",".json","10"
"C:\Projects\E-Commerce\frontend\node_modules\es-errors\.github\FUNDING.yml",".yml","11"
"C:\Projects\E-Commerce\frontend\node_modules\es-errors\test\index.js",".js","15"
"C:\Projects\E-Commerce\frontend\node_modules\es-errors\.eslintrc",".eslintrc","4"
"C:\Projects\E-Commerce\frontend\node_modules\es-errors\CHANGELOG.md",".md","23"
"C:\Projects\E-Commerce\frontend\node_modules\es-errors\eval.d.ts",".ts","2"
"C:\Projects\E-Commerce\frontend\node_modules\es-errors\eval.js",".js","3"
"C:\Projects\E-Commerce\frontend\node_modules\es-errors\index.d.ts",".ts","2"
"C:\Projects\E-Commerce\frontend\node_modules\es-errors\index.js",".js","3"
"C:\Projects\E-Commerce\frontend\node_modules\es-errors\LICENSE","","17"
"C:\Projects\E-Commerce\frontend\node_modules\es-errors\package.json",".json","80"
"C:\Projects\E-Commerce\frontend\node_modules\es-errors\range.d.ts",".ts","2"
"C:\Projects\E-Commerce\frontend\node_modules\es-errors\range.js",".js","3"
"C:\Projects\E-Commerce\frontend\node_modules\es-errors\README.md",".md","44"
"C:\Projects\E-Commerce\frontend\node_modules\es-errors\ref.d.ts",".ts","2"
"C:\Projects\E-Commerce\frontend\node_modules\es-errors\ref.js",".js","3"
"C:\Projects\E-Commerce\frontend\node_modules\es-errors\syntax.d.ts",".ts","2"
"C:\Projects\E-Commerce\frontend\node_modules\es-errors\syntax.js",".js","3"
"C:\Projects\E-Commerce\frontend\node_modules\es-errors\tsconfig.json",".json","41"
"C:\Projects\E-Commerce\frontend\node_modules\es-errors\type.d.ts",".ts","2"
"C:\Projects\E-Commerce\frontend\node_modules\es-errors\type.js",".js","3"
"C:\Projects\E-Commerce\frontend\node_modules\es-errors\uri.d.ts",".ts","2"
"C:\Projects\E-Commerce\frontend\node_modules\es-errors\uri.js",".js","3"
"C:\Projects\E-Commerce\frontend\node_modules\es-object-atoms\.github\FUNDING.yml",".yml","11"
"C:\Projects\E-Commerce\frontend\node_modules\es-object-atoms\test\index.js",".js","31"
"C:\Projects\E-Commerce\frontend\node_modules\es-object-atoms\.eslintrc",".eslintrc","14"
"C:\Projects\E-Commerce\frontend\node_modules\es-object-atoms\CHANGELOG.md",".md","27"
"C:\Projects\E-Commerce\frontend\node_modules\es-object-atoms\index.d.ts",".ts","2"
"C:\Projects\E-Commerce\frontend\node_modules\es-object-atoms\index.js",".js","3"
"C:\Projects\E-Commerce\frontend\node_modules\es-object-atoms\isObject.d.ts",".ts","2"
"C:\Projects\E-Commerce\frontend\node_modules\es-object-atoms\isObject.js",".js","5"
"C:\Projects\E-Commerce\frontend\node_modules\es-object-atoms\LICENSE","","17"
"C:\Projects\E-Commerce\frontend\node_modules\es-object-atoms\package.json",".json","79"
"C:\Projects\E-Commerce\frontend\node_modules\es-object-atoms\README.md",".md","49"
"C:\Projects\E-Commerce\frontend\node_modules\es-object-atoms\RequireObjectCoercible.d.ts",".ts","2"
"C:\Projects\E-Commerce\frontend\node_modules\es-object-atoms\RequireObjectCoercible.js",".js","9"
"C:\Projects\E-Commerce\frontend\node_modules\es-object-atoms\ToObject.d.ts",".ts","6"
"C:\Projects\E-Commerce\frontend\node_modules\es-object-atoms\ToObject.js",".js","8"
"C:\Projects\E-Commerce\frontend\node_modules\es-object-atoms\tsconfig.json",".json","7"
"C:\Projects\E-Commerce\frontend\node_modules\es-set-tostringtag\test\index.js",".js","67"
"C:\Projects\E-Commerce\frontend\node_modules\es-set-tostringtag\.eslintrc",".eslintrc","11"
"C:\Projects\E-Commerce\frontend\node_modules\es-set-tostringtag\.nycrc",".nycrc","9"
"C:\Projects\E-Commerce\frontend\node_modules\es-set-tostringtag\CHANGELOG.md",".md","45"
"C:\Projects\E-Commerce\frontend\node_modules\es-set-tostringtag\index.d.ts",".ts","9"
"C:\Projects\E-Commerce\frontend\node_modules\es-set-tostringtag\index.js",".js","30"
"C:\Projects\E-Commerce\frontend\node_modules\es-set-tostringtag\LICENSE","","17"
"C:\Projects\E-Commerce\frontend\node_modules\es-set-tostringtag\package.json",".json","78"
"C:\Projects\E-Commerce\frontend\node_modules\es-set-tostringtag\README.md",".md","40"
"C:\Projects\E-Commerce\frontend\node_modules\es-set-tostringtag\tsconfig.json",".json","9"
"C:\Projects\E-Commerce\frontend\node_modules\esbuild\bin\esbuild","","213"
"C:\Projects\E-Commerce\frontend\node_modules\esbuild\lib\main.d.ts",".ts","626"
"C:\Projects\E-Commerce\frontend\node_modules\esbuild\lib\main.js",".js","2227"
"C:\Projects\E-Commerce\frontend\node_modules\esbuild\install.js",".js","280"
"C:\Projects\E-Commerce\frontend\node_modules\esbuild\LICENSE.md",".md","17"
"C:\Projects\E-Commerce\frontend\node_modules\esbuild\package.json",".json","46"
"C:\Projects\E-Commerce\frontend\node_modules\esbuild\README.md",".md","2"
"C:\Projects\E-Commerce\frontend\node_modules\escalade\dist\index.js",".js","18"
"C:\Projects\E-Commerce\frontend\node_modules\escalade\dist\index.mjs",".mjs","18"
"C:\Projects\E-Commerce\frontend\node_modules\escalade\sync\index.d.mts",".mts","8"
"C:\Projects\E-Commerce\frontend\node_modules\escalade\sync\index.d.ts",".ts","11"
"C:\Projects\E-Commerce\frontend\node_modules\escalade\sync\index.js",".js","15"
"C:\Projects\E-Commerce\frontend\node_modules\escalade\sync\index.mjs",".mjs","15"
"C:\Projects\E-Commerce\frontend\node_modules\escalade\index.d.mts",".mts","9"
"C:\Projects\E-Commerce\frontend\node_modules\escalade\index.d.ts",".ts","12"
"C:\Projects\E-Commerce\frontend\node_modules\escalade\license","","5"
"C:\Projects\E-Commerce\frontend\node_modules\escalade\package.json",".json","74"
"C:\Projects\E-Commerce\frontend\node_modules\escalade\readme.md",".md","147"
"C:\Projects\E-Commerce\frontend\node_modules\escodegen\bin\escodegen.js",".js","67"
"C:\Projects\E-Commerce\frontend\node_modules\escodegen\bin\esgenerate.js",".js","56"
"C:\Projects\E-Commerce\frontend\node_modules\escodegen\escodegen.js",".js","2313"
"C:\Projects\E-Commerce\frontend\node_modules\escodegen\LICENSE.BSD",".BSD","18"
"C:\Projects\E-Commerce\frontend\node_modules\escodegen\package.json",".json","63"
"C:\Projects\E-Commerce\frontend\node_modules\escodegen\README.md",".md","57"
"C:\Projects\E-Commerce\frontend\node_modules\esprima\bin\esparse.js",".js","125"
"C:\Projects\E-Commerce\frontend\node_modules\esprima\bin\esvalidate.js",".js","205"
"C:\Projects\E-Commerce\frontend\node_modules\esprima\dist\esprima.js",".js","6647"
"C:\Projects\E-Commerce\frontend\node_modules\esprima\ChangeLog","","170"
"C:\Projects\E-Commerce\frontend\node_modules\esprima\LICENSE.BSD",".BSD","18"
"C:\Projects\E-Commerce\frontend\node_modules\esprima\package.json",".json","112"
"C:\Projects\E-Commerce\frontend\node_modules\esprima\README.md",".md","37"
"C:\Projects\E-Commerce\frontend\node_modules\estraverse\.jshintrc",".jshintrc","15"
"C:\Projects\E-Commerce\frontend\node_modules\estraverse\estraverse.js",".js","696"
"C:\Projects\E-Commerce\frontend\node_modules\estraverse\gulpfile.js",".js","61"
"C:\Projects\E-Commerce\frontend\node_modules\estraverse\LICENSE.BSD",".BSD","17"
"C:\Projects\E-Commerce\frontend\node_modules\estraverse\package.json",".json","40"
"C:\Projects\E-Commerce\frontend\node_modules\estraverse\README.md",".md","122"
"C:\Projects\E-Commerce\frontend\node_modules\esutils\lib\ast.js",".js","129"
"C:\Projects\E-Commerce\frontend\node_modules\esutils\lib\code.js",".js","111"
"C:\Projects\E-Commerce\frontend\node_modules\esutils\lib\keyword.js",".js","142"
"C:\Projects\E-Commerce\frontend\node_modules\esutils\lib\utils.js",".js","27"
"C:\Projects\E-Commerce\frontend\node_modules\esutils\LICENSE.BSD",".BSD","17"
"C:\Projects\E-Commerce\frontend\node_modules\esutils\package.json",".json","44"
"C:\Projects\E-Commerce\frontend\node_modules\esutils\README.md",".md","119"
"C:\Projects\E-Commerce\frontend\node_modules\fabric\dist\fabric.js",".js","28189"
"C:\Projects\E-Commerce\frontend\node_modules\fabric\dist\fabric.min.js",".js","1"
"C:\Projects\E-Commerce\frontend\node_modules\fabric\lib\aligning_guidelines.js",".js","185"
"C:\Projects\E-Commerce\frontend\node_modules\fabric\lib\centering_guidelines.js",".js","74"
"C:\Projects\E-Commerce\frontend\node_modules\fabric\lib\event.js",".js","1835"
"C:\Projects\E-Commerce\frontend\node_modules\fabric\src\brushes\base_brush.class.js",".js","121"
"C:\Projects\E-Commerce\frontend\node_modules\fabric\src\brushes\circle_brush.class.js",".js","124"
"C:\Projects\E-Commerce\frontend\node_modules\fabric\src\brushes\pattern_brush.class.js",".js","51"
"C:\Projects\E-Commerce\frontend\node_modules\fabric\src\brushes\pencil_brush.class.js",".js","284"
"C:\Projects\E-Commerce\frontend\node_modules\fabric\src\brushes\spray_brush.class.js",".js","182"
"C:\Projects\E-Commerce\frontend\node_modules\fabric\src\filters\2d_backend.class.js",".js","56"
"C:\Projects\E-Commerce\frontend\node_modules\fabric\src\filters\base_filter.class.js",".js","331"
"C:\Projects\E-Commerce\frontend\node_modules\fabric\src\filters\blendcolor_filter.class.js",".js","232"
"C:\Projects\E-Commerce\frontend\node_modules\fabric\src\filters\blendimage_filter.class.js",".js","225"
"C:\Projects\E-Commerce\frontend\node_modules\fabric\src\filters\blur_filter.class.js",".js","198"
"C:\Projects\E-Commerce\frontend\node_modules\fabric\src\filters\brightness_filter.class.js",".js","101"
"C:\Projects\E-Commerce\frontend\node_modules\fabric\src\filters\colormatrix_filter.class.js",".js","145"
"C:\Projects\E-Commerce\frontend\node_modules\fabric\src\filters\composed_filter.class.js",".js","62"
"C:\Projects\E-Commerce\frontend\node_modules\fabric\src\filters\contrast_filter.class.js",".js","99"
"C:\Projects\E-Commerce\frontend\node_modules\fabric\src\filters\convolute_filter.class.js",".js","331"
"C:\Projects\E-Commerce\frontend\node_modules\fabric\src\filters\filter_boilerplate.js",".js","99"
"C:\Projects\E-Commerce\frontend\node_modules\fabric\src\filters\filter_generator.js",".js","77"
"C:\Projects\E-Commerce\frontend\node_modules\fabric\src\filters\gamma_filter.class.js",".js","121"
"C:\Projects\E-Commerce\frontend\node_modules\fabric\src\filters\grayscale_filter.class.js",".js","139"
"C:\Projects\E-Commerce\frontend\node_modules\fabric\src\filters\hue_rotation.class.js",".js","95"
"C:\Projects\E-Commerce\frontend\node_modules\fabric\src\filters\invert_filter.class.js",".js","97"
"C:\Projects\E-Commerce\frontend\node_modules\fabric\src\filters\noise_filter.class.js",".js","118"
"C:\Projects\E-Commerce\frontend\node_modules\fabric\src\filters\pixelate_filter.class.js",".js","120"
"C:\Projects\E-Commerce\frontend\node_modules\fabric\src\filters\removecolor_filter.class.js",".js","155"
"C:\Projects\E-Commerce\frontend\node_modules\fabric\src\filters\resize_filter.class.js",".js","449"
"C:\Projects\E-Commerce\frontend\node_modules\fabric\src\filters\saturate_filter.class.js",".js","105"
"C:\Projects\E-Commerce\frontend\node_modules\fabric\src\filters\vibrance_filter.class.js",".js","108"
"C:\Projects\E-Commerce\frontend\node_modules\fabric\src\filters\webgl_backend.class.js",".js","365"
"C:\Projects\E-Commerce\frontend\node_modules\fabric\src\mixins\animation.mixin.js",".js","209"
"C:\Projects\E-Commerce\frontend\node_modules\fabric\src\mixins\canvas_dataurl_exporter.mixin.js",".js","93"
"C:\Projects\E-Commerce\frontend\node_modules\fabric\src\mixins\canvas_events.mixin.js",".js","891"
"C:\Projects\E-Commerce\frontend\node_modules\fabric\src\mixins\canvas_gestures.mixin.js",".js","129"
"C:\Projects\E-Commerce\frontend\node_modules\fabric\src\mixins\canvas_grouping.mixin.js",".js","160"
"C:\Projects\E-Commerce\frontend\node_modules\fabric\src\mixins\canvas_serialization.mixin.js",".js","207"
"C:\Projects\E-Commerce\frontend\node_modules\fabric\src\mixins\collection.mixin.js",".js","156"
"C:\Projects\E-Commerce\frontend\node_modules\fabric\src\mixins\default_controls.js",".js","100"
"C:\Projects\E-Commerce\frontend\node_modules\fabric\src\mixins\eraser_brush.mixin.js",".js","714"
"C:\Projects\E-Commerce\frontend\node_modules\fabric\src\mixins\itext.svg_export.js",".js","225"
"C:\Projects\E-Commerce\frontend\node_modules\fabric\src\mixins\itext_behavior.mixin.js",".js","858"
"C:\Projects\E-Commerce\frontend\node_modules\fabric\src\mixins\itext_click_behavior.mixin.js",".js","252"
"C:\Projects\E-Commerce\frontend\node_modules\fabric\src\mixins\itext_key_behavior.mixin.js",".js","640"
"C:\Projects\E-Commerce\frontend\node_modules\fabric\src\mixins\object.svg_export.js",".js","242"
"C:\Projects\E-Commerce\frontend\node_modules\fabric\src\mixins\object_geometry.mixin.js",".js","630"
"C:\Projects\E-Commerce\frontend\node_modules\fabric\src\mixins\object_interactivity.mixin.js",".js","288"
"C:\Projects\E-Commerce\frontend\node_modules\fabric\src\mixins\object_origin.mixin.js",".js","222"
"C:\Projects\E-Commerce\frontend\node_modules\fabric\src\mixins\object_stacking.mixin.js",".js","75"
"C:\Projects\E-Commerce\frontend\node_modules\fabric\src\mixins\object_straightening.mixin.js",".js","72"
"C:\Projects\E-Commerce\frontend\node_modules\fabric\src\mixins\observable.mixin.js",".js","131"
"C:\Projects\E-Commerce\frontend\node_modules\fabric\src\mixins\shared_methods.mixin.js",".js","86"
"C:\Projects\E-Commerce\frontend\node_modules\fabric\src\mixins\stateful.mixin.js",".js","98"
"C:\Projects\E-Commerce\frontend\node_modules\fabric\src\mixins\text_style.mixin.js",".js","301"
"C:\Projects\E-Commerce\frontend\node_modules\fabric\src\shapes\active_selection.class.js",".js","140"
"C:\Projects\E-Commerce\frontend\node_modules\fabric\src\shapes\circle.class.js",".js","183"
"C:\Projects\E-Commerce\frontend\node_modules\fabric\src\shapes\ellipse.class.js",".js","157"
"C:\Projects\E-Commerce\frontend\node_modules\fabric\src\shapes\group.class.js",".js","545"
"C:\Projects\E-Commerce\frontend\node_modules\fabric\src\shapes\image.class.js",".js","702"
"C:\Projects\E-Commerce\frontend\node_modules\fabric\src\shapes\itext.class.js",".js","480"
"C:\Projects\E-Commerce\frontend\node_modules\fabric\src\shapes\line.class.js",".js","285"
"C:\Projects\E-Commerce\frontend\node_modules\fabric\src\shapes\object.class.js",".js","1832"
"C:\Projects\E-Commerce\frontend\node_modules\fabric\src\shapes\path.class.js",".js","338"
"C:\Projects\E-Commerce\frontend\node_modules\fabric\src\shapes\polygon.class.js",".js","69"
"C:\Projects\E-Commerce\frontend\node_modules\fabric\src\shapes\polyline.class.js",".js","239"
"C:\Projects\E-Commerce\frontend\node_modules\fabric\src\shapes\rect.class.js",".js","159"
"C:\Projects\E-Commerce\frontend\node_modules\fabric\src\shapes\text.class.js",".js","1569"
"C:\Projects\E-Commerce\frontend\node_modules\fabric\src\shapes\textbox.class.js",".js","420"
"C:\Projects\E-Commerce\frontend\node_modules\fabric\src\shapes\triangle.class.js",".js","80"
"C:\Projects\E-Commerce\frontend\node_modules\fabric\src\util\animate.js",".js","232"
"C:\Projects\E-Commerce\frontend\node_modules\fabric\src\util\animate_color.js",".js","69"
"C:\Projects\E-Commerce\frontend\node_modules\fabric\src\util\anim_ease.js",".js","363"
"C:\Projects\E-Commerce\frontend\node_modules\fabric\src\util\dom_event.js",".js","46"
"C:\Projects\E-Commerce\frontend\node_modules\fabric\src\util\dom_misc.js",".js","269"
"C:\Projects\E-Commerce\frontend\node_modules\fabric\src\util\dom_request.js",".js","44"
"C:\Projects\E-Commerce\frontend\node_modules\fabric\src\util\dom_style.js",".js","64"
"C:\Projects\E-Commerce\frontend\node_modules\fabric\src\util\lang_array.js",".js","85"
"C:\Projects\E-Commerce\frontend\node_modules\fabric\src\util\lang_class.js",".js","97"
"C:\Projects\E-Commerce\frontend\node_modules\fabric\src\util\lang_object.js",".js","71"
"C:\Projects\E-Commerce\frontend\node_modules\fabric\src\util\lang_string.js",".js","100"
"C:\Projects\E-Commerce\frontend\node_modules\fabric\src\util\misc.js",".js","1242"
"C:\Projects\E-Commerce\frontend\node_modules\fabric\src\util\named_accessors.mixin.js",".js","375"
"C:\Projects\E-Commerce\frontend\node_modules\fabric\src\util\path.js",".js","781"
"C:\Projects\E-Commerce\frontend\node_modules\fabric\src\canvas.class.js",".js","1189"
"C:\Projects\E-Commerce\frontend\node_modules\fabric\src\color.class.js",".js","574"
"C:\Projects\E-Commerce\frontend\node_modules\fabric\src\control.class.js",".js","305"
"C:\Projects\E-Commerce\frontend\node_modules\fabric\src\controls.actions.js",".js","696"
"C:\Projects\E-Commerce\frontend\node_modules\fabric\src\controls.render.js",".js","93"
"C:\Projects\E-Commerce\frontend\node_modules\fabric\src\elements_parser.js",".js","142"
"C:\Projects\E-Commerce\frontend\node_modules\fabric\src\globalFabric.js",".js","4"
"C:\Projects\E-Commerce\frontend\node_modules\fabric\src\gradient.class.js",".js","435"
"C:\Projects\E-Commerce\frontend\node_modules\fabric\src\intersection.class.js",".js","152"
"C:\Projects\E-Commerce\frontend\node_modules\fabric\src\log.js",".js","10"
"C:\Projects\E-Commerce\frontend\node_modules\fabric\src\parser.js",".js","973"
"C:\Projects\E-Commerce\frontend\node_modules\fabric\src\pattern.class.js",".js","167"
"C:\Projects\E-Commerce\frontend\node_modules\fabric\src\point.class.js",".js","297"
"C:\Projects\E-Commerce\frontend\node_modules\fabric\src\shadow.class.js",".js","169"
"C:\Projects\E-Commerce\frontend\node_modules\fabric\src\static_canvas.class.js",".js","1709"
"C:\Projects\E-Commerce\frontend\node_modules\fabric\.bithoundrc",".bithoundrc","7"
"C:\Projects\E-Commerce\frontend\node_modules\fabric\.editorconfig",".editorconfig","10"
"C:\Projects\E-Commerce\frontend\node_modules\fabric\.eslintrc.json",".json","151"
"C:\Projects\E-Commerce\frontend\node_modules\fabric\.eslintrc_tests",".eslintrc_tests","46"
"C:\Projects\E-Commerce\frontend\node_modules\fabric\.gitpod.yml",".yml","2"
"C:\Projects\E-Commerce\frontend\node_modules\fabric\bower.json",".json","31"
"C:\Projects\E-Commerce\frontend\node_modules\fabric\build.js",".js","236"
"C:\Projects\E-Commerce\frontend\node_modules\fabric\CHANGELOG.md",".md","905"
"C:\Projects\E-Commerce\frontend\node_modules\fabric\CODE_OF_CONDUCT.md",".md","8"
"C:\Projects\E-Commerce\frontend\node_modules\fabric\CONTRIBUTING.md",".md","59"
"C:\Projects\E-Commerce\frontend\node_modules\fabric\HEADER.js",".js","185"
"C:\Projects\E-Commerce\frontend\node_modules\fabric\LICENSE","","14"
"C:\Projects\E-Commerce\frontend\node_modules\fabric\old-travis-reference.yml",".yml","90"
"C:\Projects\E-Commerce\frontend\node_modules\fabric\package.json",".json","92"
"C:\Projects\E-Commerce\frontend\node_modules\fabric\publish-next.js",".js","8"
"C:\Projects\E-Commerce\frontend\node_modules\fabric\publish.js",".js","33"
"C:\Projects\E-Commerce\frontend\node_modules\fabric\README.md",".md","190"
"C:\Projects\E-Commerce\frontend\node_modules\fabric\SECURITY.md",".md","3"
"C:\Projects\E-Commerce\frontend\node_modules\fast-glob\node_modules\glob-parent\CHANGELOG.md",".md","52"
"C:\Projects\E-Commerce\frontend\node_modules\fast-glob\node_modules\glob-parent\index.js",".js","34"
"C:\Projects\E-Commerce\frontend\node_modules\fast-glob\node_modules\glob-parent\LICENSE","","12"
"C:\Projects\E-Commerce\frontend\node_modules\fast-glob\node_modules\glob-parent\package.json",".json","48"
"C:\Projects\E-Commerce\frontend\node_modules\fast-glob\node_modules\glob-parent\README.md",".md","102"
"C:\Projects\E-Commerce\frontend\node_modules\fast-glob\out\managers\tasks.d.ts",".ts","22"
"C:\Projects\E-Commerce\frontend\node_modules\fast-glob\out\managers\tasks.js",".js","110"
"C:\Projects\E-Commerce\frontend\node_modules\fast-glob\out\providers\filters\deep.d.ts",".ts","16"
"C:\Projects\E-Commerce\frontend\node_modules\fast-glob\out\providers\filters\deep.js",".js","62"
"C:\Projects\E-Commerce\frontend\node_modules\fast-glob\out\providers\filters\entry.d.ts",".ts","17"
"C:\Projects\E-Commerce\frontend\node_modules\fast-glob\out\providers\filters\entry.js",".js","85"
"C:\Projects\E-Commerce\frontend\node_modules\fast-glob\out\providers\filters\error.d.ts",".ts","8"
"C:\Projects\E-Commerce\frontend\node_modules\fast-glob\out\providers\filters\error.js",".js","15"
"C:\Projects\E-Commerce\frontend\node_modules\fast-glob\out\providers\matchers\matcher.d.ts",".ts","33"
"C:\Projects\E-Commerce\frontend\node_modules\fast-glob\out\providers\matchers\matcher.js",".js","45"
"C:\Projects\E-Commerce\frontend\node_modules\fast-glob\out\providers\matchers\partial.d.ts",".ts","4"
"C:\Projects\E-Commerce\frontend\node_modules\fast-glob\out\providers\matchers\partial.js",".js","38"
"C:\Projects\E-Commerce\frontend\node_modules\fast-glob\out\providers\transformers\entry.d.ts",".ts","8"
"C:\Projects\E-Commerce\frontend\node_modules\fast-glob\out\providers\transformers\entry.js",".js","26"
"C:\Projects\E-Commerce\frontend\node_modules\fast-glob\out\providers\async.d.ts",".ts","9"
"C:\Projects\E-Commerce\frontend\node_modules\fast-glob\out\providers\async.js",".js","23"
"C:\Projects\E-Commerce\frontend\node_modules\fast-glob\out\providers\provider.d.ts",".ts","19"
"C:\Projects\E-Commerce\frontend\node_modules\fast-glob\out\providers\provider.js",".js","48"
"C:\Projects\E-Commerce\frontend\node_modules\fast-glob\out\providers\stream.d.ts",".ts","11"
"C:\Projects\E-Commerce\frontend\node_modules\fast-glob\out\providers\stream.js",".js","31"
"C:\Projects\E-Commerce\frontend\node_modules\fast-glob\out\providers\sync.d.ts",".ts","9"
"C:\Projects\E-Commerce\frontend\node_modules\fast-glob\out\providers\sync.js",".js","23"
"C:\Projects\E-Commerce\frontend\node_modules\fast-glob\out\readers\async.d.ts",".ts","10"
"C:\Projects\E-Commerce\frontend\node_modules\fast-glob\out\readers\async.js",".js","35"
"C:\Projects\E-Commerce\frontend\node_modules\fast-glob\out\readers\reader.d.ts",".ts","15"
"C:\Projects\E-Commerce\frontend\node_modules\fast-glob\out\readers\reader.js",".js","33"
"C:\Projects\E-Commerce\frontend\node_modules\fast-glob\out\readers\stream.d.ts",".ts","14"
"C:\Projects\E-Commerce\frontend\node_modules\fast-glob\out\readers\stream.js",".js","55"
"C:\Projects\E-Commerce\frontend\node_modules\fast-glob\out\readers\sync.d.ts",".ts","12"
"C:\Projects\E-Commerce\frontend\node_modules\fast-glob\out\readers\sync.js",".js","43"
"C:\Projects\E-Commerce\frontend\node_modules\fast-glob\out\types\index.d.ts",".ts","31"
"C:\Projects\E-Commerce\frontend\node_modules\fast-glob\out\types\index.js",".js","2"
"C:\Projects\E-Commerce\frontend\node_modules\fast-glob\out\utils\array.d.ts",".ts","2"
"C:\Projects\E-Commerce\frontend\node_modules\fast-glob\out\utils\array.js",".js","22"
"C:\Projects\E-Commerce\frontend\node_modules\fast-glob\out\utils\errno.d.ts",".ts","2"
"C:\Projects\E-Commerce\frontend\node_modules\fast-glob\out\utils\errno.js",".js","7"
"C:\Projects\E-Commerce\frontend\node_modules\fast-glob\out\utils\fs.d.ts",".ts","4"
"C:\Projects\E-Commerce\frontend\node_modules\fast-glob\out\utils\fs.js",".js","19"
"C:\Projects\E-Commerce\frontend\node_modules\fast-glob\out\utils\index.d.ts",".ts","8"
"C:\Projects\E-Commerce\frontend\node_modules\fast-glob\out\utils\index.js",".js","17"
"C:\Projects\E-Commerce\frontend\node_modules\fast-glob\out\utils\path.d.ts",".ts","13"
"C:\Projects\E-Commerce\frontend\node_modules\fast-glob\out\utils\path.js",".js","68"
"C:\Projects\E-Commerce\frontend\node_modules\fast-glob\out\utils\pattern.d.ts",".ts","49"
"C:\Projects\E-Commerce\frontend\node_modules\fast-glob\out\utils\pattern.js",".js","206"
"C:\Projects\E-Commerce\frontend\node_modules\fast-glob\out\utils\stream.d.ts",".ts","4"
"C:\Projects\E-Commerce\frontend\node_modules\fast-glob\out\utils\stream.js",".js","17"
"C:\Projects\E-Commerce\frontend\node_modules\fast-glob\out\utils\string.d.ts",".ts","2"
"C:\Projects\E-Commerce\frontend\node_modules\fast-glob\out\utils\string.js",".js","11"
"C:\Projects\E-Commerce\frontend\node_modules\fast-glob\out\index.d.ts",".ts","40"
"C:\Projects\E-Commerce\frontend\node_modules\fast-glob\out\index.js",".js","102"
"C:\Projects\E-Commerce\frontend\node_modules\fast-glob\out\settings.d.ts",".ts","164"
"C:\Projects\E-Commerce\frontend\node_modules\fast-glob\out\settings.js",".js","59"
"C:\Projects\E-Commerce\frontend\node_modules\fast-glob\LICENSE","","17"
"C:\Projects\E-Commerce\frontend\node_modules\fast-glob\package.json",".json","81"
"C:\Projects\E-Commerce\frontend\node_modules\fast-glob\README.md",".md","584"
"C:\Projects\E-Commerce\frontend\node_modules\fastq\test\example.ts",".ts","54"
"C:\Projects\E-Commerce\frontend\node_modules\fastq\test\promise.js",".js","251"
"C:\Projects\E-Commerce\frontend\node_modules\fastq\test\test.js",".js","568"
"C:\Projects\E-Commerce\frontend\node_modules\fastq\test\tsconfig.json",".json","11"
"C:\Projects\E-Commerce\frontend\node_modules\fastq\bench.js",".js","54"
"C:\Projects\E-Commerce\frontend\node_modules\fastq\eslint.config.js",".js","10"
"C:\Projects\E-Commerce\frontend\node_modules\fastq\example.js",".js","10"
"C:\Projects\E-Commerce\frontend\node_modules\fastq\example.mjs",".mjs","6"
"C:\Projects\E-Commerce\frontend\node_modules\fastq\index.d.ts",".ts","54"
"C:\Projects\E-Commerce\frontend\node_modules\fastq\LICENSE","","11"
"C:\Projects\E-Commerce\frontend\node_modules\fastq\package.json",".json","49"
"C:\Projects\E-Commerce\frontend\node_modules\fastq\queue.js",".js","289"
"C:\Projects\E-Commerce\frontend\node_modules\fastq\README.md",".md","220"
"C:\Projects\E-Commerce\frontend\node_modules\fastq\SECURITY.md",".md","10"
"C:\Projects\E-Commerce\frontend\node_modules\fill-range\index.js",".js","197"
"C:\Projects\E-Commerce\frontend\node_modules\fill-range\LICENSE","","17"
"C:\Projects\E-Commerce\frontend\node_modules\fill-range\package.json",".json","74"
"C:\Projects\E-Commerce\frontend\node_modules\fill-range\README.md",".md","156"
"C:\Projects\E-Commerce\frontend\node_modules\follow-redirects\debug.js",".js","14"
"C:\Projects\E-Commerce\frontend\node_modules\follow-redirects\http.js",".js","1"
"C:\Projects\E-Commerce\frontend\node_modules\follow-redirects\https.js",".js","1"
"C:\Projects\E-Commerce\frontend\node_modules\follow-redirects\index.js",".js","628"
"C:\Projects\E-Commerce\frontend\node_modules\follow-redirects\LICENSE","","15"
"C:\Projects\E-Commerce\frontend\node_modules\follow-redirects\package.json",".json","58"
"C:\Projects\E-Commerce\frontend\node_modules\follow-redirects\README.md",".md","117"
"C:\Projects\E-Commerce\frontend\node_modules\form-data\lib\browser.js",".js","3"
"C:\Projects\E-Commerce\frontend\node_modules\form-data\lib\form_data.js",".js","415"
"C:\Projects\E-Commerce\frontend\node_modules\form-data\lib\populate.js",".js","8"
"C:\Projects\E-Commerce\frontend\node_modules\form-data\CHANGELOG.md",".md","481"
"C:\Projects\E-Commerce\frontend\node_modules\form-data\index.d.ts",".ts","54"
"C:\Projects\E-Commerce\frontend\node_modules\form-data\License","","16"
"C:\Projects\E-Commerce\frontend\node_modules\form-data\package.json",".json","82"
"C:\Projects\E-Commerce\frontend\node_modules\form-data\README.md",".md","264"
"C:\Projects\E-Commerce\frontend\node_modules\fraction.js\dist\fraction.js",".js","850"
"C:\Projects\E-Commerce\frontend\node_modules\fraction.js\dist\fraction.min.js",".js","20"
"C:\Projects\E-Commerce\frontend\node_modules\fraction.js\dist\fraction.mjs",".mjs","849"
"C:\Projects\E-Commerce\frontend\node_modules\fraction.js\examples\angles.js",".js","19"
"C:\Projects\E-Commerce\frontend\node_modules\fraction.js\examples\approx.js",".js","42"
"C:\Projects\E-Commerce\frontend\node_modules\fraction.js\examples\egyptian.js",".js","20"
"C:\Projects\E-Commerce\frontend\node_modules\fraction.js\examples\hesse-convergence.js",".js","80"
"C:\Projects\E-Commerce\frontend\node_modules\fraction.js\examples\integrate.js",".js","56"
"C:\Projects\E-Commerce\frontend\node_modules\fraction.js\examples\ratio-chain.js",".js","19"
"C:\Projects\E-Commerce\frontend\node_modules\fraction.js\examples\rational-pow.js",".js","24"
"C:\Projects\E-Commerce\frontend\node_modules\fraction.js\examples\tape-measure.js",".js","12"
"C:\Projects\E-Commerce\frontend\node_modules\fraction.js\examples\toFraction.js",".js","31"
"C:\Projects\E-Commerce\frontend\node_modules\fraction.js\examples\valueOfPi.js",".js","35"
"C:\Projects\E-Commerce\frontend\node_modules\fraction.js\src\fraction.js",".js","852"
"C:\Projects\E-Commerce\frontend\node_modules\fraction.js\tests\fraction.test.js",".js","1727"
"C:\Projects\E-Commerce\frontend\node_modules\fraction.js\CHANGELOG.md",".md","29"
"C:\Projects\E-Commerce\frontend\node_modules\fraction.js\fraction.d.mts",".mts","67"
"C:\Projects\E-Commerce\frontend\node_modules\fraction.js\fraction.d.ts",".ts","66"
"C:\Projects\E-Commerce\frontend\node_modules\fraction.js\LICENSE","","17"
"C:\Projects\E-Commerce\frontend\node_modules\fraction.js\package.json",".json","81"
"C:\Projects\E-Commerce\frontend\node_modules\fraction.js\README.md",".md","325"
"C:\Projects\E-Commerce\frontend\node_modules\framer-motion\client\package.json",".json","6"
"C:\Projects\E-Commerce\frontend\node_modules\framer-motion\client\README.md",".md","1"
"C:\Projects\E-Commerce\frontend\node_modules\framer-motion\dist\cjs\client.js",".js","365"
"C:\Projects\E-Commerce\frontend\node_modules\framer-motion\dist\cjs\client.js.map",".map","1"
"C:\Projects\E-Commerce\frontend\node_modules\framer-motion\dist\cjs\debug.js",".js","8"
"C:\Projects\E-Commerce\frontend\node_modules\framer-motion\dist\cjs\debug.js.map",".map","1"
"C:\Projects\E-Commerce\frontend\node_modules\framer-motion\dist\cjs\dom-mini.js",".js","517"
"C:\Projects\E-Commerce\frontend\node_modules\framer-motion\dist\cjs\dom-mini.js.map",".map","1"
"C:\Projects\E-Commerce\frontend\node_modules\framer-motion\dist\cjs\dom.js",".js","1320"
"C:\Projects\E-Commerce\frontend\node_modules\framer-motion\dist\cjs\dom.js.map",".map","1"
"C:\Projects\E-Commerce\frontend\node_modules\framer-motion\dist\cjs\feature-bundle-BZV7Y7IM.js",".js","1634"
"C:\Projects\E-Commerce\frontend\node_modules\framer-motion\dist\cjs\feature-bundle-BZV7Y7IM.js.map",".map","1"
"C:\Projects\E-Commerce\frontend\node_modules\framer-motion\dist\cjs\index-BuO47Yrm.js",".js","739"
"C:\Projects\E-Commerce\frontend\node_modules\framer-motion\dist\cjs\index-BuO47Yrm.js.map",".map","1"
"C:\Projects\E-Commerce\frontend\node_modules\framer-motion\dist\cjs\index.js",".js","3730"
"C:\Projects\E-Commerce\frontend\node_modules\framer-motion\dist\cjs\index.js.map",".map","1"
"C:\Projects\E-Commerce\frontend\node_modules\framer-motion\dist\cjs\m.js",".js","398"
"C:\Projects\E-Commerce\frontend\node_modules\framer-motion\dist\cjs\m.js.map",".map","1"
"C:\Projects\E-Commerce\frontend\node_modules\framer-motion\dist\cjs\mini.js",".js","145"
"C:\Projects\E-Commerce\frontend\node_modules\framer-motion\dist\cjs\mini.js.map",".map","1"
"C:\Projects\E-Commerce\frontend\node_modules\framer-motion\dist\es\animation\animate\index.mjs",".mjs","56"
"C:\Projects\E-Commerce\frontend\node_modules\framer-motion\dist\es\animation\animate\index.mjs.map",".map","1"
"C:\Projects\E-Commerce\frontend\node_modules\framer-motion\dist\es\animation\animate\resolve-subjects.mjs",".mjs","21"
"C:\Projects\E-Commerce\frontend\node_modules\framer-motion\dist\es\animation\animate\resolve-subjects.mjs.map",".map","1"
"C:\Projects\E-Commerce\frontend\node_modules\framer-motion\dist\es\animation\animate\sequence.mjs",".mjs","34"
"C:\Projects\E-Commerce\frontend\node_modules\framer-motion\dist\es\animation\animate\sequence.mjs.map",".map","1"
"C:\Projects\E-Commerce\frontend\node_modules\framer-motion\dist\es\animation\animate\subject.mjs",".mjs","52"
"C:\Projects\E-Commerce\frontend\node_modules\framer-motion\dist\es\animation\animate\subject.mjs.map",".map","1"
"C:\Projects\E-Commerce\frontend\node_modules\framer-motion\dist\es\animation\animators\waapi\animate-elements.mjs",".mjs","108"
"C:\Projects\E-Commerce\frontend\node_modules\framer-motion\dist\es\animation\animators\waapi\animate-elements.mjs.map",".map","1"
"C:\Projects\E-Commerce\frontend\node_modules\framer-motion\dist\es\animation\animators\waapi\animate-sequence.mjs",".mjs","12"
"C:\Projects\E-Commerce\frontend\node_modules\framer-motion\dist\es\animation\animators\waapi\animate-sequence.mjs.map",".map","1"
"C:\Projects\E-Commerce\frontend\node_modules\framer-motion\dist\es\animation\animators\waapi\animate-style.mjs",".mjs","11"
"C:\Projects\E-Commerce\frontend\node_modules\framer-motion\dist\es\animation\animators\waapi\animate-style.mjs.map",".map","1"
"C:\Projects\E-Commerce\frontend\node_modules\framer-motion\dist\es\animation\hooks\animation-controls.mjs",".mjs","78"
"C:\Projects\E-Commerce\frontend\node_modules\framer-motion\dist\es\animation\hooks\animation-controls.mjs.map",".map","1"
"C:\Projects\E-Commerce\frontend\node_modules\framer-motion\dist\es\animation\hooks\use-animate-style.mjs",".mjs","17"
"C:\Projects\E-Commerce\frontend\node_modules\framer-motion\dist\es\animation\hooks\use-animate-style.mjs.map",".map","1"
"C:\Projects\E-Commerce\frontend\node_modules\framer-motion\dist\es\animation\hooks\use-animate.mjs",".mjs","23"
"C:\Projects\E-Commerce\frontend\node_modules\framer-motion\dist\es\animation\hooks\use-animate.mjs.map",".map","1"
"C:\Projects\E-Commerce\frontend\node_modules\framer-motion\dist\es\animation\hooks\use-animated-state.mjs",".mjs","62"
"C:\Projects\E-Commerce\frontend\node_modules\framer-motion\dist\es\animation\hooks\use-animated-state.mjs.map",".map","1"
"C:\Projects\E-Commerce\frontend\node_modules\framer-motion\dist\es\animation\hooks\use-animation.mjs",".mjs","41"
"C:\Projects\E-Commerce\frontend\node_modules\framer-motion\dist\es\animation\hooks\use-animation.mjs.map",".map","1"
"C:\Projects\E-Commerce\frontend\node_modules\framer-motion\dist\es\animation\optimized-appear\handoff.mjs",".mjs","37"
"C:\Projects\E-Commerce\frontend\node_modules\framer-motion\dist\es\animation\optimized-appear\handoff.mjs.map",".map","1"
"C:\Projects\E-Commerce\frontend\node_modules\framer-motion\dist\es\animation\optimized-appear\start.mjs",".mjs","168"
"C:\Projects\E-Commerce\frontend\node_modules\framer-motion\dist\es\animation\optimized-appear\start.mjs.map",".map","1"
"C:\Projects\E-Commerce\frontend\node_modules\framer-motion\dist\es\animation\optimized-appear\store-id.mjs",".mjs","7"
"C:\Projects\E-Commerce\frontend\node_modules\framer-motion\dist\es\animation\optimized-appear\store-id.mjs.map",".map","1"
"C:\Projects\E-Commerce\frontend\node_modules\framer-motion\dist\es\animation\optimized-appear\store.mjs",".mjs","4"
"C:\Projects\E-Commerce\frontend\node_modules\framer-motion\dist\es\animation\optimized-appear\store.mjs.map",".map","1"
"C:\Projects\E-Commerce\frontend\node_modules\framer-motion\dist\es\animation\sequence\utils\calc-repeat-duration.mjs",".mjs","5"
"C:\Projects\E-Commerce\frontend\node_modules\framer-motion\dist\es\animation\sequence\utils\calc-repeat-duration.mjs.map",".map","1"
"C:\Projects\E-Commerce\frontend\node_modules\framer-motion\dist\es\animation\sequence\utils\calc-time.mjs",".mjs","23"
"C:\Projects\E-Commerce\frontend\node_modules\framer-motion\dist\es\animation\sequence\utils\calc-time.mjs.map",".map","1"
"C:\Projects\E-Commerce\frontend\node_modules\framer-motion\dist\es\animation\sequence\utils\edit.mjs",".mjs","29"
"C:\Projects\E-Commerce\frontend\node_modules\framer-motion\dist\es\animation\sequence\utils\edit.mjs.map",".map","1"
"C:\Projects\E-Commerce\frontend\node_modules\framer-motion\dist\es\animation\sequence\utils\normalize-times.mjs",".mjs","17"
"C:\Projects\E-Commerce\frontend\node_modules\framer-motion\dist\es\animation\sequence\utils\normalize-times.mjs.map",".map","1"
"C:\Projects\E-Commerce\frontend\node_modules\framer-motion\dist\es\animation\sequence\utils\sort.mjs",".mjs","14"
"C:\Projects\E-Commerce\frontend\node_modules\framer-motion\dist\es\animation\sequence\utils\sort.mjs.map",".map","1"
"C:\Projects\E-Commerce\frontend\node_modules\framer-motion\dist\es\animation\sequence\create.mjs",".mjs","306"
"C:\Projects\E-Commerce\frontend\node_modules\framer-motion\dist\es\animation\sequence\create.mjs.map",".map","1"
"C:\Projects\E-Commerce\frontend\node_modules\framer-motion\dist\es\animation\utils\create-visual-element.mjs",".mjs","39"
"C:\Projects\E-Commerce\frontend\node_modules\framer-motion\dist\es\animation\utils\create-visual-element.mjs.map",".map","1"
"C:\Projects\E-Commerce\frontend\node_modules\framer-motion\dist\es\animation\utils\is-dom-keyframes.mjs",".mjs","5"
"C:\Projects\E-Commerce\frontend\node_modules\framer-motion\dist\es\animation\utils\is-dom-keyframes.mjs.map",".map","1"
"C:\Projects\E-Commerce\frontend\node_modules\framer-motion\dist\es\components\AnimatePresence\index.mjs",".mjs","188"
"C:\Projects\E-Commerce\frontend\node_modules\framer-motion\dist\es\components\AnimatePresence\index.mjs.map",".map","1"
"C:\Projects\E-Commerce\frontend\node_modules\framer-motion\dist\es\components\AnimatePresence\PopChild.mjs",".mjs","116"
"C:\Projects\E-Commerce\frontend\node_modules\framer-motion\dist\es\components\AnimatePresence\PopChild.mjs.map",".map","1"
"C:\Projects\E-Commerce\frontend\node_modules\framer-motion\dist\es\components\AnimatePresence\PresenceChild.mjs",".mjs","75"
"C:\Projects\E-Commerce\frontend\node_modules\framer-motion\dist\es\components\AnimatePresence\PresenceChild.mjs.map",".map","1"
"C:\Projects\E-Commerce\frontend\node_modules\framer-motion\dist\es\components\AnimatePresence\use-presence-data.mjs",".mjs","9"
"C:\Projects\E-Commerce\frontend\node_modules\framer-motion\dist\es\components\AnimatePresence\use-presence-data.mjs.map",".map","1"
"C:\Projects\E-Commerce\frontend\node_modules\framer-motion\dist\es\components\AnimatePresence\use-presence.mjs",".mjs","70"
"C:\Projects\E-Commerce\frontend\node_modules\framer-motion\dist\es\components\AnimatePresence\use-presence.mjs.map",".map","1"
"C:\Projects\E-Commerce\frontend\node_modules\framer-motion\dist\es\components\AnimatePresence\utils.mjs",".mjs","13"
"C:\Projects\E-Commerce\frontend\node_modules\framer-motion\dist\es\components\AnimatePresence\utils.mjs.map",".map","1"
"C:\Projects\E-Commerce\frontend\node_modules\framer-motion\dist\es\components\LayoutGroup\index.mjs",".mjs","31"
"C:\Projects\E-Commerce\frontend\node_modules\framer-motion\dist\es\components\LayoutGroup\index.mjs.map",".map","1"
"C:\Projects\E-Commerce\frontend\node_modules\framer-motion\dist\es\components\LazyMotion\index.mjs",".mjs","67"
"C:\Projects\E-Commerce\frontend\node_modules\framer-motion\dist\es\components\LazyMotion\index.mjs.map",".map","1"
"C:\Projects\E-Commerce\frontend\node_modules\framer-motion\dist\es\components\MotionConfig\index.mjs",".mjs","50"
"C:\Projects\E-Commerce\frontend\node_modules\framer-motion\dist\es\components\MotionConfig\index.mjs.map",".map","1"
"C:\Projects\E-Commerce\frontend\node_modules\framer-motion\dist\es\components\Reorder\utils\auto-scroll.mjs",".mjs","123"
"C:\Projects\E-Commerce\frontend\node_modules\framer-motion\dist\es\components\Reorder\utils\auto-scroll.mjs.map",".map","1"
"C:\Projects\E-Commerce\frontend\node_modules\framer-motion\dist\es\components\Reorder\utils\check-reorder.mjs",".mjs","93"
"C:\Projects\E-Commerce\frontend\node_modules\framer-motion\dist\es\components\Reorder\utils\check-reorder.mjs.map",".map","1"
"C:\Projects\E-Commerce\frontend\node_modules\framer-motion\dist\es\components\Reorder\utils\detect-axis.mjs",".mjs","16"
"C:\Projects\E-Commerce\frontend\node_modules\framer-motion\dist\es\components\Reorder\utils\detect-axis.mjs.map",".map","1"
"C:\Projects\E-Commerce\frontend\node_modules\framer-motion\dist\es\components\Reorder\Group.mjs",".mjs","86"
"C:\Projects\E-Commerce\frontend\node_modules\framer-motion\dist\es\components\Reorder\Group.mjs.map",".map","1"
"C:\Projects\E-Commerce\frontend\node_modules\framer-motion\dist\es\components\Reorder\Item.mjs",".mjs","46"
"C:\Projects\E-Commerce\frontend\node_modules\framer-motion\dist\es\components\Reorder\Item.mjs.map",".map","1"
"C:\Projects\E-Commerce\frontend\node_modules\framer-motion\dist\es\components\Reorder\namespace.mjs",".mjs","3"
"C:\Projects\E-Commerce\frontend\node_modules\framer-motion\dist\es\components\Reorder\namespace.mjs.map",".map","1"
"C:\Projects\E-Commerce\frontend\node_modules\framer-motion\dist\es\components\AnimateSharedLayout.mjs",".mjs","15"
"C:\Projects\E-Commerce\frontend\node_modules\framer-motion\dist\es\components\AnimateSharedLayout.mjs.map",".map","1"
"C:\Projects\E-Commerce\frontend\node_modules\framer-motion\dist\es\context\MotionContext\create.mjs",".mjs","13"
"C:\Projects\E-Commerce\frontend\node_modules\framer-motion\dist\es\context\MotionContext\create.mjs.map",".map","1"
"C:\Projects\E-Commerce\frontend\node_modules\framer-motion\dist\es\context\MotionContext\index.mjs",".mjs","5"
"C:\Projects\E-Commerce\frontend\node_modules\framer-motion\dist\es\context\MotionContext\index.mjs.map",".map","1"
"C:\Projects\E-Commerce\frontend\node_modules\framer-motion\dist\es\context\MotionContext\utils.mjs",".mjs","15"
"C:\Projects\E-Commerce\frontend\node_modules\framer-motion\dist\es\context\MotionContext\utils.mjs.map",".map","1"
"C:\Projects\E-Commerce\frontend\node_modules\framer-motion\dist\es\context\DeprecatedLayoutGroupContext.mjs",".mjs","10"
"C:\Projects\E-Commerce\frontend\node_modules\framer-motion\dist\es\context\DeprecatedLayoutGroupContext.mjs.map",".map","1"
"C:\Projects\E-Commerce\frontend\node_modules\framer-motion\dist\es\context\LayoutGroupContext.mjs",".mjs","5"
"C:\Projects\E-Commerce\frontend\node_modules\framer-motion\dist\es\context\LayoutGroupContext.mjs.map",".map","1"
"C:\Projects\E-Commerce\frontend\node_modules\framer-motion\dist\es\context\LazyContext.mjs",".mjs","5"
"C:\Projects\E-Commerce\frontend\node_modules\framer-motion\dist\es\context\LazyContext.mjs.map",".map","1"
"C:\Projects\E-Commerce\frontend\node_modules\framer-motion\dist\es\context\MotionConfigContext.mjs",".mjs","12"
"C:\Projects\E-Commerce\frontend\node_modules\framer-motion\dist\es\context\MotionConfigContext.mjs.map",".map","1"
"C:\Projects\E-Commerce\frontend\node_modules\framer-motion\dist\es\context\PresenceContext.mjs",".mjs","9"
"C:\Projects\E-Commerce\frontend\node_modules\framer-motion\dist\es\context\PresenceContext.mjs.map",".map","1"
"C:\Projects\E-Commerce\frontend\node_modules\framer-motion\dist\es\context\ReorderContext.mjs",".mjs","5"
"C:\Projects\E-Commerce\frontend\node_modules\framer-motion\dist\es\context\ReorderContext.mjs.map",".map","1"
"C:\Projects\E-Commerce\frontend\node_modules\framer-motion\dist\es\context\SwitchLayoutGroupContext.mjs",".mjs","8"
"C:\Projects\E-Commerce\frontend\node_modules\framer-motion\dist\es\context\SwitchLayoutGroupContext.mjs.map",".map","1"
"C:\Projects\E-Commerce\frontend\node_modules\framer-motion\dist\es\events\add-pointer-event.mjs",".mjs","7"
"C:\Projects\E-Commerce\frontend\node_modules\framer-motion\dist\es\events\add-pointer-event.mjs.map",".map","1"
"C:\Projects\E-Commerce\frontend\node_modules\framer-motion\dist\es\events\event-info.mjs",".mjs","12"
"C:\Projects\E-Commerce\frontend\node_modules\framer-motion\dist\es\events\event-info.mjs.map",".map","1"
"C:\Projects\E-Commerce\frontend\node_modules\framer-motion\dist\es\events\use-dom-event.mjs",".mjs","34"
"C:\Projects\E-Commerce\frontend\node_modules\framer-motion\dist\es\events\use-dom-event.mjs.map",".map","1"
"C:\Projects\E-Commerce\frontend\node_modules\framer-motion\dist\es\gestures\drag\utils\constraints.mjs",".mjs","126"
"C:\Projects\E-Commerce\frontend\node_modules\framer-motion\dist\es\gestures\drag\utils\constraints.mjs.map",".map","1"
"C:\Projects\E-Commerce\frontend\node_modules\framer-motion\dist\es\gestures\drag\index.mjs",".mjs","49"
"C:\Projects\E-Commerce\frontend\node_modules\framer-motion\dist\es\gestures\drag\index.mjs.map",".map","1"
"C:\Projects\E-Commerce\frontend\node_modules\framer-motion\dist\es\gestures\drag\use-drag-controls.mjs",".mjs","115"
"C:\Projects\E-Commerce\frontend\node_modules\framer-motion\dist\es\gestures\drag\use-drag-controls.mjs.map",".map","1"
"C:\Projects\E-Commerce\frontend\node_modules\framer-motion\dist\es\gestures\drag\VisualElementDragControls.mjs",".mjs","571"
"C:\Projects\E-Commerce\frontend\node_modules\framer-motion\dist\es\gestures\drag\VisualElementDragControls.mjs.map",".map","1"
"C:\Projects\E-Commerce\frontend\node_modules\framer-motion\dist\es\gestures\pan\index.mjs",".mjs","48"
"C:\Projects\E-Commerce\frontend\node_modules\framer-motion\dist\es\gestures\pan\index.mjs.map",".map","1"
"C:\Projects\E-Commerce\frontend\node_modules\framer-motion\dist\es\gestures\pan\PanSession.mjs",".mjs","281"
"C:\Projects\E-Commerce\frontend\node_modules\framer-motion\dist\es\gestures\pan\PanSession.mjs.map",".map","1"
"C:\Projects\E-Commerce\frontend\node_modules\framer-motion\dist\es\gestures\focus.mjs",".mjs","39"
"C:\Projects\E-Commerce\frontend\node_modules\framer-motion\dist\es\gestures\focus.mjs.map",".map","1"
"C:\Projects\E-Commerce\frontend\node_modules\framer-motion\dist\es\gestures\hover.mjs",".mjs","27"
"C:\Projects\E-Commerce\frontend\node_modules\framer-motion\dist\es\gestures\hover.mjs.map",".map","1"
"C:\Projects\E-Commerce\frontend\node_modules\framer-motion\dist\es\gestures\press.mjs",".mjs","34"
"C:\Projects\E-Commerce\frontend\node_modules\framer-motion\dist\es\gestures\press.mjs.map",".map","1"
"C:\Projects\E-Commerce\frontend\node_modules\framer-motion\dist\es\motion\features\animation\exit.mjs",".mjs","68"
"C:\Projects\E-Commerce\frontend\node_modules\framer-motion\dist\es\motion\features\animation\exit.mjs.map",".map","1"
"C:\Projects\E-Commerce\frontend\node_modules\framer-motion\dist\es\motion\features\animation\index.mjs",".mjs","37"
"C:\Projects\E-Commerce\frontend\node_modules\framer-motion\dist\es\motion\features\animation\index.mjs.map",".map","1"
"C:\Projects\E-Commerce\frontend\node_modules\framer-motion\dist\es\motion\features\layout\MeasureLayout.mjs",".mjs","134"
"C:\Projects\E-Commerce\frontend\node_modules\framer-motion\dist\es\motion\features\layout\MeasureLayout.mjs.map",".map","1"
"C:\Projects\E-Commerce\frontend\node_modules\framer-motion\dist\es\motion\features\viewport\index.mjs",".mjs","75"
"C:\Projects\E-Commerce\frontend\node_modules\framer-motion\dist\es\motion\features\viewport\index.mjs.map",".map","1"
"C:\Projects\E-Commerce\frontend\node_modules\framer-motion\dist\es\motion\features\viewport\observers.mjs",".mjs","49"
"C:\Projects\E-Commerce\frontend\node_modules\framer-motion\dist\es\motion\features\viewport\observers.mjs.map",".map","1"
"C:\Projects\E-Commerce\frontend\node_modules\framer-motion\dist\es\motion\features\animations.mjs",".mjs","12"
"C:\Projects\E-Commerce\frontend\node_modules\framer-motion\dist\es\motion\features\animations.mjs.map",".map","1"
"C:\Projects\E-Commerce\frontend\node_modules\framer-motion\dist\es\motion\features\definitions.mjs",".mjs","47"
"C:\Projects\E-Commerce\frontend\node_modules\framer-motion\dist\es\motion\features\definitions.mjs.map",".map","1"
"C:\Projects\E-Commerce\frontend\node_modules\framer-motion\dist\es\motion\features\drag.mjs",".mjs","16"
"C:\Projects\E-Commerce\frontend\node_modules\framer-motion\dist\es\motion\features\drag.mjs.map",".map","1"
"C:\Projects\E-Commerce\frontend\node_modules\framer-motion\dist\es\motion\features\gestures.mjs",".mjs","20"
"C:\Projects\E-Commerce\frontend\node_modules\framer-motion\dist\es\motion\features\gestures.mjs.map",".map","1"
"C:\Projects\E-Commerce\frontend\node_modules\framer-motion\dist\es\motion\features\layout.mjs",".mjs","10"
"C:\Projects\E-Commerce\frontend\node_modules\framer-motion\dist\es\motion\features\layout.mjs.map",".map","1"
"C:\Projects\E-Commerce\frontend\node_modules\framer-motion\dist\es\motion\features\load-features.mjs",".mjs","14"
"C:\Projects\E-Commerce\frontend\node_modules\framer-motion\dist\es\motion\features\load-features.mjs.map",".map","1"
"C:\Projects\E-Commerce\frontend\node_modules\framer-motion\dist\es\motion\utils\is-motion-component.mjs",".mjs","11"
"C:\Projects\E-Commerce\frontend\node_modules\framer-motion\dist\es\motion\utils\is-motion-component.mjs.map",".map","1"
"C:\Projects\E-Commerce\frontend\node_modules\framer-motion\dist\es\motion\utils\symbol.mjs",".mjs","3"
"C:\Projects\E-Commerce\frontend\node_modules\framer-motion\dist\es\motion\utils\symbol.mjs.map",".map","1"
"C:\Projects\E-Commerce\frontend\node_modules\framer-motion\dist\es\motion\utils\unwrap-motion-component.mjs",".mjs","16"
"C:\Projects\E-Commerce\frontend\node_modules\framer-motion\dist\es\motion\utils\unwrap-motion-component.mjs.map",".map","1"
"C:\Projects\E-Commerce\frontend\node_modules\framer-motion\dist\es\motion\utils\use-motion-ref.mjs",".mjs","50"
"C:\Projects\E-Commerce\frontend\node_modules\framer-motion\dist\es\motion\utils\use-motion-ref.mjs.map",".map","1"
"C:\Projects\E-Commerce\frontend\node_modules\framer-motion\dist\es\motion\utils\use-visual-element.mjs",".mjs","164"
"C:\Projects\E-Commerce\frontend\node_modules\framer-motion\dist\es\motion\utils\use-visual-element.mjs.map",".map","1"
"C:\Projects\E-Commerce\frontend\node_modules\framer-motion\dist\es\motion\utils\use-visual-state.mjs",".mjs","76"
"C:\Projects\E-Commerce\frontend\node_modules\framer-motion\dist\es\motion\utils\use-visual-state.mjs.map",".map","1"
"C:\Projects\E-Commerce\frontend\node_modules\framer-motion\dist\es\motion\utils\valid-prop.mjs",".mjs","58"
"C:\Projects\E-Commerce\frontend\node_modules\framer-motion\dist\es\motion\utils\valid-prop.mjs.map",".map","1"
"C:\Projects\E-Commerce\frontend\node_modules\framer-motion\dist\es\motion\index.mjs",".mjs","111"
"C:\Projects\E-Commerce\frontend\node_modules\framer-motion\dist\es\motion\index.mjs.map",".map","1"
"C:\Projects\E-Commerce\frontend\node_modules\framer-motion\dist\es\projection\use-instant-layout-transition.mjs",".mjs","13"
"C:\Projects\E-Commerce\frontend\node_modules\framer-motion\dist\es\projection\use-instant-layout-transition.mjs.map",".map","1"
"C:\Projects\E-Commerce\frontend\node_modules\framer-motion\dist\es\projection\use-reset-projection.mjs",".mjs","13"
"C:\Projects\E-Commerce\frontend\node_modules\framer-motion\dist\es\projection\use-reset-projection.mjs.map",".map","1"
"C:\Projects\E-Commerce\frontend\node_modules\framer-motion\dist\es\render\components\m\create.mjs",".mjs","6"
"C:\Projects\E-Commerce\frontend\node_modules\framer-motion\dist\es\render\components\m\create.mjs.map",".map","1"
"C:\Projects\E-Commerce\frontend\node_modules\framer-motion\dist\es\render\components\m\elements.mjs",".mjs","226"
"C:\Projects\E-Commerce\frontend\node_modules\framer-motion\dist\es\render\components\m\elements.mjs.map",".map","1"
"C:\Projects\E-Commerce\frontend\node_modules\framer-motion\dist\es\render\components\m\proxy.mjs",".mjs","4"
"C:\Projects\E-Commerce\frontend\node_modules\framer-motion\dist\es\render\components\m\proxy.mjs.map",".map","1"
"C:\Projects\E-Commerce\frontend\node_modules\framer-motion\dist\es\render\components\motion\create.mjs",".mjs","8"
"C:\Projects\E-Commerce\frontend\node_modules\framer-motion\dist\es\render\components\motion\create.mjs.map",".map","1"
"C:\Projects\E-Commerce\frontend\node_modules\framer-motion\dist\es\render\components\motion\elements.mjs",".mjs","193"
"C:\Projects\E-Commerce\frontend\node_modules\framer-motion\dist\es\render\components\motion\elements.mjs.map",".map","1"
"C:\Projects\E-Commerce\frontend\node_modules\framer-motion\dist\es\render\components\motion\feature-bundle.mjs",".mjs","12"
"C:\Projects\E-Commerce\frontend\node_modules\framer-motion\dist\es\render\components\motion\feature-bundle.mjs.map",".map","1"
"C:\Projects\E-Commerce\frontend\node_modules\framer-motion\dist\es\render\components\motion\proxy.mjs",".mjs","6"
"C:\Projects\E-Commerce\frontend\node_modules\framer-motion\dist\es\render\components\motion\proxy.mjs.map",".map","1"
"C:\Projects\E-Commerce\frontend\node_modules\framer-motion\dist\es\render\components\create-proxy.mjs",".mjs","44"
"C:\Projects\E-Commerce\frontend\node_modules\framer-motion\dist\es\render\components\create-proxy.mjs.map",".map","1"
"C:\Projects\E-Commerce\frontend\node_modules\framer-motion\dist\es\render\dom\scroll\offsets\edge.mjs",".mjs","45"
"C:\Projects\E-Commerce\frontend\node_modules\framer-motion\dist\es\render\dom\scroll\offsets\edge.mjs.map",".map","1"
"C:\Projects\E-Commerce\frontend\node_modules\framer-motion\dist\es\render\dom\scroll\offsets\index.mjs",".mjs","58"
"C:\Projects\E-Commerce\frontend\node_modules\framer-motion\dist\es\render\dom\scroll\offsets\index.mjs.map",".map","1"
"C:\Projects\E-Commerce\frontend\node_modules\framer-motion\dist\es\render\dom\scroll\offsets\inset.mjs",".mjs","46"
"C:\Projects\E-Commerce\frontend\node_modules\framer-motion\dist\es\render\dom\scroll\offsets\inset.mjs.map",".map","1"
"C:\Projects\E-Commerce\frontend\node_modules\framer-motion\dist\es\render\dom\scroll\offsets\offset.mjs",".mjs","34"
"C:\Projects\E-Commerce\frontend\node_modules\framer-motion\dist\es\render\dom\scroll\offsets\offset.mjs.map",".map","1"
"C:\Projects\E-Commerce\frontend\node_modules\framer-motion\dist\es\render\dom\scroll\offsets\presets.mjs",".mjs","20"
"C:\Projects\E-Commerce\frontend\node_modules\framer-motion\dist\es\render\dom\scroll\offsets\presets.mjs.map",".map","1"
"C:\Projects\E-Commerce\frontend\node_modules\framer-motion\dist\es\render\dom\scroll\utils\can-use-native-timeline.mjs",".mjs","8"
"C:\Projects\E-Commerce\frontend\node_modules\framer-motion\dist\es\render\dom\scroll\utils\can-use-native-timeline.mjs.map",".map","1"
"C:\Projects\E-Commerce\frontend\node_modules\framer-motion\dist\es\render\dom\scroll\utils\get-timeline.mjs",".mjs","60"
"C:\Projects\E-Commerce\frontend\node_modules\framer-motion\dist\es\render\dom\scroll\utils\get-timeline.mjs.map",".map","1"
"C:\Projects\E-Commerce\frontend\node_modules\framer-motion\dist\es\render\dom\scroll\utils\is-element-tracking.mjs",".mjs","9"
"C:\Projects\E-Commerce\frontend\node_modules\framer-motion\dist\es\render\dom\scroll\utils\is-element-tracking.mjs.map",".map","1"
"C:\Projects\E-Commerce\frontend\node_modules\framer-motion\dist\es\render\dom\scroll\utils\offset-to-range.mjs",".mjs","71"
"C:\Projects\E-Commerce\frontend\node_modules\framer-motion\dist\es\render\dom\scroll\utils\offset-to-range.mjs.map",".map","1"
"C:\Projects\E-Commerce\frontend\node_modules\framer-motion\dist\es\render\dom\scroll\attach-animation.mjs",".mjs","36"
"C:\Projects\E-Commerce\frontend\node_modules\framer-motion\dist\es\render\dom\scroll\attach-animation.mjs.map",".map","1"
"C:\Projects\E-Commerce\frontend\node_modules\framer-motion\dist\es\render\dom\scroll\attach-function.mjs",".mjs","23"
"C:\Projects\E-Commerce\frontend\node_modules\framer-motion\dist\es\render\dom\scroll\attach-function.mjs.map",".map","1"
"C:\Projects\E-Commerce\frontend\node_modules\framer-motion\dist\es\render\dom\scroll\index.mjs",".mjs","13"
"C:\Projects\E-Commerce\frontend\node_modules\framer-motion\dist\es\render\dom\scroll\index.mjs.map",".map","1"
"C:\Projects\E-Commerce\frontend\node_modules\framer-motion\dist\es\render\dom\scroll\info.mjs",".mjs","54"
"C:\Projects\E-Commerce\frontend\node_modules\framer-motion\dist\es\render\dom\scroll\info.mjs.map",".map","1"
"C:\Projects\E-Commerce\frontend\node_modules\framer-motion\dist\es\render\dom\scroll\on-scroll-handler.mjs",".mjs","53"
"C:\Projects\E-Commerce\frontend\node_modules\framer-motion\dist\es\render\dom\scroll\on-scroll-handler.mjs.map",".map","1"
"C:\Projects\E-Commerce\frontend\node_modules\framer-motion\dist\es\render\dom\scroll\track.mjs",".mjs","113"
"C:\Projects\E-Commerce\frontend\node_modules\framer-motion\dist\es\render\dom\scroll\track.mjs.map",".map","1"
"C:\Projects\E-Commerce\frontend\node_modules\framer-motion\dist\es\render\dom\utils\filter-props.mjs",".mjs","35"
"C:\Projects\E-Commerce\frontend\node_modules\framer-motion\dist\es\render\dom\utils\filter-props.mjs.map",".map","1"
"C:\Projects\E-Commerce\frontend\node_modules\framer-motion\dist\es\render\dom\utils\is-svg-component.mjs",".mjs","29"
"C:\Projects\E-Commerce\frontend\node_modules\framer-motion\dist\es\render\dom\utils\is-svg-component.mjs.map",".map","1"
"C:\Projects\E-Commerce\frontend\node_modules\framer-motion\dist\es\render\dom\viewport\index.mjs",".mjs","42"
"C:\Projects\E-Commerce\frontend\node_modules\framer-motion\dist\es\render\dom\viewport\index.mjs.map",".map","1"
"C:\Projects\E-Commerce\frontend\node_modules\framer-motion\dist\es\render\dom\create-visual-element.mjs",".mjs","16"
"C:\Projects\E-Commerce\frontend\node_modules\framer-motion\dist\es\render\dom\create-visual-element.mjs.map",".map","1"
"C:\Projects\E-Commerce\frontend\node_modules\framer-motion\dist\es\render\dom\features-animation.mjs",".mjs","14"
"C:\Projects\E-Commerce\frontend\node_modules\framer-motion\dist\es\render\dom\features-animation.mjs.map",".map","1"
"C:\Projects\E-Commerce\frontend\node_modules\framer-motion\dist\es\render\dom\features-max.mjs",".mjs","14"
"C:\Projects\E-Commerce\frontend\node_modules\framer-motion\dist\es\render\dom\features-max.mjs.map",".map","1"
"C:\Projects\E-Commerce\frontend\node_modules\framer-motion\dist\es\render\dom\features-min.mjs",".mjs","12"
"C:\Projects\E-Commerce\frontend\node_modules\framer-motion\dist\es\render\dom\features-min.mjs.map",".map","1"
"C:\Projects\E-Commerce\frontend\node_modules\framer-motion\dist\es\render\dom\use-render.mjs",".mjs","26"
"C:\Projects\E-Commerce\frontend\node_modules\framer-motion\dist\es\render\dom\use-render.mjs.map",".map","1"
"C:\Projects\E-Commerce\frontend\node_modules\framer-motion\dist\es\render\html\utils\create-render-state.mjs",".mjs","8"
"C:\Projects\E-Commerce\frontend\node_modules\framer-motion\dist\es\render\html\utils\create-render-state.mjs.map",".map","1"
"C:\Projects\E-Commerce\frontend\node_modules\framer-motion\dist\es\render\html\use-html-visual-state.mjs",".mjs","10"
"C:\Projects\E-Commerce\frontend\node_modules\framer-motion\dist\es\render\html\use-html-visual-state.mjs.map",".map","1"
"C:\Projects\E-Commerce\frontend\node_modules\framer-motion\dist\es\render\html\use-props.mjs",".mjs","55"
"C:\Projects\E-Commerce\frontend\node_modules\framer-motion\dist\es\render\html\use-props.mjs.map",".map","1"
"C:\Projects\E-Commerce\frontend\node_modules\framer-motion\dist\es\render\svg\utils\create-render-state.mjs",".mjs","7"
"C:\Projects\E-Commerce\frontend\node_modules\framer-motion\dist\es\render\svg\utils\create-render-state.mjs.map",".map","1"
"C:\Projects\E-Commerce\frontend\node_modules\framer-motion\dist\es\render\svg\lowercase-elements.mjs",".mjs","33"
"C:\Projects\E-Commerce\frontend\node_modules\framer-motion\dist\es\render\svg\lowercase-elements.mjs.map",".map","1"
"C:\Projects\E-Commerce\frontend\node_modules\framer-motion\dist\es\render\svg\use-props.mjs",".mjs","23"
"C:\Projects\E-Commerce\frontend\node_modules\framer-motion\dist\es\render\svg\use-props.mjs.map",".map","1"
"C:\Projects\E-Commerce\frontend\node_modules\framer-motion\dist\es\render\svg\use-svg-visual-state.mjs",".mjs","10"
"C:\Projects\E-Commerce\frontend\node_modules\framer-motion\dist\es\render\svg\use-svg-visual-state.mjs.map",".map","1"
"C:\Projects\E-Commerce\frontend\node_modules\framer-motion\dist\es\utils\reduced-motion\use-reduced-motion-config.mjs",".mjs","19"
"C:\Projects\E-Commerce\frontend\node_modules\framer-motion\dist\es\utils\reduced-motion\use-reduced-motion-config.mjs.map",".map","1"
"C:\Projects\E-Commerce\frontend\node_modules\framer-motion\dist\es\utils\reduced-motion\use-reduced-motion.mjs",".mjs","46"
"C:\Projects\E-Commerce\frontend\node_modules\framer-motion\dist\es\utils\reduced-motion\use-reduced-motion.mjs.map",".map","1"
"C:\Projects\E-Commerce\frontend\node_modules\framer-motion\dist\es\utils\distance.mjs",".mjs","9"
"C:\Projects\E-Commerce\frontend\node_modules\framer-motion\dist\es\utils\distance.mjs.map",".map","1"
"C:\Projects\E-Commerce\frontend\node_modules\framer-motion\dist\es\utils\get-context-window.mjs",".mjs","6"
"C:\Projects\E-Commerce\frontend\node_modules\framer-motion\dist\es\utils\get-context-window.mjs.map",".map","1"
"C:\Projects\E-Commerce\frontend\node_modules\framer-motion\dist\es\utils\is-browser.mjs",".mjs","3"
"C:\Projects\E-Commerce\frontend\node_modules\framer-motion\dist\es\utils\is-browser.mjs.map",".map","1"
"C:\Projects\E-Commerce\frontend\node_modules\framer-motion\dist\es\utils\is-ref-object.mjs",".mjs","7"
"C:\Projects\E-Commerce\frontend\node_modules\framer-motion\dist\es\utils\is-ref-object.mjs.map",".map","1"
"C:\Projects\E-Commerce\frontend\node_modules\framer-motion\dist\es\utils\transform-rotated-parent.mjs",".mjs","71"
"C:\Projects\E-Commerce\frontend\node_modules\framer-motion\dist\es\utils\transform-rotated-parent.mjs.map",".map","1"
"C:\Projects\E-Commerce\frontend\node_modules\framer-motion\dist\es\utils\transform-viewbox-point.mjs",".mjs","62"
"C:\Projects\E-Commerce\frontend\node_modules\framer-motion\dist\es\utils\transform-viewbox-point.mjs.map",".map","1"
"C:\Projects\E-Commerce\frontend\node_modules\framer-motion\dist\es\utils\use-animation-frame.mjs",".mjs","21"
"C:\Projects\E-Commerce\frontend\node_modules\framer-motion\dist\es\utils\use-animation-frame.mjs.map",".map","1"
"C:\Projects\E-Commerce\frontend\node_modules\framer-motion\dist\es\utils\use-composed-ref.mjs",".mjs","59"
"C:\Projects\E-Commerce\frontend\node_modules\framer-motion\dist\es\utils\use-composed-ref.mjs.map",".map","1"
"C:\Projects\E-Commerce\frontend\node_modules\framer-motion\dist\es\utils\use-constant.mjs",".mjs","18"
"C:\Projects\E-Commerce\frontend\node_modules\framer-motion\dist\es\utils\use-constant.mjs.map",".map","1"
"C:\Projects\E-Commerce\frontend\node_modules\framer-motion\dist\es\utils\use-cycle.mjs",".mjs","47"
"C:\Projects\E-Commerce\frontend\node_modules\framer-motion\dist\es\utils\use-cycle.mjs.map",".map","1"
"C:\Projects\E-Commerce\frontend\node_modules\framer-motion\dist\es\utils\use-force-update.mjs",".mjs","19"
"C:\Projects\E-Commerce\frontend\node_modules\framer-motion\dist\es\utils\use-force-update.mjs.map",".map","1"
"C:\Projects\E-Commerce\frontend\node_modules\framer-motion\dist\es\utils\use-in-view.mjs",".mjs","23"
"C:\Projects\E-Commerce\frontend\node_modules\framer-motion\dist\es\utils\use-in-view.mjs.map",".map","1"
"C:\Projects\E-Commerce\frontend\node_modules\framer-motion\dist\es\utils\use-instant-transition.mjs",".mjs","41"
"C:\Projects\E-Commerce\frontend\node_modules\framer-motion\dist\es\utils\use-instant-transition.mjs.map",".map","1"
"C:\Projects\E-Commerce\frontend\node_modules\framer-motion\dist\es\utils\use-is-mounted.mjs",".mjs","15"
"C:\Projects\E-Commerce\frontend\node_modules\framer-motion\dist\es\utils\use-is-mounted.mjs.map",".map","1"
"C:\Projects\E-Commerce\frontend\node_modules\framer-motion\dist\es\utils\use-isomorphic-effect.mjs",".mjs","6"
"C:\Projects\E-Commerce\frontend\node_modules\framer-motion\dist\es\utils\use-isomorphic-effect.mjs.map",".map","1"
"C:\Projects\E-Commerce\frontend\node_modules\framer-motion\dist\es\utils\use-motion-value-event.mjs",".mjs","13"
"C:\Projects\E-Commerce\frontend\node_modules\framer-motion\dist\es\utils\use-motion-value-event.mjs.map",".map","1"
"C:\Projects\E-Commerce\frontend\node_modules\framer-motion\dist\es\utils\use-page-in-view.mjs",".mjs","18"
"C:\Projects\E-Commerce\frontend\node_modules\framer-motion\dist\es\utils\use-page-in-view.mjs.map",".map","1"
"C:\Projects\E-Commerce\frontend\node_modules\framer-motion\dist\es\utils\use-unmount-effect.mjs",".mjs","7"
"C:\Projects\E-Commerce\frontend\node_modules\framer-motion\dist\es\utils\use-unmount-effect.mjs.map",".map","1"
"C:\Projects\E-Commerce\frontend\node_modules\framer-motion\dist\es\value\scroll\use-element-scroll.mjs",".mjs","13"
"C:\Projects\E-Commerce\frontend\node_modules\framer-motion\dist\es\value\scroll\use-element-scroll.mjs.map",".map","1"
"C:\Projects\E-Commerce\frontend\node_modules\framer-motion\dist\es\value\scroll\use-viewport-scroll.mjs",".mjs","13"
"C:\Projects\E-Commerce\frontend\node_modules\framer-motion\dist\es\value\scroll\use-viewport-scroll.mjs.map",".map","1"
"C:\Projects\E-Commerce\frontend\node_modules\framer-motion\dist\es\value\use-will-change\index.mjs",".mjs","8"
"C:\Projects\E-Commerce\frontend\node_modules\framer-motion\dist\es\value\use-will-change\index.mjs.map",".map","1"
"C:\Projects\E-Commerce\frontend\node_modules\framer-motion\dist\es\value\use-will-change\WillChangeMotionValue.mjs",".mjs","18"
"C:\Projects\E-Commerce\frontend\node_modules\framer-motion\dist\es\value\use-will-change\WillChangeMotionValue.mjs.map",".map","1"
"C:\Projects\E-Commerce\frontend\node_modules\framer-motion\dist\es\value\use-combine-values.mjs",".mjs","37"
"C:\Projects\E-Commerce\frontend\node_modules\framer-motion\dist\es\value\use-combine-values.mjs.map",".map","1"
"C:\Projects\E-Commerce\frontend\node_modules\framer-motion\dist\es\value\use-computed.mjs",".mjs","19"
"C:\Projects\E-Commerce\frontend\node_modules\framer-motion\dist\es\value\use-computed.mjs.map",".map","1"
"C:\Projects\E-Commerce\frontend\node_modules\framer-motion\dist\es\value\use-follow-value.mjs",".mjs","21"
"C:\Projects\E-Commerce\frontend\node_modules\framer-motion\dist\es\value\use-follow-value.mjs.map",".map","1"
"C:\Projects\E-Commerce\frontend\node_modules\framer-motion\dist\es\value\use-inverted-scale.mjs",".mjs","52"
"C:\Projects\E-Commerce\frontend\node_modules\framer-motion\dist\es\value\use-inverted-scale.mjs.map",".map","1"
"C:\Projects\E-Commerce\frontend\node_modules\framer-motion\dist\es\value\use-motion-template.mjs",".mjs","45"
"C:\Projects\E-Commerce\frontend\node_modules\framer-motion\dist\es\value\use-motion-template.mjs.map",".map","1"
"C:\Projects\E-Commerce\frontend\node_modules\framer-motion\dist\es\value\use-motion-value.mjs",".mjs","38"
"C:\Projects\E-Commerce\frontend\node_modules\framer-motion\dist\es\value\use-motion-value.mjs.map",".map","1"
"C:\Projects\E-Commerce\frontend\node_modules\framer-motion\dist\es\value\use-scroll.mjs",".mjs","117"
"C:\Projects\E-Commerce\frontend\node_modules\framer-motion\dist\es\value\use-scroll.mjs.map",".map","1"
"C:\Projects\E-Commerce\frontend\node_modules\framer-motion\dist\es\value\use-spring.mjs",".mjs","7"
"C:\Projects\E-Commerce\frontend\node_modules\framer-motion\dist\es\value\use-spring.mjs.map",".map","1"
"C:\Projects\E-Commerce\frontend\node_modules\framer-motion\dist\es\value\use-time.mjs",".mjs","10"
"C:\Projects\E-Commerce\frontend\node_modules\framer-motion\dist\es\value\use-time.mjs.map",".map","1"
"C:\Projects\E-Commerce\frontend\node_modules\framer-motion\dist\es\value\use-transform.mjs",".mjs","68"
"C:\Projects\E-Commerce\frontend\node_modules\framer-motion\dist\es\value\use-transform.mjs.map",".map","1"
"C:\Projects\E-Commerce\frontend\node_modules\framer-motion\dist\es\value\use-velocity.mjs",".mjs","35"
"C:\Projects\E-Commerce\frontend\node_modules\framer-motion\dist\es\value\use-velocity.mjs.map",".map","1"
"C:\Projects\E-Commerce\frontend\node_modules\framer-motion\dist\es\client.mjs",".mjs","2"
"C:\Projects\E-Commerce\frontend\node_modules\framer-motion\dist\es\client.mjs.map",".map","1"
"C:\Projects\E-Commerce\frontend\node_modules\framer-motion\dist\es\debug.mjs",".mjs","2"
"C:\Projects\E-Commerce\frontend\node_modules\framer-motion\dist\es\debug.mjs.map",".map","1"
"C:\Projects\E-Commerce\frontend\node_modules\framer-motion\dist\es\dom-mini.mjs",".mjs","3"
"C:\Projects\E-Commerce\frontend\node_modules\framer-motion\dist\es\dom-mini.mjs.map",".map","1"
"C:\Projects\E-Commerce\frontend\node_modules\framer-motion\dist\es\dom.mjs",".mjs","10"
"C:\Projects\E-Commerce\frontend\node_modules\framer-motion\dist\es\dom.mjs.map",".map","1"
"C:\Projects\E-Commerce\frontend\node_modules\framer-motion\dist\es\index.mjs",".mjs","79"
"C:\Projects\E-Commerce\frontend\node_modules\framer-motion\dist\es\index.mjs.map",".map","1"
"C:\Projects\E-Commerce\frontend\node_modules\framer-motion\dist\es\m.mjs",".mjs","3"
"C:\Projects\E-Commerce\frontend\node_modules\framer-motion\dist\es\m.mjs.map",".map","1"
"C:\Projects\E-Commerce\frontend\node_modules\framer-motion\dist\es\mini.mjs",".mjs","2"
"C:\Projects\E-Commerce\frontend\node_modules\framer-motion\dist\es\mini.mjs.map",".map","1"
"C:\Projects\E-Commerce\frontend\node_modules\framer-motion\dist\es\projection.mjs",".mjs","2"
"C:\Projects\E-Commerce\frontend\node_modules\framer-motion\dist\es\projection.mjs.map",".map","1"
"C:\Projects\E-Commerce\frontend\node_modules\framer-motion\dist\client.d.ts",".ts","361"
"C:\Projects\E-Commerce\frontend\node_modules\framer-motion\dist\debug.d.ts",".ts","2"
"C:\Projects\E-Commerce\frontend\node_modules\framer-motion\dist\dom-mini.d.ts",".ts","65"
"C:\Projects\E-Commerce\frontend\node_modules\framer-motion\dist\dom-mini.js",".js","1"
"C:\Projects\E-Commerce\frontend\node_modules\framer-motion\dist\dom.d.ts",".ts","294"
"C:\Projects\E-Commerce\frontend\node_modules\framer-motion\dist\dom.js",".js","1"
"C:\Projects\E-Commerce\frontend\node_modules\framer-motion\dist\framer-motion.dev.js",".js","17141"
"C:\Projects\E-Commerce\frontend\node_modules\framer-motion\dist\framer-motion.js",".js","1"
"C:\Projects\E-Commerce\frontend\node_modules\framer-motion\dist\index.d.ts",".ts","1642"
"C:\Projects\E-Commerce\frontend\node_modules\framer-motion\dist\m.d.ts",".ts","402"
"C:\Projects\E-Commerce\frontend\node_modules\framer-motion\dist\mini.d.ts",".ts","4"
"C:\Projects\E-Commerce\frontend\node_modules\framer-motion\dist\mini.js",".js","1"
"C:\Projects\E-Commerce\frontend\node_modules\framer-motion\dist\projection.d.ts",".ts","1"
"C:\Projects\E-Commerce\frontend\node_modules\framer-motion\dist\size-rollup-animate.js",".js","2"
"C:\Projects\E-Commerce\frontend\node_modules\framer-motion\dist\size-rollup-animate.js.map",".map","1"
"C:\Projects\E-Commerce\frontend\node_modules\framer-motion\dist\size-rollup-dom-animation-assets.js",".js","1"
"C:\Projects\E-Commerce\frontend\node_modules\framer-motion\dist\size-rollup-dom-animation-m.js",".js","1"
"C:\Projects\E-Commerce\frontend\node_modules\framer-motion\dist\size-rollup-dom-animation.js",".js","1"
"C:\Projects\E-Commerce\frontend\node_modules\framer-motion\dist\size-rollup-dom-max-assets.js",".js","1"
"C:\Projects\E-Commerce\frontend\node_modules\framer-motion\dist\size-rollup-dom-max.js",".js","1"
"C:\Projects\E-Commerce\frontend\node_modules\framer-motion\dist\size-rollup-m.js",".js","2"
"C:\Projects\E-Commerce\frontend\node_modules\framer-motion\dist\size-rollup-m.js.map",".map","1"
"C:\Projects\E-Commerce\frontend\node_modules\framer-motion\dist\size-rollup-motion.js",".js","2"
"C:\Projects\E-Commerce\frontend\node_modules\framer-motion\dist\size-rollup-motion.js.map",".map","1"
"C:\Projects\E-Commerce\frontend\node_modules\framer-motion\dist\size-rollup-scroll.js",".js","2"
"C:\Projects\E-Commerce\frontend\node_modules\framer-motion\dist\size-rollup-scroll.js.map",".map","1"
"C:\Projects\E-Commerce\frontend\node_modules\framer-motion\dist\size-rollup-waapi-animate.js",".js","2"
"C:\Projects\E-Commerce\frontend\node_modules\framer-motion\dist\size-rollup-waapi-animate.js.map",".map","1"
"C:\Projects\E-Commerce\frontend\node_modules\framer-motion\dom\mini\package.json",".json","6"
"C:\Projects\E-Commerce\frontend\node_modules\framer-motion\dom\package.json",".json","6"
"C:\Projects\E-Commerce\frontend\node_modules\framer-motion\dom\README.md",".md","1"
"C:\Projects\E-Commerce\frontend\node_modules\framer-motion\m\package.json",".json","6"
"C:\Projects\E-Commerce\frontend\node_modules\framer-motion\mini\package.json",".json","6"
"C:\Projects\E-Commerce\frontend\node_modules\framer-motion\LICENSE.md",".md","17"
"C:\Projects\E-Commerce\frontend\node_modules\framer-motion\package.json",".json","144"
"C:\Projects\E-Commerce\frontend\node_modules\framer-motion\README.md",".md","90"
"C:\Projects\E-Commerce\frontend\node_modules\function-bind\.github\FUNDING.yml",".yml","11"
"C:\Projects\E-Commerce\frontend\node_modules\function-bind\.github\SECURITY.md",".md","2"
"C:\Projects\E-Commerce\frontend\node_modules\function-bind\test\.eslintrc",".eslintrc","9"
"C:\Projects\E-Commerce\frontend\node_modules\function-bind\test\index.js",".js","225"
"C:\Projects\E-Commerce\frontend\node_modules\function-bind\.eslintrc",".eslintrc","18"
"C:\Projects\E-Commerce\frontend\node_modules\function-bind\.nycrc",".nycrc","13"
"C:\Projects\E-Commerce\frontend\node_modules\function-bind\CHANGELOG.md",".md","111"
"C:\Projects\E-Commerce\frontend\node_modules\function-bind\implementation.js",".js","70"
"C:\Projects\E-Commerce\frontend\node_modules\function-bind\index.js",".js","3"
"C:\Projects\E-Commerce\frontend\node_modules\function-bind\LICENSE","","16"
"C:\Projects\E-Commerce\frontend\node_modules\function-bind\package.json",".json","87"
"C:\Projects\E-Commerce\frontend\node_modules\function-bind\README.md",".md","34"
"C:\Projects\E-Commerce\frontend\node_modules\get-intrinsic\.github\FUNDING.yml",".yml","11"
"C:\Projects\E-Commerce\frontend\node_modules\get-intrinsic\test\GetIntrinsic.js",".js","221"
"C:\Projects\E-Commerce\frontend\node_modules\get-intrinsic\.eslintrc",".eslintrc","37"
"C:\Projects\E-Commerce\frontend\node_modules\get-intrinsic\.nycrc",".nycrc","9"
"C:\Projects\E-Commerce\frontend\node_modules\get-intrinsic\CHANGELOG.md",".md","130"
"C:\Projects\E-Commerce\frontend\node_modules\get-intrinsic\index.js",".js","343"
"C:\Projects\E-Commerce\frontend\node_modules\get-intrinsic\LICENSE","","17"
"C:\Projects\E-Commerce\frontend\node_modules\get-intrinsic\package.json",".json","97"
"C:\Projects\E-Commerce\frontend\node_modules\get-intrinsic\README.md",".md","55"
"C:\Projects\E-Commerce\frontend\node_modules\get-proto\.github\FUNDING.yml",".yml","11"
"C:\Projects\E-Commerce\frontend\node_modules\get-proto\test\index.js",".js","57"
"C:\Projects\E-Commerce\frontend\node_modules\get-proto\.eslintrc",".eslintrc","8"
"C:\Projects\E-Commerce\frontend\node_modules\get-proto\.nycrc",".nycrc","9"
"C:\Projects\E-Commerce\frontend\node_modules\get-proto\CHANGELOG.md",".md","13"
"C:\Projects\E-Commerce\frontend\node_modules\get-proto\index.d.ts",".ts","3"
"C:\Projects\E-Commerce\frontend\node_modules\get-proto\index.js",".js","24"
"C:\Projects\E-Commerce\frontend\node_modules\get-proto\LICENSE","","17"
"C:\Projects\E-Commerce\frontend\node_modules\get-proto\Object.getPrototypeOf.d.ts",".ts","3"
"C:\Projects\E-Commerce\frontend\node_modules\get-proto\Object.getPrototypeOf.js",".js","4"
"C:\Projects\E-Commerce\frontend\node_modules\get-proto\package.json",".json","81"
"C:\Projects\E-Commerce\frontend\node_modules\get-proto\README.md",".md","38"
"C:\Projects\E-Commerce\frontend\node_modules\get-proto\Reflect.getPrototypeOf.d.ts",".ts","2"
"C:\Projects\E-Commerce\frontend\node_modules\get-proto\Reflect.getPrototypeOf.js",".js","3"
"C:\Projects\E-Commerce\frontend\node_modules\get-proto\tsconfig.json",".json","9"
"C:\Projects\E-Commerce\frontend\node_modules\glob-parent\index.js",".js","62"
"C:\Projects\E-Commerce\frontend\node_modules\glob-parent\LICENSE","","12"
"C:\Projects\E-Commerce\frontend\node_modules\glob-parent\package.json",".json","54"
"C:\Projects\E-Commerce\frontend\node_modules\glob-parent\README.md",".md","100"
"C:\Projects\E-Commerce\frontend\node_modules\goober\dist\goober.cjs",".cjs","1"
"C:\Projects\E-Commerce\frontend\node_modules\goober\dist\goober.esm.js",".js","1"
"C:\Projects\E-Commerce\frontend\node_modules\goober\dist\goober.modern.js",".js","1"
"C:\Projects\E-Commerce\frontend\node_modules\goober\dist\goober.umd.js",".js","1"
"C:\Projects\E-Commerce\frontend\node_modules\goober\global\dist\goober-global.cjs",".cjs","1"
"C:\Projects\E-Commerce\frontend\node_modules\goober\global\dist\goober-global.esm.js",".js","1"
"C:\Projects\E-Commerce\frontend\node_modules\goober\global\dist\goober-global.modern.js",".js","1"
"C:\Projects\E-Commerce\frontend\node_modules\goober\global\dist\goober-global.umd.js",".js","1"
"C:\Projects\E-Commerce\frontend\node_modules\goober\global\src\__tests__\__snapshots__\integration.test.js.snap",".snap","5"
"C:\Projects\E-Commerce\frontend\node_modules\goober\global\src\__tests__\global.test.js",".js","18"
"C:\Projects\E-Commerce\frontend\node_modules\goober\global\src\__tests__\integration.test.js",".js","45"
"C:\Projects\E-Commerce\frontend\node_modules\goober\global\src\index.js",".js","15"
"C:\Projects\E-Commerce\frontend\node_modules\goober\global\global.d.ts",".ts","21"
"C:\Projects\E-Commerce\frontend\node_modules\goober\global\package.json",".json","42"
"C:\Projects\E-Commerce\frontend\node_modules\goober\macro\index.js",".js","33"
"C:\Projects\E-Commerce\frontend\node_modules\goober\macro\package.json",".json","22"
"C:\Projects\E-Commerce\frontend\node_modules\goober\prefixer\dist\goober-autoprefixer.cjs",".cjs","1"
"C:\Projects\E-Commerce\frontend\node_modules\goober\prefixer\dist\goober-autoprefixer.esm.js",".js","1"
"C:\Projects\E-Commerce\frontend\node_modules\goober\prefixer\dist\goober-autoprefixer.modern.js",".js","1"
"C:\Projects\E-Commerce\frontend\node_modules\goober\prefixer\dist\goober-autoprefixer.umd.js",".js","1"
"C:\Projects\E-Commerce\frontend\node_modules\goober\prefixer\src\index.js",".js","22"
"C:\Projects\E-Commerce\frontend\node_modules\goober\prefixer\autoprefixer.d.ts",".ts","5"
"C:\Projects\E-Commerce\frontend\node_modules\goober\prefixer\package.json",".json","44"
"C:\Projects\E-Commerce\frontend\node_modules\goober\prefixer\README.md",".md","13"
"C:\Projects\E-Commerce\frontend\node_modules\goober\should-forward-prop\dist\goober-should-forward-prop.cjs",".cjs","1"
"C:\Projects\E-Commerce\frontend\node_modules\goober\should-forward-prop\dist\goober-should-forward-prop.esm.js",".js","1"
"C:\Projects\E-Commerce\frontend\node_modules\goober\should-forward-prop\dist\goober-should-forward-prop.modern.js",".js","1"
"C:\Projects\E-Commerce\frontend\node_modules\goober\should-forward-prop\dist\goober-should-forward-prop.umd.js",".js","1"
"C:\Projects\E-Commerce\frontend\node_modules\goober\should-forward-prop\src\__tests__\shouldForwardProp.js",".js","20"
"C:\Projects\E-Commerce\frontend\node_modules\goober\should-forward-prop\src\index.js",".js","18"
"C:\Projects\E-Commerce\frontend\node_modules\goober\should-forward-prop\package.json",".json","41"
"C:\Projects\E-Commerce\frontend\node_modules\goober\should-forward-prop\should-forward-prop.d.ts",".ts","6"
"C:\Projects\E-Commerce\frontend\node_modules\goober\src\core\__tests__\astish.test.js",".js","208"
"C:\Projects\E-Commerce\frontend\node_modules\goober\src\core\__tests__\compile.test.js",".js","59"
"C:\Projects\E-Commerce\frontend\node_modules\goober\src\core\__tests__\get-sheet.test.js",".js","52"
"C:\Projects\E-Commerce\frontend\node_modules\goober\src\core\__tests__\hash.test.js",".js","96"
"C:\Projects\E-Commerce\frontend\node_modules\goober\src\core\__tests__\parse.test.js",".js","308"
"C:\Projects\E-Commerce\frontend\node_modules\goober\src\core\__tests__\to-hash.test.js",".js","13"
"C:\Projects\E-Commerce\frontend\node_modules\goober\src\core\__tests__\update.test.js",".js","52"
"C:\Projects\E-Commerce\frontend\node_modules\goober\src\core\astish.js",".js","25"
"C:\Projects\E-Commerce\frontend\node_modules\goober\src\core\compile.js",".js","36"
"C:\Projects\E-Commerce\frontend\node_modules\goober\src\core\get-sheet.js",".js","25"
"C:\Projects\E-Commerce\frontend\node_modules\goober\src\core\hash.js",".js","58"
"C:\Projects\E-Commerce\frontend\node_modules\goober\src\core\parse.js",".js","56"
"C:\Projects\E-Commerce\frontend\node_modules\goober\src\core\to-hash.js",".js","15"
"C:\Projects\E-Commerce\frontend\node_modules\goober\src\core\update.js",".js","24"
"C:\Projects\E-Commerce\frontend\node_modules\goober\src\__tests__\css.test.js",".js","95"
"C:\Projects\E-Commerce\frontend\node_modules\goober\src\__tests__\index.test.js",".js","13"
"C:\Projects\E-Commerce\frontend\node_modules\goober\src\__tests__\integrations.test.js",".js","215"
"C:\Projects\E-Commerce\frontend\node_modules\goober\src\__tests__\styled.test.js",".js","128"
"C:\Projects\E-Commerce\frontend\node_modules\goober\src\css.js",".js","35"
"C:\Projects\E-Commerce\frontend\node_modules\goober\src\index.js",".js","3"
"C:\Projects\E-Commerce\frontend\node_modules\goober\src\styled.js",".js","56"
"C:\Projects\E-Commerce\frontend\node_modules\goober\goober.d.ts",".ts","85"
"C:\Projects\E-Commerce\frontend\node_modules\goober\LICENSE","","17"
"C:\Projects\E-Commerce\frontend\node_modules\goober\package.json",".json","154"
"C:\Projects\E-Commerce\frontend\node_modules\goober\README.md",".md","625"
"C:\Projects\E-Commerce\frontend\node_modules\goober\typings.json",".json","5"
"C:\Projects\E-Commerce\frontend\node_modules\gopd\.github\FUNDING.yml",".yml","11"
"C:\Projects\E-Commerce\frontend\node_modules\gopd\test\index.js",".js","28"
"C:\Projects\E-Commerce\frontend\node_modules\gopd\.eslintrc",".eslintrc","14"
"C:\Projects\E-Commerce\frontend\node_modules\gopd\CHANGELOG.md",".md","31"
"C:\Projects\E-Commerce\frontend\node_modules\gopd\gOPD.d.ts",".ts","1"
"C:\Projects\E-Commerce\frontend\node_modules\gopd\gOPD.js",".js","3"
"C:\Projects\E-Commerce\frontend\node_modules\gopd\index.d.ts",".ts","3"
"C:\Projects\E-Commerce\frontend\node_modules\gopd\index.js",".js","12"
"C:\Projects\E-Commerce\frontend\node_modules\gopd\LICENSE","","17"
"C:\Projects\E-Commerce\frontend\node_modules\gopd\package.json",".json","77"
"C:\Projects\E-Commerce\frontend\node_modules\gopd\README.md",".md","33"
"C:\Projects\E-Commerce\frontend\node_modules\gopd\tsconfig.json",".json","9"
"C:\Projects\E-Commerce\frontend\node_modules\has-symbols\.github\FUNDING.yml",".yml","11"
"C:\Projects\E-Commerce\frontend\node_modules\has-symbols\test\shams\core-js.js",".js","23"
"C:\Projects\E-Commerce\frontend\node_modules\has-symbols\test\shams\get-own-property-symbols.js",".js","22"
"C:\Projects\E-Commerce\frontend\node_modules\has-symbols\test\index.js",".js","18"
"C:\Projects\E-Commerce\frontend\node_modules\has-symbols\test\tests.js",".js","47"
"C:\Projects\E-Commerce\frontend\node_modules\has-symbols\.eslintrc",".eslintrc","9"
"C:\Projects\E-Commerce\frontend\node_modules\has-symbols\.nycrc",".nycrc","9"
"C:\Projects\E-Commerce\frontend\node_modules\has-symbols\CHANGELOG.md",".md","72"
"C:\Projects\E-Commerce\frontend\node_modules\has-symbols\index.d.ts",".ts","2"
"C:\Projects\E-Commerce\frontend\node_modules\has-symbols\index.js",".js","11"
"C:\Projects\E-Commerce\frontend\node_modules\has-symbols\LICENSE","","17"
"C:\Projects\E-Commerce\frontend\node_modules\has-symbols\package.json",".json","111"
"C:\Projects\E-Commerce\frontend\node_modules\has-symbols\README.md",".md","36"
"C:\Projects\E-Commerce\frontend\node_modules\has-symbols\shams.d.ts",".ts","2"
"C:\Projects\E-Commerce\frontend\node_modules\has-symbols\shams.js",".js","34"
"C:\Projects\E-Commerce\frontend\node_modules\has-symbols\tsconfig.json",".json","10"
"C:\Projects\E-Commerce\frontend\node_modules\has-tostringtag\.github\FUNDING.yml",".yml","11"
"C:\Projects\E-Commerce\frontend\node_modules\has-tostringtag\test\shams\core-js.js",".js","25"
"C:\Projects\E-Commerce\frontend\node_modules\has-tostringtag\test\shams\get-own-property-symbols.js",".js","23"
"C:\Projects\E-Commerce\frontend\node_modules\has-tostringtag\test\index.js",".js","17"
"C:\Projects\E-Commerce\frontend\node_modules\has-tostringtag\test\tests.js",".js","11"
"C:\Projects\E-Commerce\frontend\node_modules\has-tostringtag\.eslintrc",".eslintrc","4"
"C:\Projects\E-Commerce\frontend\node_modules\has-tostringtag\.nycrc",".nycrc","13"
"C:\Projects\E-Commerce\frontend\node_modules\has-tostringtag\CHANGELOG.md",".md","31"
"C:\Projects\E-Commerce\frontend\node_modules\has-tostringtag\index.d.ts",".ts","2"
"C:\Projects\E-Commerce\frontend\node_modules\has-tostringtag\index.js",".js","6"
"C:\Projects\E-Commerce\frontend\node_modules\has-tostringtag\LICENSE","","17"
"C:\Projects\E-Commerce\frontend\node_modules\has-tostringtag\package.json",".json","108"
"C:\Projects\E-Commerce\frontend\node_modules\has-tostringtag\README.md",".md","36"
"C:\Projects\E-Commerce\frontend\node_modules\has-tostringtag\shams.d.ts",".ts","2"
"C:\Projects\E-Commerce\frontend\node_modules\has-tostringtag\shams.js",".js","6"
"C:\Projects\E-Commerce\frontend\node_modules\has-tostringtag\tsconfig.json",".json","41"
"C:\Projects\E-Commerce\frontend\node_modules\hasown\.github\FUNDING.yml",".yml","11"
"C:\Projects\E-Commerce\frontend\node_modules\hasown\.nycrc",".nycrc","13"
"C:\Projects\E-Commerce\frontend\node_modules\hasown\CHANGELOG.md",".md","38"
"C:\Projects\E-Commerce\frontend\node_modules\hasown\eslint.config.mjs",".mjs","5"
"C:\Projects\E-Commerce\frontend\node_modules\hasown\index.d.ts",".ts","2"
"C:\Projects\E-Commerce\frontend\node_modules\hasown\index.js",".js","6"
"C:\Projects\E-Commerce\frontend\node_modules\hasown\LICENSE","","17"
"C:\Projects\E-Commerce\frontend\node_modules\hasown\package.json",".json","91"
"C:\Projects\E-Commerce\frontend\node_modules\hasown\README.md",".md","32"
"C:\Projects\E-Commerce\frontend\node_modules\hasown\tsconfig.json",".json","6"
"C:\Projects\E-Commerce\frontend\node_modules\html-encoding-sniffer\lib\html-encoding-sniffer.js",".js","261"
"C:\Projects\E-Commerce\frontend\node_modules\html-encoding-sniffer\LICENSE.txt",".txt","4"
"C:\Projects\E-Commerce\frontend\node_modules\html-encoding-sniffer\package.json",".json","31"
"C:\Projects\E-Commerce\frontend\node_modules\html-encoding-sniffer\README.md",".md","27"
"C:\Projects\E-Commerce\frontend\node_modules\http-proxy-agent\dist\agent.d.ts",".ts","32"
"C:\Projects\E-Commerce\frontend\node_modules\http-proxy-agent\dist\agent.js",".js","145"
"C:\Projects\E-Commerce\frontend\node_modules\http-proxy-agent\dist\agent.js.map",".map","1"
"C:\Projects\E-Commerce\frontend\node_modules\http-proxy-agent\dist\index.d.ts",".ts","21"
"C:\Projects\E-Commerce\frontend\node_modules\http-proxy-agent\dist\index.js",".js","14"
"C:\Projects\E-Commerce\frontend\node_modules\http-proxy-agent\dist\index.js.map",".map","1"
"C:\Projects\E-Commerce\frontend\node_modules\http-proxy-agent\package.json",".json","57"
"C:\Projects\E-Commerce\frontend\node_modules\http-proxy-agent\README.md",".md","55"
"C:\Projects\E-Commerce\frontend\node_modules\https-proxy-agent\dist\agent.d.ts",".ts","30"
"C:\Projects\E-Commerce\frontend\node_modules\https-proxy-agent\dist\agent.js",".js","177"
"C:\Projects\E-Commerce\frontend\node_modules\https-proxy-agent\dist\agent.js.map",".map","1"
"C:\Projects\E-Commerce\frontend\node_modules\https-proxy-agent\dist\index.d.ts",".ts","23"
"C:\Projects\E-Commerce\frontend\node_modules\https-proxy-agent\dist\index.js",".js","14"
"C:\Projects\E-Commerce\frontend\node_modules\https-proxy-agent\dist\index.js.map",".map","1"
"C:\Projects\E-Commerce\frontend\node_modules\https-proxy-agent\dist\parse-proxy-response.d.ts",".ts","7"
"C:\Projects\E-Commerce\frontend\node_modules\https-proxy-agent\dist\parse-proxy-response.js",".js","66"
"C:\Projects\E-Commerce\frontend\node_modules\https-proxy-agent\dist\parse-proxy-response.js.map",".map","1"
"C:\Projects\E-Commerce\frontend\node_modules\https-proxy-agent\package.json",".json","56"
"C:\Projects\E-Commerce\frontend\node_modules\https-proxy-agent\README.md",".md","100"
"C:\Projects\E-Commerce\frontend\node_modules\iceberg-js\dist\index.cjs",".cjs","588"
"C:\Projects\E-Commerce\frontend\node_modules\iceberg-js\dist\index.cjs.map",".map","1"
"C:\Projects\E-Commerce\frontend\node_modules\iceberg-js\dist\index.d.cts",".cts","543"
"C:\Projects\E-Commerce\frontend\node_modules\iceberg-js\dist\index.d.ts",".ts","543"
"C:\Projects\E-Commerce\frontend\node_modules\iceberg-js\dist\index.mjs",".mjs","580"
"C:\Projects\E-Commerce\frontend\node_modules\iceberg-js\dist\index.mjs.map",".map","1"
"C:\Projects\E-Commerce\frontend\node_modules\iceberg-js\LICENSE","","17"
"C:\Projects\E-Commerce\frontend\node_modules\iceberg-js\package.json",".json","77"
"C:\Projects\E-Commerce\frontend\node_modules\iceberg-js\README.md",".md","322"
"C:\Projects\E-Commerce\frontend\node_modules\iconv-lite\.github\dependabot.yml",".yml","10"
"C:\Projects\E-Commerce\frontend\node_modules\iconv-lite\.idea\codeStyles\codeStyleConfig.xml",".xml","5"
"C:\Projects\E-Commerce\frontend\node_modules\iconv-lite\.idea\codeStyles\Project.xml",".xml","47"
"C:\Projects\E-Commerce\frontend\node_modules\iconv-lite\.idea\inspectionProfiles\Project_Default.xml",".xml","6"
"C:\Projects\E-Commerce\frontend\node_modules\iconv-lite\.idea\iconv-lite.iml",".iml","12"
"C:\Projects\E-Commerce\frontend\node_modules\iconv-lite\.idea\modules.xml",".xml","8"
"C:\Projects\E-Commerce\frontend\node_modules\iconv-lite\.idea\vcs.xml",".xml","6"
"C:\Projects\E-Commerce\frontend\node_modules\iconv-lite\encodings\tables\big5-added.json",".json","122"
"C:\Projects\E-Commerce\frontend\node_modules\iconv-lite\encodings\tables\cp936.json",".json","264"
"C:\Projects\E-Commerce\frontend\node_modules\iconv-lite\encodings\tables\cp949.json",".json","273"
"C:\Projects\E-Commerce\frontend\node_modules\iconv-lite\encodings\tables\cp950.json",".json","177"
"C:\Projects\E-Commerce\frontend\node_modules\iconv-lite\encodings\tables\eucjp.json",".json","182"
"C:\Projects\E-Commerce\frontend\node_modules\iconv-lite\encodings\tables\gb18030-ranges.json",".json","1"
"C:\Projects\E-Commerce\frontend\node_modules\iconv-lite\encodings\tables\gbk-added.json",".json","56"
"C:\Projects\E-Commerce\frontend\node_modules\iconv-lite\encodings\tables\shiftjis.json",".json","125"
"C:\Projects\E-Commerce\frontend\node_modules\iconv-lite\encodings\dbcs-codec.js",".js","516"
"C:\Projects\E-Commerce\frontend\node_modules\iconv-lite\encodings\dbcs-data.js",".js","166"
"C:\Projects\E-Commerce\frontend\node_modules\iconv-lite\encodings\index.js",".js","21"
"C:\Projects\E-Commerce\frontend\node_modules\iconv-lite\encodings\internal.js",".js","159"
"C:\Projects\E-Commerce\frontend\node_modules\iconv-lite\encodings\sbcs-codec.js",".js","58"
"C:\Projects\E-Commerce\frontend\node_modules\iconv-lite\encodings\sbcs-data-generated.js",".js","450"
"C:\Projects\E-Commerce\frontend\node_modules\iconv-lite\encodings\sbcs-data.js",".js","148"
"C:\Projects\E-Commerce\frontend\node_modules\iconv-lite\encodings\utf16.js",".js","146"
"C:\Projects\E-Commerce\frontend\node_modules\iconv-lite\encodings\utf32.js",".js","249"
"C:\Projects\E-Commerce\frontend\node_modules\iconv-lite\encodings\utf7.js",".js","226"
"C:\Projects\E-Commerce\frontend\node_modules\iconv-lite\lib\bom-handling.js",".js","39"
"C:\Projects\E-Commerce\frontend\node_modules\iconv-lite\lib\index.d.ts",".ts","31"
"C:\Projects\E-Commerce\frontend\node_modules\iconv-lite\lib\index.js",".js","139"
"C:\Projects\E-Commerce\frontend\node_modules\iconv-lite\lib\streams.js",".js","93"
"C:\Projects\E-Commerce\frontend\node_modules\iconv-lite\Changelog.md",".md","123"
"C:\Projects\E-Commerce\frontend\node_modules\iconv-lite\LICENSE","","17"
"C:\Projects\E-Commerce\frontend\node_modules\iconv-lite\package.json",".json","44"
"C:\Projects\E-Commerce\frontend\node_modules\iconv-lite\README.md",".md","99"
"C:\Projects\E-Commerce\frontend\node_modules\is-binary-path\index.d.ts",".ts","13"
"C:\Projects\E-Commerce\frontend\node_modules\is-binary-path\index.js",".js","5"
"C:\Projects\E-Commerce\frontend\node_modules\is-binary-path\license","","5"
"C:\Projects\E-Commerce\frontend\node_modules\is-binary-path\package.json",".json","40"
"C:\Projects\E-Commerce\frontend\node_modules\is-binary-path\readme.md",".md","19"
"C:\Projects\E-Commerce\frontend\node_modules\is-core-module\test\index.js",".js","215"
"C:\Projects\E-Commerce\frontend\node_modules\is-core-module\.eslintrc",".eslintrc","18"
"C:\Projects\E-Commerce\frontend\node_modules\is-core-module\.nycrc",".nycrc","9"
"C:\Projects\E-Commerce\frontend\node_modules\is-core-module\CHANGELOG.md",".md","269"
"C:\Projects\E-Commerce\frontend\node_modules\is-core-module\core.json",".json","162"
"C:\Projects\E-Commerce\frontend\node_modules\is-core-module\index.js",".js","59"
"C:\Projects\E-Commerce\frontend\node_modules\is-core-module\LICENSE","","16"
"C:\Projects\E-Commerce\frontend\node_modules\is-core-module\package.json",".json","76"
"C:\Projects\E-Commerce\frontend\node_modules\is-core-module\README.md",".md","33"
"C:\Projects\E-Commerce\frontend\node_modules\is-extglob\index.js",".js","17"
"C:\Projects\E-Commerce\frontend\node_modules\is-extglob\LICENSE","","17"
"C:\Projects\E-Commerce\frontend\node_modules\is-extglob\package.json",".json","69"
"C:\Projects\E-Commerce\frontend\node_modules\is-extglob\README.md",".md","72"
"C:\Projects\E-Commerce\frontend\node_modules\is-glob\index.js",".js","132"
"C:\Projects\E-Commerce\frontend\node_modules\is-glob\LICENSE","","17"
"C:\Projects\E-Commerce\frontend\node_modules\is-glob\package.json",".json","81"
"C:\Projects\E-Commerce\frontend\node_modules\is-glob\README.md",".md","150"
"C:\Projects\E-Commerce\frontend\node_modules\is-number\index.js",".js","16"
"C:\Projects\E-Commerce\frontend\node_modules\is-number\LICENSE","","17"
"C:\Projects\E-Commerce\frontend\node_modules\is-number\package.json",".json","82"
"C:\Projects\E-Commerce\frontend\node_modules\is-number\README.md",".md","132"
"C:\Projects\E-Commerce\frontend\node_modules\is-potential-custom-element-name\index.js",".js","6"
"C:\Projects\E-Commerce\frontend\node_modules\is-potential-custom-element-name\LICENSE-MIT.txt",".txt","17"
"C:\Projects\E-Commerce\frontend\node_modules\is-potential-custom-element-name\package.json",".json","35"
"C:\Projects\E-Commerce\frontend\node_modules\is-potential-custom-element-name\README.md",".md","28"
"C:\Projects\E-Commerce\frontend\node_modules\jiti\bin\jiti.js",".js","12"
"C:\Projects\E-Commerce\frontend\node_modules\jiti\dist\plugins\babel-plugin-transform-import-meta.d.ts",".ts","4"
"C:\Projects\E-Commerce\frontend\node_modules\jiti\dist\plugins\import-meta-env.d.ts",".ts","5"
"C:\Projects\E-Commerce\frontend\node_modules\jiti\dist\babel.d.ts",".ts","2"
"C:\Projects\E-Commerce\frontend\node_modules\jiti\dist\babel.js",".js","223"
"C:\Projects\E-Commerce\frontend\node_modules\jiti\dist\jiti.d.ts",".ts","20"
"C:\Projects\E-Commerce\frontend\node_modules\jiti\dist\jiti.js",".js","1"
"C:\Projects\E-Commerce\frontend\node_modules\jiti\dist\types.d.ts",".ts","35"
"C:\Projects\E-Commerce\frontend\node_modules\jiti\dist\utils.d.ts",".ts","8"
"C:\Projects\E-Commerce\frontend\node_modules\jiti\lib\index.js",".js","11"
"C:\Projects\E-Commerce\frontend\node_modules\jiti\LICENSE","","17"
"C:\Projects\E-Commerce\frontend\node_modules\jiti\package.json",".json","81"
"C:\Projects\E-Commerce\frontend\node_modules\jiti\README.md",".md","109"
"C:\Projects\E-Commerce\frontend\node_modules\jiti\register.js",".js","2"
"C:\Projects\E-Commerce\frontend\node_modules\js-tokens\CHANGELOG.md",".md","96"
"C:\Projects\E-Commerce\frontend\node_modules\js-tokens\index.js",".js","20"
"C:\Projects\E-Commerce\frontend\node_modules\js-tokens\LICENSE","","17"
"C:\Projects\E-Commerce\frontend\node_modules\js-tokens\package.json",".json","30"
"C:\Projects\E-Commerce\frontend\node_modules\js-tokens\README.md",".md","165"
"C:\Projects\E-Commerce\frontend\node_modules\jsdom\lib\jsdom\browser\parser\html.js",".js","178"
"C:\Projects\E-Commerce\frontend\node_modules\jsdom\lib\jsdom\browser\parser\index.js",".js","29"
"C:\Projects\E-Commerce\frontend\node_modules\jsdom\lib\jsdom\browser\parser\xml.js",".js","160"
"C:\Projects\E-Commerce\frontend\node_modules\jsdom\lib\jsdom\browser\resources\async-resource-queue.js",".js","90"
"C:\Projects\E-Commerce\frontend\node_modules\jsdom\lib\jsdom\browser\resources\no-op-resource-loader.js",".js","7"
"C:\Projects\E-Commerce\frontend\node_modules\jsdom\lib\jsdom\browser\resources\per-document-resource-loader.js",".js","74"
"C:\Projects\E-Commerce\frontend\node_modules\jsdom\lib\jsdom\browser\resources\request-manager.js",".js","28"
"C:\Projects\E-Commerce\frontend\node_modules\jsdom\lib\jsdom\browser\resources\resource-loader.js",".js","125"
"C:\Projects\E-Commerce\frontend\node_modules\jsdom\lib\jsdom\browser\resources\resource-queue.js",".js","123"
"C:\Projects\E-Commerce\frontend\node_modules\jsdom\lib\jsdom\browser\default-stylesheet.js",".js","651"
"C:\Projects\E-Commerce\frontend\node_modules\jsdom\lib\jsdom\browser\js-globals.json",".json","307"
"C:\Projects\E-Commerce\frontend\node_modules\jsdom\lib\jsdom\browser\not-implemented.js",".js","10"
"C:\Projects\E-Commerce\frontend\node_modules\jsdom\lib\jsdom\browser\Window.js",".js","805"
"C:\Projects\E-Commerce\frontend\node_modules\jsdom\lib\jsdom\level2\style.js",".js","51"
"C:\Projects\E-Commerce\frontend\node_modules\jsdom\lib\jsdom\level3\xpath.js",".js","1841"
"C:\Projects\E-Commerce\frontend\node_modules\jsdom\lib\jsdom\living\aborting\AbortController-impl.js",".js","13"
"C:\Projects\E-Commerce\frontend\node_modules\jsdom\lib\jsdom\living\aborting\AbortSignal-impl.js",".js","55"
"C:\Projects\E-Commerce\frontend\node_modules\jsdom\lib\jsdom\living\attributes\Attr-impl.js",".js","47"
"C:\Projects\E-Commerce\frontend\node_modules\jsdom\lib\jsdom\living\attributes\NamedNodeMap-impl.js",".js","73"
"C:\Projects\E-Commerce\frontend\node_modules\jsdom\lib\jsdom\living\constraint-validation\DefaultConstraintValidation-impl.js",".js","65"
"C:\Projects\E-Commerce\frontend\node_modules\jsdom\lib\jsdom\living\constraint-validation\ValidityState-impl.js",".js","51"
"C:\Projects\E-Commerce\frontend\node_modules\jsdom\lib\jsdom\living\cssom\StyleSheetList-impl.js",".js","30"
"C:\Projects\E-Commerce\frontend\node_modules\jsdom\lib\jsdom\living\custom-elements\CustomElementRegistry-impl.js",".js","216"
"C:\Projects\E-Commerce\frontend\node_modules\jsdom\lib\jsdom\living\domparsing\DOMParser-impl.js",".js","47"
"C:\Projects\E-Commerce\frontend\node_modules\jsdom\lib\jsdom\living\domparsing\InnerHTML-impl.js",".js","25"
"C:\Projects\E-Commerce\frontend\node_modules\jsdom\lib\jsdom\living\domparsing\parse5-adapter-serialization.js",".js","42"
"C:\Projects\E-Commerce\frontend\node_modules\jsdom\lib\jsdom\living\domparsing\serialization.js",".js","38"
"C:\Projects\E-Commerce\frontend\node_modules\jsdom\lib\jsdom\living\domparsing\XMLSerializer-impl.js",".js","16"
"C:\Projects\E-Commerce\frontend\node_modules\jsdom\lib\jsdom\living\events\CloseEvent-impl.js",".js","6"
"C:\Projects\E-Commerce\frontend\node_modules\jsdom\lib\jsdom\living\events\CompositionEvent-impl.js",".js","16"
"C:\Projects\E-Commerce\frontend\node_modules\jsdom\lib\jsdom\living\events\CustomEvent-impl.js",".js","16"
"C:\Projects\E-Commerce\frontend\node_modules\jsdom\lib\jsdom\living\events\ErrorEvent-impl.js",".js","9"
"C:\Projects\E-Commerce\frontend\node_modules\jsdom\lib\jsdom\living\events\Event-impl.js",".js","154"
"C:\Projects\E-Commerce\frontend\node_modules\jsdom\lib\jsdom\living\events\EventModifierMixin-impl.js",".js","15"
"C:\Projects\E-Commerce\frontend\node_modules\jsdom\lib\jsdom\living\events\EventTarget-impl.js",".js","324"
"C:\Projects\E-Commerce\frontend\node_modules\jsdom\lib\jsdom\living\events\FocusEvent-impl.js",".js","6"
"C:\Projects\E-Commerce\frontend\node_modules\jsdom\lib\jsdom\living\events\HashChangeEvent-impl.js",".js","9"
"C:\Projects\E-Commerce\frontend\node_modules\jsdom\lib\jsdom\living\events\InputEvent-impl.js",".js","9"
"C:\Projects\E-Commerce\frontend\node_modules\jsdom\lib\jsdom\living\events\KeyboardEvent-impl.js",".js","24"
"C:\Projects\E-Commerce\frontend\node_modules\jsdom\lib\jsdom\living\events\MessageEvent-impl.js",".js","20"
"C:\Projects\E-Commerce\frontend\node_modules\jsdom\lib\jsdom\living\events\MouseEvent-impl.js",".js","44"
"C:\Projects\E-Commerce\frontend\node_modules\jsdom\lib\jsdom\living\events\PageTransitionEvent-impl.js",".js","15"
"C:\Projects\E-Commerce\frontend\node_modules\jsdom\lib\jsdom\living\events\PopStateEvent-impl.js",".js","6"
"C:\Projects\E-Commerce\frontend\node_modules\jsdom\lib\jsdom\living\events\ProgressEvent-impl.js",".js","9"
"C:\Projects\E-Commerce\frontend\node_modules\jsdom\lib\jsdom\living\events\StorageEvent-impl.js",".js","21"
"C:\Projects\E-Commerce\frontend\node_modules\jsdom\lib\jsdom\living\events\TouchEvent-impl.js",".js","9"
"C:\Projects\E-Commerce\frontend\node_modules\jsdom\lib\jsdom\living\events\UIEvent-impl.js",".js","49"
"C:\Projects\E-Commerce\frontend\node_modules\jsdom\lib\jsdom\living\events\WheelEvent-impl.js",".js","8"
"C:\Projects\E-Commerce\frontend\node_modules\jsdom\lib\jsdom\living\fetch\header-list.js",".js","46"
"C:\Projects\E-Commerce\frontend\node_modules\jsdom\lib\jsdom\living\fetch\header-types.js",".js","96"
"C:\Projects\E-Commerce\frontend\node_modules\jsdom\lib\jsdom\living\fetch\Headers-impl.js",".js","151"
"C:\Projects\E-Commerce\frontend\node_modules\jsdom\lib\jsdom\living\file-api\Blob-impl.js",".js","79"
"C:\Projects\E-Commerce\frontend\node_modules\jsdom\lib\jsdom\living\file-api\File-impl.js",".js","9"
"C:\Projects\E-Commerce\frontend\node_modules\jsdom\lib\jsdom\living\file-api\FileList-impl.js",".js","13"
"C:\Projects\E-Commerce\frontend\node_modules\jsdom\lib\jsdom\living\file-api\FileReader-impl.js",".js","111"
"C:\Projects\E-Commerce\frontend\node_modules\jsdom\lib\jsdom\living\generated\AbortController.js",".js","118"
"C:\Projects\E-Commerce\frontend\node_modules\jsdom\lib\jsdom\living\generated\AbortSignal.js",".js","150"
"C:\Projects\E-Commerce\frontend\node_modules\jsdom\lib\jsdom\living\generated\AbstractRange.js",".js","135"
"C:\Projects\E-Commerce\frontend\node_modules\jsdom\lib\jsdom\living\generated\AddEventListenerOptions.js",".js","35"
"C:\Projects\E-Commerce\frontend\node_modules\jsdom\lib\jsdom\living\generated\AssignedNodesOptions.js",".js","23"
"C:\Projects\E-Commerce\frontend\node_modules\jsdom\lib\jsdom\living\generated\Attr.js",".js","171"
"C:\Projects\E-Commerce\frontend\node_modules\jsdom\lib\jsdom\living\generated\BarProp.js",".js","93"
"C:\Projects\E-Commerce\frontend\node_modules\jsdom\lib\jsdom\living\generated\BinaryType.js",".js","10"
"C:\Projects\E-Commerce\frontend\node_modules\jsdom\lib\jsdom\living\generated\Blob.js",".js","175"
"C:\Projects\E-Commerce\frontend\node_modules\jsdom\lib\jsdom\living\generated\BlobCallback.js",".js","21"
"C:\Projects\E-Commerce\frontend\node_modules\jsdom\lib\jsdom\living\generated\BlobPropertyBag.js",".js","34"
"C:\Projects\E-Commerce\frontend\node_modules\jsdom\lib\jsdom\living\generated\CanPlayTypeResult.js",".js","10"
"C:\Projects\E-Commerce\frontend\node_modules\jsdom\lib\jsdom\living\generated\CDATASection.js",".js","88"
"C:\Projects\E-Commerce\frontend\node_modules\jsdom\lib\jsdom\living\generated\CharacterData.js",".js","401"
"C:\Projects\E-Commerce\frontend\node_modules\jsdom\lib\jsdom\living\generated\CloseEvent.js",".js","138"
"C:\Projects\E-Commerce\frontend\node_modules\jsdom\lib\jsdom\living\generated\CloseEventInit.js",".js","54"
"C:\Projects\E-Commerce\frontend\node_modules\jsdom\lib\jsdom\living\generated\Comment.js",".js","99"
"C:\Projects\E-Commerce\frontend\node_modules\jsdom\lib\jsdom\living\generated\CompositionEvent.js",".js","193"
"C:\Projects\E-Commerce\frontend\node_modules\jsdom\lib\jsdom\living\generated\CompositionEventInit.js",".js","25"
"C:\Projects\E-Commerce\frontend\node_modules\jsdom\lib\jsdom\living\generated\CustomElementConstructor.js",".js","23"
"C:\Projects\E-Commerce\frontend\node_modules\jsdom\lib\jsdom\living\generated\CustomElementRegistry.js",".js","213"
"C:\Projects\E-Commerce\frontend\node_modules\jsdom\lib\jsdom\living\generated\CustomEvent.js",".js","180"
"C:\Projects\E-Commerce\frontend\node_modules\jsdom\lib\jsdom\living\generated\CustomEventInit.js",".js","25"
"C:\Projects\E-Commerce\frontend\node_modules\jsdom\lib\jsdom\living\generated\Document.js",".js","3002"
"C:\Projects\E-Commerce\frontend\node_modules\jsdom\lib\jsdom\living\generated\DocumentFragment.js",".js","292"
"C:\Projects\E-Commerce\frontend\node_modules\jsdom\lib\jsdom\living\generated\DocumentReadyState.js",".js","10"
"C:\Projects\E-Commerce\frontend\node_modules\jsdom\lib\jsdom\living\generated\DocumentType.js",".js","217"
"C:\Projects\E-Commerce\frontend\node_modules\jsdom\lib\jsdom\living\generated\DOMImplementation.js",".js","209"
"C:\Projects\E-Commerce\frontend\node_modules\jsdom\lib\jsdom\living\generated\DOMParser.js",".js","117"
"C:\Projects\E-Commerce\frontend\node_modules\jsdom\lib\jsdom\living\generated\DOMStringMap.js",".js","271"
"C:\Projects\E-Commerce\frontend\node_modules\jsdom\lib\jsdom\living\generated\DOMTokenList.js",".js","494"
"C:\Projects\E-Commerce\frontend\node_modules\jsdom\lib\jsdom\living\generated\Element.js",".js","1517"
"C:\Projects\E-Commerce\frontend\node_modules\jsdom\lib\jsdom\living\generated\ElementCreationOptions.js",".js","21"
"C:\Projects\E-Commerce\frontend\node_modules\jsdom\lib\jsdom\living\generated\ElementDefinitionOptions.js",".js","24"
"C:\Projects\E-Commerce\frontend\node_modules\jsdom\lib\jsdom\living\generated\EndingType.js",".js","10"
"C:\Projects\E-Commerce\frontend\node_modules\jsdom\lib\jsdom\living\generated\ErrorEvent.js",".js","156"
"C:\Projects\E-Commerce\frontend\node_modules\jsdom\lib\jsdom\living\generated\ErrorEventInit.js",".js","77"
"C:\Projects\E-Commerce\frontend\node_modules\jsdom\lib\jsdom\living\generated\Event.js",".js","352"
"C:\Projects\E-Commerce\frontend\node_modules\jsdom\lib\jsdom\living\generated\EventHandlerNonNull.js",".js","24"
"C:\Projects\E-Commerce\frontend\node_modules\jsdom\lib\jsdom\living\generated\EventInit.js",".js","49"
"C:\Projects\E-Commerce\frontend\node_modules\jsdom\lib\jsdom\living\generated\EventListener.js",".js","26"
"C:\Projects\E-Commerce\frontend\node_modules\jsdom\lib\jsdom\living\generated\EventListenerOptions.js",".js","23"
"C:\Projects\E-Commerce\frontend\node_modules\jsdom\lib\jsdom\living\generated\EventModifierInit.js",".js","188"
"C:\Projects\E-Commerce\frontend\node_modules\jsdom\lib\jsdom\living\generated\EventTarget.js",".js","232"
"C:\Projects\E-Commerce\frontend\node_modules\jsdom\lib\jsdom\living\generated\External.js",".js","105"
"C:\Projects\E-Commerce\frontend\node_modules\jsdom\lib\jsdom\living\generated\File.js",".js","150"
"C:\Projects\E-Commerce\frontend\node_modules\jsdom\lib\jsdom\living\generated\FileList.js",".js","274"
"C:\Projects\E-Commerce\frontend\node_modules\jsdom\lib\jsdom\living\generated\FilePropertyBag.js",".js","26"
"C:\Projects\E-Commerce\frontend\node_modules\jsdom\lib\jsdom\living\generated\FileReader.js",".js","392"
"C:\Projects\E-Commerce\frontend\node_modules\jsdom\lib\jsdom\living\generated\FocusEvent.js",".js","120"
"C:\Projects\E-Commerce\frontend\node_modules\jsdom\lib\jsdom\living\generated\FocusEventInit.js",".js","30"
"C:\Projects\E-Commerce\frontend\node_modules\jsdom\lib\jsdom\living\generated\FormData.js",".js","411"
"C:\Projects\E-Commerce\frontend\node_modules\jsdom\lib\jsdom\living\generated\Function.js",".js","29"
"C:\Projects\E-Commerce\frontend\node_modules\jsdom\lib\jsdom\living\generated\GetRootNodeOptions.js",".js","26"
"C:\Projects\E-Commerce\frontend\node_modules\jsdom\lib\jsdom\living\generated\HashChangeEvent.js",".js","130"
"C:\Projects\E-Commerce\frontend\node_modules\jsdom\lib\jsdom\living\generated\HashChangeEventInit.js",".js","41"
"C:\Projects\E-Commerce\frontend\node_modules\jsdom\lib\jsdom\living\generated\Headers.js",".js","363"
"C:\Projects\E-Commerce\frontend\node_modules\jsdom\lib\jsdom\living\generated\History.js",".js","230"
"C:\Projects\E-Commerce\frontend\node_modules\jsdom\lib\jsdom\living\generated\HTMLAnchorElement.js",".js","844"
"C:\Projects\E-Commerce\frontend\node_modules\jsdom\lib\jsdom\living\generated\HTMLAreaElement.js",".js","678"
"C:\Projects\E-Commerce\frontend\node_modules\jsdom\lib\jsdom\living\generated\HTMLAudioElement.js",".js","89"
"C:\Projects\E-Commerce\frontend\node_modules\jsdom\lib\jsdom\living\generated\HTMLBaseElement.js",".js","158"
"C:\Projects\E-Commerce\frontend\node_modules\jsdom\lib\jsdom\living\generated\HTMLBodyElement.js",".js","718"
"C:\Projects\E-Commerce\frontend\node_modules\jsdom\lib\jsdom\living\generated\HTMLBRElement.js",".js","125"
"C:\Projects\E-Commerce\frontend\node_modules\jsdom\lib\jsdom\living\generated\HTMLButtonElement.js",".js","431"
"C:\Projects\E-Commerce\frontend\node_modules\jsdom\lib\jsdom\living\generated\HTMLCanvasElement.js",".js","264"
"C:\Projects\E-Commerce\frontend\node_modules\jsdom\lib\jsdom\living\generated\HTMLCollection.js",".js","323"
"C:\Projects\E-Commerce\frontend\node_modules\jsdom\lib\jsdom\living\generated\HTMLDataElement.js",".js","125"
"C:\Projects\E-Commerce\frontend\node_modules\jsdom\lib\jsdom\living\generated\HTMLDataListElement.js",".js","101"
"C:\Projects\E-Commerce\frontend\node_modules\jsdom\lib\jsdom\living\generated\HTMLDetailsElement.js",".js","128"
"C:\Projects\E-Commerce\frontend\node_modules\jsdom\lib\jsdom\living\generated\HTMLDialogElement.js",".js","128"
"C:\Projects\E-Commerce\frontend\node_modules\jsdom\lib\jsdom\living\generated\HTMLDirectoryElement.js",".js","128"
"C:\Projects\E-Commerce\frontend\node_modules\jsdom\lib\jsdom\living\generated\HTMLDivElement.js",".js","125"
"C:\Projects\E-Commerce\frontend\node_modules\jsdom\lib\jsdom\living\generated\HTMLDListElement.js",".js","128"
"C:\Projects\E-Commerce\frontend\node_modules\jsdom\lib\jsdom\living\generated\HTMLElement.js",".js","2069"
"C:\Projects\E-Commerce\frontend\node_modules\jsdom\lib\jsdom\living\generated\HTMLEmbedElement.js",".js","308"
"C:\Projects\E-Commerce\frontend\node_modules\jsdom\lib\jsdom\living\generated\HTMLFieldSetElement.js",".js","270"
"C:\Projects\E-Commerce\frontend\node_modules\jsdom\lib\jsdom\living\generated\HTMLFontElement.js",".js","194"
"C:\Projects\E-Commerce\frontend\node_modules\jsdom\lib\jsdom\living\generated\HTMLFormElement.js",".js","416"
"C:\Projects\E-Commerce\frontend\node_modules\jsdom\lib\jsdom\living\generated\HTMLFrameElement.js",".js","411"
"C:\Projects\E-Commerce\frontend\node_modules\jsdom\lib\jsdom\living\generated\HTMLFrameSetElement.js",".js","577"
"C:\Projects\E-Commerce\frontend\node_modules\jsdom\lib\jsdom\living\generated\HTMLHeadElement.js",".js","89"
"C:\Projects\E-Commerce\frontend\node_modules\jsdom\lib\jsdom\living\generated\HTMLHeadingElement.js",".js","125"
"C:\Projects\E-Commerce\frontend\node_modules\jsdom\lib\jsdom\living\generated\HTMLHRElement.js",".js","264"
"C:\Projects\E-Commerce\frontend\node_modules\jsdom\lib\jsdom\living\generated\HTMLHtmlElement.js",".js","125"
"C:\Projects\E-Commerce\frontend\node_modules\jsdom\lib\jsdom\living\generated\HTMLIFrameElement.js",".js","557"
"C:\Projects\E-Commerce\frontend\node_modules\jsdom\lib\jsdom\living\generated\HTMLImageElement.js",".js","725"
"C:\Projects\E-Commerce\frontend\node_modules\jsdom\lib\jsdom\living\generated\HTMLInputElement.js",".js","1575"
"C:\Projects\E-Commerce\frontend\node_modules\jsdom\lib\jsdom\living\generated\HTMLLabelElement.js",".js","145"
"C:\Projects\E-Commerce\frontend\node_modules\jsdom\lib\jsdom\living\generated\HTMLLegendElement.js",".js","135"
"C:\Projects\E-Commerce\frontend\node_modules\jsdom\lib\jsdom\living\generated\HTMLLIElement.js",".js","164"
"C:\Projects\E-Commerce\frontend\node_modules\jsdom\lib\jsdom\living\generated\HTMLLinkElement.js",".js","449"
"C:\Projects\E-Commerce\frontend\node_modules\jsdom\lib\jsdom\living\generated\HTMLMapElement.js",".js","137"
"C:\Projects\E-Commerce\frontend\node_modules\jsdom\lib\jsdom\living\generated\HTMLMarqueeElement.js",".js","455"
"C:\Projects\E-Commerce\frontend\node_modules\jsdom\lib\jsdom\living\generated\HTMLMediaElement.js",".js","734"
"C:\Projects\E-Commerce\frontend\node_modules\jsdom\lib\jsdom\living\generated\HTMLMenuElement.js",".js","128"
"C:\Projects\E-Commerce\frontend\node_modules\jsdom\lib\jsdom\living\generated\HTMLMetaElement.js",".js","227"
"C:\Projects\E-Commerce\frontend\node_modules\jsdom\lib\jsdom\living\generated\HTMLMeterElement.js",".js","299"
"C:\Projects\E-Commerce\frontend\node_modules\jsdom\lib\jsdom\living\generated\HTMLModElement.js",".js","172"
"C:\Projects\E-Commerce\frontend\node_modules\jsdom\lib\jsdom\living\generated\HTMLObjectElement.js",".js","767"
"C:\Projects\E-Commerce\frontend\node_modules\jsdom\lib\jsdom\living\generated\HTMLOListElement.js",".js","232"
"C:\Projects\E-Commerce\frontend\node_modules\jsdom\lib\jsdom\living\generated\HTMLOptGroupElement.js",".js","162"
"C:\Projects\E-Commerce\frontend\node_modules\jsdom\lib\jsdom\living\generated\HTMLOptionElement.js",".js","307"
"C:\Projects\E-Commerce\frontend\node_modules\jsdom\lib\jsdom\living\generated\HTMLOptionsCollection.js",".js","463"
"C:\Projects\E-Commerce\frontend\node_modules\jsdom\lib\jsdom\living\generated\HTMLOutputElement.js",".js","320"
"C:\Projects\E-Commerce\frontend\node_modules\jsdom\lib\jsdom\living\generated\HTMLParagraphElement.js",".js","125"
"C:\Projects\E-Commerce\frontend\node_modules\jsdom\lib\jsdom\living\generated\HTMLParamElement.js",".js","227"
"C:\Projects\E-Commerce\frontend\node_modules\jsdom\lib\jsdom\living\generated\HTMLPictureElement.js",".js","89"
"C:\Projects\E-Commerce\frontend\node_modules\jsdom\lib\jsdom\living\generated\HTMLPreElement.js",".js","130"
"C:\Projects\E-Commerce\frontend\node_modules\jsdom\lib\jsdom\living\generated\HTMLProgressElement.js",".js","177"
"C:\Projects\E-Commerce\frontend\node_modules\jsdom\lib\jsdom\living\generated\HTMLQuoteElement.js",".js","138"
"C:\Projects\E-Commerce\frontend\node_modules\jsdom\lib\jsdom\living\generated\HTMLScriptElement.js",".js","382"
"C:\Projects\E-Commerce\frontend\node_modules\jsdom\lib\jsdom\living\generated\HTMLSelectElement.js",".js","860"
"C:\Projects\E-Commerce\frontend\node_modules\jsdom\lib\jsdom\living\generated\HTMLSlotElement.js",".js","162"
"C:\Projects\E-Commerce\frontend\node_modules\jsdom\lib\jsdom\living\generated\HTMLSourceElement.js",".js","274"
"C:\Projects\E-Commerce\frontend\node_modules\jsdom\lib\jsdom\living\generated\HTMLSpanElement.js",".js","89"
"C:\Projects\E-Commerce\frontend\node_modules\jsdom\lib\jsdom\living\generated\HTMLStyleElement.js",".js","169"
"C:\Projects\E-Commerce\frontend\node_modules\jsdom\lib\jsdom\living\generated\HTMLTableCaptionElement.js",".js","125"
"C:\Projects\E-Commerce\frontend\node_modules\jsdom\lib\jsdom\living\generated\HTMLTableCellElement.js",".js","578"
"C:\Projects\E-Commerce\frontend\node_modules\jsdom\lib\jsdom\living\generated\HTMLTableColElement.js",".js","301"
"C:\Projects\E-Commerce\frontend\node_modules\jsdom\lib\jsdom\living\generated\HTMLTableElement.js",".js","671"
"C:\Projects\E-Commerce\frontend\node_modules\jsdom\lib\jsdom\living\generated\HTMLTableRowElement.js",".js","346"
"C:\Projects\E-Commerce\frontend\node_modules\jsdom\lib\jsdom\living\generated\HTMLTableSectionElement.js",".js","291"
"C:\Projects\E-Commerce\frontend\node_modules\jsdom\lib\jsdom\living\generated\HTMLTemplateElement.js",".js","99"
"C:\Projects\E-Commerce\frontend\node_modules\jsdom\lib\jsdom\living\generated\HTMLTextAreaElement.js",".js","984"
"C:\Projects\E-Commerce\frontend\node_modules\jsdom\lib\jsdom\living\generated\HTMLTimeElement.js",".js","125"
"C:\Projects\E-Commerce\frontend\node_modules\jsdom\lib\jsdom\living\generated\HTMLTitleElement.js",".js","124"
"C:\Projects\E-Commerce\frontend\node_modules\jsdom\lib\jsdom\living\generated\HTMLTrackElement.js",".js","297"
"C:\Projects\E-Commerce\frontend\node_modules\jsdom\lib\jsdom\living\generated\HTMLUListElement.js",".js","162"
"C:\Projects\E-Commerce\frontend\node_modules\jsdom\lib\jsdom\living\generated\HTMLUnknownElement.js",".js","88"
"C:\Projects\E-Commerce\frontend\node_modules\jsdom\lib\jsdom\living\generated\HTMLVideoElement.js",".js","274"
"C:\Projects\E-Commerce\frontend\node_modules\jsdom\lib\jsdom\living\generated\InputEvent.js",".js","138"
"C:\Projects\E-Commerce\frontend\node_modules\jsdom\lib\jsdom\living\generated\InputEventInit.js",".js","58"
"C:\Projects\E-Commerce\frontend\node_modules\jsdom\lib\jsdom\living\generated\KeyboardEvent.js",".js","387"
"C:\Projects\E-Commerce\frontend\node_modules\jsdom\lib\jsdom\living\generated\KeyboardEventInit.js",".js","97"
"C:\Projects\E-Commerce\frontend\node_modules\jsdom\lib\jsdom\living\generated\Location.js",".js","336"
"C:\Projects\E-Commerce\frontend\node_modules\jsdom\lib\jsdom\living\generated\MessageEvent.js",".js","278"
"C:\Projects\E-Commerce\frontend\node_modules\jsdom\lib\jsdom\living\generated\MessageEventInit.js",".js","85"
"C:\Projects\E-Commerce\frontend\node_modules\jsdom\lib\jsdom\living\generated\MimeType.js",".js","123"
"C:\Projects\E-Commerce\frontend\node_modules\jsdom\lib\jsdom\living\generated\MimeTypeArray.js",".js","300"
"C:\Projects\E-Commerce\frontend\node_modules\jsdom\lib\jsdom\living\generated\MouseEvent.js",".js","441"
"C:\Projects\E-Commerce\frontend\node_modules\jsdom\lib\jsdom\living\generated\MouseEventInit.js",".js","93"
"C:\Projects\E-Commerce\frontend\node_modules\jsdom\lib\jsdom\living\generated\MutationCallback.js",".js","23"
"C:\Projects\E-Commerce\frontend\node_modules\jsdom\lib\jsdom\living\generated\MutationObserver.js",".js","151"
"C:\Projects\E-Commerce\frontend\node_modules\jsdom\lib\jsdom\living\generated\MutationObserverInit.js",".js","103"
"C:\Projects\E-Commerce\frontend\node_modules\jsdom\lib\jsdom\living\generated\MutationRecord.js",".js","181"
"C:\Projects\E-Commerce\frontend\node_modules\jsdom\lib\jsdom\living\generated\NamedNodeMap.js",".js","488"
"C:\Projects\E-Commerce\frontend\node_modules\jsdom\lib\jsdom\living\generated\Navigator.js",".js","255"
"C:\Projects\E-Commerce\frontend\node_modules\jsdom\lib\jsdom\living\generated\Node.js",".js","664"
"C:\Projects\E-Commerce\frontend\node_modules\jsdom\lib\jsdom\living\generated\NodeFilter.js",".js","60"
"C:\Projects\E-Commerce\frontend\node_modules\jsdom\lib\jsdom\living\generated\NodeIterator.js",".js","165"
"C:\Projects\E-Commerce\frontend\node_modules\jsdom\lib\jsdom\living\generated\NodeList.js",".js","278"
"C:\Projects\E-Commerce\frontend\node_modules\jsdom\lib\jsdom\living\generated\OnBeforeUnloadEventHandlerNonNull.js",".js","32"
"C:\Projects\E-Commerce\frontend\node_modules\jsdom\lib\jsdom\living\generated\OnErrorEventHandlerNonNull.js",".js","42"
"C:\Projects\E-Commerce\frontend\node_modules\jsdom\lib\jsdom\living\generated\PageTransitionEvent.js",".js","120"
"C:\Projects\E-Commerce\frontend\node_modules\jsdom\lib\jsdom\living\generated\PageTransitionEventInit.js",".js","28"
"C:\Projects\E-Commerce\frontend\node_modules\jsdom\lib\jsdom\living\generated\Performance.js",".js","114"
"C:\Projects\E-Commerce\frontend\node_modules\jsdom\lib\jsdom\living\generated\Plugin.js",".js","322"
"C:\Projects\E-Commerce\frontend\node_modules\jsdom\lib\jsdom\living\generated\PluginArray.js",".js","308"
"C:\Projects\E-Commerce\frontend\node_modules\jsdom\lib\jsdom\living\generated\PopStateEvent.js",".js","120"
"C:\Projects\E-Commerce\frontend\node_modules\jsdom\lib\jsdom\living\generated\PopStateEventInit.js",".js","25"
"C:\Projects\E-Commerce\frontend\node_modules\jsdom\lib\jsdom\living\generated\ProcessingInstruction.js",".js","98"
"C:\Projects\E-Commerce\frontend\node_modules\jsdom\lib\jsdom\living\generated\ProgressEvent.js",".js","140"
"C:\Projects\E-Commerce\frontend\node_modules\jsdom\lib\jsdom\living\generated\ProgressEventInit.js",".js","54"
"C:\Projects\E-Commerce\frontend\node_modules\jsdom\lib\jsdom\living\generated\Range.js",".js","574"
"C:\Projects\E-Commerce\frontend\node_modules\jsdom\lib\jsdom\living\generated\Screen.js",".js","141"
"C:\Projects\E-Commerce\frontend\node_modules\jsdom\lib\jsdom\living\generated\ScrollBehavior.js",".js","10"
"C:\Projects\E-Commerce\frontend\node_modules\jsdom\lib\jsdom\living\generated\ScrollIntoViewOptions.js",".js","36"
"C:\Projects\E-Commerce\frontend\node_modules\jsdom\lib\jsdom\living\generated\ScrollLogicalPosition.js",".js","12"
"C:\Projects\E-Commerce\frontend\node_modules\jsdom\lib\jsdom\living\generated\ScrollOptions.js",".js","24"
"C:\Projects\E-Commerce\frontend\node_modules\jsdom\lib\jsdom\living\generated\ScrollRestoration.js",".js","10"
"C:\Projects\E-Commerce\frontend\node_modules\jsdom\lib\jsdom\living\generated\Selection.js",".js","497"
"C:\Projects\E-Commerce\frontend\node_modules\jsdom\lib\jsdom\living\generated\SelectionMode.js",".js","10"
"C:\Projects\E-Commerce\frontend\node_modules\jsdom\lib\jsdom\living\generated\ShadowRoot.js",".js","150"
"C:\Projects\E-Commerce\frontend\node_modules\jsdom\lib\jsdom\living\generated\ShadowRootInit.js",".js","24"
"C:\Projects\E-Commerce\frontend\node_modules\jsdom\lib\jsdom\living\generated\ShadowRootMode.js",".js","10"
"C:\Projects\E-Commerce\frontend\node_modules\jsdom\lib\jsdom\living\generated\StaticRange.js",".js","102"
"C:\Projects\E-Commerce\frontend\node_modules\jsdom\lib\jsdom\living\generated\StaticRangeInit.js",".js","60"
"C:\Projects\E-Commerce\frontend\node_modules\jsdom\lib\jsdom\living\generated\Storage.js",".js","359"
"C:\Projects\E-Commerce\frontend\node_modules\jsdom\lib\jsdom\living\generated\StorageEvent.js",".js","280"
"C:\Projects\E-Commerce\frontend\node_modules\jsdom\lib\jsdom\living\generated\StorageEventInit.js",".js","88"
"C:\Projects\E-Commerce\frontend\node_modules\jsdom\lib\jsdom\living\generated\StyleSheetList.js",".js","276"
"C:\Projects\E-Commerce\frontend\node_modules\jsdom\lib\jsdom\living\generated\SupportedType.js",".js","16"
"C:\Projects\E-Commerce\frontend\node_modules\jsdom\lib\jsdom\living\generated\SVGAnimatedString.js",".js","118"
"C:\Projects\E-Commerce\frontend\node_modules\jsdom\lib\jsdom\living\generated\SVGBoundingBoxOptions.js",".js","53"
"C:\Projects\E-Commerce\frontend\node_modules\jsdom\lib\jsdom\living\generated\SVGElement.js",".js","1804"
"C:\Projects\E-Commerce\frontend\node_modules\jsdom\lib\jsdom\living\generated\SVGGraphicsElement.js",".js","112"
"C:\Projects\E-Commerce\frontend\node_modules\jsdom\lib\jsdom\living\generated\SVGNumber.js",".js","104"
"C:\Projects\E-Commerce\frontend\node_modules\jsdom\lib\jsdom\living\generated\SVGStringList.js",".js","462"
"C:\Projects\E-Commerce\frontend\node_modules\jsdom\lib\jsdom\living\generated\SVGSVGElement.js",".js","608"
"C:\Projects\E-Commerce\frontend\node_modules\jsdom\lib\jsdom\living\generated\SVGTitleElement.js",".js","88"
"C:\Projects\E-Commerce\frontend\node_modules\jsdom\lib\jsdom\living\generated\Text.js",".js","141"
"C:\Projects\E-Commerce\frontend\node_modules\jsdom\lib\jsdom\living\generated\TextTrackKind.js",".js","10"
"C:\Projects\E-Commerce\frontend\node_modules\jsdom\lib\jsdom\living\generated\TouchEvent.js",".js","180"
"C:\Projects\E-Commerce\frontend\node_modules\jsdom\lib\jsdom\living\generated\TouchEventInit.js",".js","75"
"C:\Projects\E-Commerce\frontend\node_modules\jsdom\lib\jsdom\living\generated\TreeWalker.js",".js","204"
"C:\Projects\E-Commerce\frontend\node_modules\jsdom\lib\jsdom\living\generated\UIEvent.js",".js","203"
"C:\Projects\E-Commerce\frontend\node_modules\jsdom\lib\jsdom\living\generated\UIEventInit.js",".js","52"
"C:\Projects\E-Commerce\frontend\node_modules\jsdom\lib\jsdom\living\generated\utils.js",".js","165"
"C:\Projects\E-Commerce\frontend\node_modules\jsdom\lib\jsdom\living\generated\ValidityState.js",".js","195"
"C:\Projects\E-Commerce\frontend\node_modules\jsdom\lib\jsdom\living\generated\VisibilityState.js",".js","10"
"C:\Projects\E-Commerce\frontend\node_modules\jsdom\lib\jsdom\living\generated\VoidFunction.js",".js","19"
"C:\Projects\E-Commerce\frontend\node_modules\jsdom\lib\jsdom\living\generated\WebSocket.js",".js","405"
"C:\Projects\E-Commerce\frontend\node_modules\jsdom\lib\jsdom\living\generated\WheelEvent.js",".js","158"
"C:\Projects\E-Commerce\frontend\node_modules\jsdom\lib\jsdom\living\generated\WheelEventInit.js",".js","58"
"C:\Projects\E-Commerce\frontend\node_modules\jsdom\lib\jsdom\living\generated\XMLDocument.js",".js","88"
"C:\Projects\E-Commerce\frontend\node_modules\jsdom\lib\jsdom\living\generated\XMLHttpRequest.js",".js","570"
"C:\Projects\E-Commerce\frontend\node_modules\jsdom\lib\jsdom\living\generated\XMLHttpRequestEventTarget.js",".js","271"
"C:\Projects\E-Commerce\frontend\node_modules\jsdom\lib\jsdom\living\generated\XMLHttpRequestResponseType.js",".js","12"
"C:\Projects\E-Commerce\frontend\node_modules\jsdom\lib\jsdom\living\generated\XMLHttpRequestUpload.js",".js","88"
"C:\Projects\E-Commerce\frontend\node_modules\jsdom\lib\jsdom\living\generated\XMLSerializer.js",".js","109"
"C:\Projects\E-Commerce\frontend\node_modules\jsdom\lib\jsdom\living\helpers\svg\basic-types.js",".js","35"
"C:\Projects\E-Commerce\frontend\node_modules\jsdom\lib\jsdom\living\helpers\svg\render.js",".js","39"
"C:\Projects\E-Commerce\frontend\node_modules\jsdom\lib\jsdom\living\helpers\agent-factory.js",".js","14"
"C:\Projects\E-Commerce\frontend\node_modules\jsdom\lib\jsdom\living\helpers\binary-data.js",".js","8"
"C:\Projects\E-Commerce\frontend\node_modules\jsdom\lib\jsdom\living\helpers\create-element.js",".js","279"
"C:\Projects\E-Commerce\frontend\node_modules\jsdom\lib\jsdom\living\helpers\create-event-accessor.js",".js","161"
"C:\Projects\E-Commerce\frontend\node_modules\jsdom\lib\jsdom\living\helpers\custom-elements.js",".js","211"
"C:\Projects\E-Commerce\frontend\node_modules\jsdom\lib\jsdom\living\helpers\dates-and-times.js",".js","238"
"C:\Projects\E-Commerce\frontend\node_modules\jsdom\lib\jsdom\living\helpers\details.js",".js","14"
"C:\Projects\E-Commerce\frontend\node_modules\jsdom\lib\jsdom\living\helpers\document-base-url.js",".js","39"
"C:\Projects\E-Commerce\frontend\node_modules\jsdom\lib\jsdom\living\helpers\events.js",".js","19"
"C:\Projects\E-Commerce\frontend\node_modules\jsdom\lib\jsdom\living\helpers\focusing.js",".js","84"
"C:\Projects\E-Commerce\frontend\node_modules\jsdom\lib\jsdom\living\helpers\form-controls.js",".js","269"
"C:\Projects\E-Commerce\frontend\node_modules\jsdom\lib\jsdom\living\helpers\html-constructor.js",".js","57"
"C:\Projects\E-Commerce\frontend\node_modules\jsdom\lib\jsdom\living\helpers\http-request.js",".js","236"
"C:\Projects\E-Commerce\frontend\node_modules\jsdom\lib\jsdom\living\helpers\internal-constants.js",".js","9"
"C:\Projects\E-Commerce\frontend\node_modules\jsdom\lib\jsdom\living\helpers\iterable-weak-set.js",".js","41"
"C:\Projects\E-Commerce\frontend\node_modules\jsdom\lib\jsdom\living\helpers\json.js",".js","10"
"C:\Projects\E-Commerce\frontend\node_modules\jsdom\lib\jsdom\living\helpers\mutation-observers.js",".js","165"
"C:\Projects\E-Commerce\frontend\node_modules\jsdom\lib\jsdom\living\helpers\namespaces.js",".js","8"
"C:\Projects\E-Commerce\frontend\node_modules\jsdom\lib\jsdom\living\helpers\node.js",".js","53"
"C:\Projects\E-Commerce\frontend\node_modules\jsdom\lib\jsdom\living\helpers\number-and-date-inputs.js",".js","186"
"C:\Projects\E-Commerce\frontend\node_modules\jsdom\lib\jsdom\living\helpers\ordered-set.js",".js","86"
"C:\Projects\E-Commerce\frontend\node_modules\jsdom\lib\jsdom\living\helpers\page-transition-event.js",".js","8"
"C:\Projects\E-Commerce\frontend\node_modules\jsdom\lib\jsdom\living\helpers\runtime-script-errors.js",".js","61"
"C:\Projects\E-Commerce\frontend\node_modules\jsdom\lib\jsdom\living\helpers\selectors.js",".js","37"
"C:\Projects\E-Commerce\frontend\node_modules\jsdom\lib\jsdom\living\helpers\shadow-dom.js",".js","229"
"C:\Projects\E-Commerce\frontend\node_modules\jsdom\lib\jsdom\living\helpers\strings.js",".js","132"
"C:\Projects\E-Commerce\frontend\node_modules\jsdom\lib\jsdom\living\helpers\style-rules.js",".js","94"
"C:\Projects\E-Commerce\frontend\node_modules\jsdom\lib\jsdom\living\helpers\stylesheets.js",".js","95"
"C:\Projects\E-Commerce\frontend\node_modules\jsdom\lib\jsdom\living\helpers\text.js",".js","18"
"C:\Projects\E-Commerce\frontend\node_modules\jsdom\lib\jsdom\living\helpers\traversal.js",".js","62"
"C:\Projects\E-Commerce\frontend\node_modules\jsdom\lib\jsdom\living\helpers\validate-names.js",".js","53"
"C:\Projects\E-Commerce\frontend\node_modules\jsdom\lib\jsdom\living\hr-time\Performance-impl.js",".js","18"
"C:\Projects\E-Commerce\frontend\node_modules\jsdom\lib\jsdom\living\mutation-observer\MutationObserver-impl.js",".js","78"
"C:\Projects\E-Commerce\frontend\node_modules\jsdom\lib\jsdom\living\mutation-observer\MutationRecord-impl.js",".js","30"
"C:\Projects\E-Commerce\frontend\node_modules\jsdom\lib\jsdom\living\navigator\MimeType-impl.js",".js","2"
"C:\Projects\E-Commerce\frontend\node_modules\jsdom\lib\jsdom\living\navigator\MimeTypeArray-impl.js",".js","16"
"C:\Projects\E-Commerce\frontend\node_modules\jsdom\lib\jsdom\living\navigator\Navigator-impl.js",".js","26"
"C:\Projects\E-Commerce\frontend\node_modules\jsdom\lib\jsdom\living\navigator\NavigatorConcurrentHardware-impl.js",".js","7"
"C:\Projects\E-Commerce\frontend\node_modules\jsdom\lib\jsdom\living\navigator\NavigatorCookies-impl.js",".js","6"
"C:\Projects\E-Commerce\frontend\node_modules\jsdom\lib\jsdom\living\navigator\NavigatorID-impl.js",".js","28"
"C:\Projects\E-Commerce\frontend\node_modules\jsdom\lib\jsdom\living\navigator\NavigatorLanguage-impl.js",".js","7"
"C:\Projects\E-Commerce\frontend\node_modules\jsdom\lib\jsdom\living\navigator\NavigatorOnLine-impl.js",".js","6"
"C:\Projects\E-Commerce\frontend\node_modules\jsdom\lib\jsdom\living\navigator\NavigatorPlugins-impl.js",".js","7"
"C:\Projects\E-Commerce\frontend\node_modules\jsdom\lib\jsdom\living\navigator\Plugin-impl.js",".js","2"
"C:\Projects\E-Commerce\frontend\node_modules\jsdom\lib\jsdom\living\navigator\PluginArray-impl.js",".js","17"
"C:\Projects\E-Commerce\frontend\node_modules\jsdom\lib\jsdom\living\nodes\CDATASection-impl.js",".js","12"
"C:\Projects\E-Commerce\frontend\node_modules\jsdom\lib\jsdom\living\nodes\CharacterData-impl.js",".js","91"
"C:\Projects\E-Commerce\frontend\node_modules\jsdom\lib\jsdom\living\nodes\ChildNode-impl.js",".js","66"
"C:\Projects\E-Commerce\frontend\node_modules\jsdom\lib\jsdom\living\nodes\Comment-impl.js",".js","17"
"C:\Projects\E-Commerce\frontend\node_modules\jsdom\lib\jsdom\living\nodes\Document-impl.js",".js","797"
"C:\Projects\E-Commerce\frontend\node_modules\jsdom\lib\jsdom\living\nodes\DocumentFragment-impl.js",".js","36"
"C:\Projects\E-Commerce\frontend\node_modules\jsdom\lib\jsdom\living\nodes\DocumentOrShadowRoot-impl.js",".js","26"
"C:\Projects\E-Commerce\frontend\node_modules\jsdom\lib\jsdom\living\nodes\DocumentType-impl.js",".js","18"
"C:\Projects\E-Commerce\frontend\node_modules\jsdom\lib\jsdom\living\nodes\DOMImplementation-impl.js",".js","96"
"C:\Projects\E-Commerce\frontend\node_modules\jsdom\lib\jsdom\living\nodes\DOMStringMap-impl.js",".js","59"
"C:\Projects\E-Commerce\frontend\node_modules\jsdom\lib\jsdom\living\nodes\DOMTokenList-impl.js",".js","145"
"C:\Projects\E-Commerce\frontend\node_modules\jsdom\lib\jsdom\living\nodes\Element-impl.js",".js","483"
"C:\Projects\E-Commerce\frontend\node_modules\jsdom\lib\jsdom\living\nodes\ElementContentEditable-impl.js",".js","5"
"C:\Projects\E-Commerce\frontend\node_modules\jsdom\lib\jsdom\living\nodes\ElementCSSInlineStyle-impl.js",".js","23"
"C:\Projects\E-Commerce\frontend\node_modules\jsdom\lib\jsdom\living\nodes\GlobalEventHandlers-impl.js",".js","82"
"C:\Projects\E-Commerce\frontend\node_modules\jsdom\lib\jsdom\living\nodes\HTMLAnchorElement-impl.js",".js","40"
"C:\Projects\E-Commerce\frontend\node_modules\jsdom\lib\jsdom\living\nodes\HTMLAreaElement-impl.js",".js","34"
"C:\Projects\E-Commerce\frontend\node_modules\jsdom\lib\jsdom\living\nodes\HTMLAudioElement-impl.js",".js","6"
"C:\Projects\E-Commerce\frontend\node_modules\jsdom\lib\jsdom\living\nodes\HTMLBaseElement-impl.js",".js","21"
"C:\Projects\E-Commerce\frontend\node_modules\jsdom\lib\jsdom\living\nodes\HTMLBodyElement-impl.js",".js","14"
"C:\Projects\E-Commerce\frontend\node_modules\jsdom\lib\jsdom\living\nodes\HTMLBRElement-impl.js",".js","6"
"C:\Projects\E-Commerce\frontend\node_modules\jsdom\lib\jsdom\living\nodes\HTMLButtonElement-impl.js",".js","67"
"C:\Projects\E-Commerce\frontend\node_modules\jsdom\lib\jsdom\living\nodes\HTMLCanvasElement-impl.js",".js","116"
"C:\Projects\E-Commerce\frontend\node_modules\jsdom\lib\jsdom\living\nodes\HTMLCollection-impl.js",".js","91"
"C:\Projects\E-Commerce\frontend\node_modules\jsdom\lib\jsdom\living\nodes\HTMLDataElement-impl.js",".js","6"
"C:\Projects\E-Commerce\frontend\node_modules\jsdom\lib\jsdom\living\nodes\HTMLDataListElement-impl.js",".js","16"
"C:\Projects\E-Commerce\frontend\node_modules\jsdom\lib\jsdom\living\nodes\HTMLDetailsElement-impl.js",".js","26"
"C:\Projects\E-Commerce\frontend\node_modules\jsdom\lib\jsdom\living\nodes\HTMLDialogElement-impl.js",".js","6"
"C:\Projects\E-Commerce\frontend\node_modules\jsdom\lib\jsdom\living\nodes\HTMLDirectoryElement-impl.js",".js","6"
"C:\Projects\E-Commerce\frontend\node_modules\jsdom\lib\jsdom\living\nodes\HTMLDivElement-impl.js",".js","6"
"C:\Projects\E-Commerce\frontend\node_modules\jsdom\lib\jsdom\living\nodes\HTMLDListElement-impl.js",".js","6"
"C:\Projects\E-Commerce\frontend\node_modules\jsdom\lib\jsdom\living\nodes\HTMLElement-impl.js",".js","132"
"C:\Projects\E-Commerce\frontend\node_modules\jsdom\lib\jsdom\living\nodes\HTMLEmbedElement-impl.js",".js","6"
"C:\Projects\E-Commerce\frontend\node_modules\jsdom\lib\jsdom\living\nodes\HTMLFieldSetElement-impl.js",".js","34"
"C:\Projects\E-Commerce\frontend\node_modules\jsdom\lib\jsdom\living\nodes\HTMLFontElement-impl.js",".js","6"
"C:\Projects\E-Commerce\frontend\node_modules\jsdom\lib\jsdom\living\nodes\HTMLFormElement-impl.js",".js","191"
"C:\Projects\E-Commerce\frontend\node_modules\jsdom\lib\jsdom\living\nodes\HTMLFrameElement-impl.js",".js","216"
"C:\Projects\E-Commerce\frontend\node_modules\jsdom\lib\jsdom\living\nodes\HTMLFrameSetElement-impl.js",".js","14"
"C:\Projects\E-Commerce\frontend\node_modules\jsdom\lib\jsdom\living\nodes\HTMLHeadElement-impl.js",".js","6"
"C:\Projects\E-Commerce\frontend\node_modules\jsdom\lib\jsdom\living\nodes\HTMLHeadingElement-impl.js",".js","6"
"C:\Projects\E-Commerce\frontend\node_modules\jsdom\lib\jsdom\living\nodes\HTMLHRElement-impl.js",".js","6"
"C:\Projects\E-Commerce\frontend\node_modules\jsdom\lib\jsdom\living\nodes\HTMLHtmlElement-impl.js",".js","6"
"C:\Projects\E-Commerce\frontend\node_modules\jsdom\lib\jsdom\living\nodes\HTMLHyperlinkElementUtils-impl.js",".js","282"
"C:\Projects\E-Commerce\frontend\node_modules\jsdom\lib\jsdom\living\nodes\HTMLIFrameElement-impl.js",".js","6"
"C:\Projects\E-Commerce\frontend\node_modules\jsdom\lib\jsdom\living\nodes\HTMLImageElement-impl.js",".js","112"
"C:\Projects\E-Commerce\frontend\node_modules\jsdom\lib\jsdom\living\nodes\HTMLInputElement-impl.js",".js","963"
"C:\Projects\E-Commerce\frontend\node_modules\jsdom\lib\jsdom\living\nodes\HTMLLabelElement-impl.js",".js","84"
"C:\Projects\E-Commerce\frontend\node_modules\jsdom\lib\jsdom\living\nodes\HTMLLegendElement-impl.js",".js","16"
"C:\Projects\E-Commerce\frontend\node_modules\jsdom\lib\jsdom\living\nodes\HTMLLIElement-impl.js",".js","6"
"C:\Projects\E-Commerce\frontend\node_modules\jsdom\lib\jsdom\living\nodes\HTMLLinkElement-impl.js",".js","80"
"C:\Projects\E-Commerce\frontend\node_modules\jsdom\lib\jsdom\living\nodes\HTMLMapElement-impl.js",".js","10"
"C:\Projects\E-Commerce\frontend\node_modules\jsdom\lib\jsdom\living\nodes\HTMLMarqueeElement-impl.js",".js","6"
"C:\Projects\E-Commerce\frontend\node_modules\jsdom\lib\jsdom\living\nodes\HTMLMediaElement-impl.js",".js","121"
"C:\Projects\E-Commerce\frontend\node_modules\jsdom\lib\jsdom\living\nodes\HTMLMenuElement-impl.js",".js","6"
"C:\Projects\E-Commerce\frontend\node_modules\jsdom\lib\jsdom\living\nodes\HTMLMetaElement-impl.js",".js","6"
"C:\Projects\E-Commerce\frontend\node_modules\jsdom\lib\jsdom\living\nodes\HTMLMeterElement-impl.js",".js","144"
"C:\Projects\E-Commerce\frontend\node_modules\jsdom\lib\jsdom\living\nodes\HTMLModElement-impl.js",".js","6"
"C:\Projects\E-Commerce\frontend\node_modules\jsdom\lib\jsdom\living\nodes\HTMLObjectElement-impl.js",".js","21"
"C:\Projects\E-Commerce\frontend\node_modules\jsdom\lib\jsdom\living\nodes\HTMLOListElement-impl.js",".js","17"
"C:\Projects\E-Commerce\frontend\node_modules\jsdom\lib\jsdom\living\nodes\HTMLOptGroupElement-impl.js",".js","6"
"C:\Projects\E-Commerce\frontend\node_modules\jsdom\lib\jsdom\living\nodes\HTMLOptionElement-impl.js",".js","124"
"C:\Projects\E-Commerce\frontend\node_modules\jsdom\lib\jsdom\living\nodes\HTMLOptionsCollection-impl.js",".js","105"
"C:\Projects\E-Commerce\frontend\node_modules\jsdom\lib\jsdom\living\nodes\HTMLOrSVGElement-impl.js",".js","72"
"C:\Projects\E-Commerce\frontend\node_modules\jsdom\lib\jsdom\living\nodes\HTMLOutputElement-impl.js",".js","70"
"C:\Projects\E-Commerce\frontend\node_modules\jsdom\lib\jsdom\living\nodes\HTMLParagraphElement-impl.js",".js","6"
"C:\Projects\E-Commerce\frontend\node_modules\jsdom\lib\jsdom\living\nodes\HTMLParamElement-impl.js",".js","6"
"C:\Projects\E-Commerce\frontend\node_modules\jsdom\lib\jsdom\living\nodes\HTMLPictureElement-impl.js",".js","6"
"C:\Projects\E-Commerce\frontend\node_modules\jsdom\lib\jsdom\living\nodes\HTMLPreElement-impl.js",".js","6"
"C:\Projects\E-Commerce\frontend\node_modules\jsdom\lib\jsdom\living\nodes\HTMLProgressElement-impl.js",".js","63"
"C:\Projects\E-Commerce\frontend\node_modules\jsdom\lib\jsdom\living\nodes\HTMLQuoteElement-impl.js",".js","6"
"C:\Projects\E-Commerce\frontend\node_modules\jsdom\lib\jsdom\living\nodes\HTMLScriptElement-impl.js",".js","215"
"C:\Projects\E-Commerce\frontend\node_modules\jsdom\lib\jsdom\living\nodes\HTMLSelectElement-impl.js",".js","239"
"C:\Projects\E-Commerce\frontend\node_modules\jsdom\lib\jsdom\living\nodes\HTMLSlotElement-impl.js",".js","46"
"C:\Projects\E-Commerce\frontend\node_modules\jsdom\lib\jsdom\living\nodes\HTMLSourceElement-impl.js",".js","6"
"C:\Projects\E-Commerce\frontend\node_modules\jsdom\lib\jsdom\living\nodes\HTMLSpanElement-impl.js",".js","6"
"C:\Projects\E-Commerce\frontend\node_modules\jsdom\lib\jsdom\living\nodes\HTMLStyleElement-impl.js",".js","60"
"C:\Projects\E-Commerce\frontend\node_modules\jsdom\lib\jsdom\living\nodes\HTMLTableCaptionElement-impl.js",".js","6"
"C:\Projects\E-Commerce\frontend\node_modules\jsdom\lib\jsdom\living\nodes\HTMLTableCellElement-impl.js",".js","59"
"C:\Projects\E-Commerce\frontend\node_modules\jsdom\lib\jsdom\living\nodes\HTMLTableColElement-impl.js",".js","6"
"C:\Projects\E-Commerce\frontend\node_modules\jsdom\lib\jsdom\living\nodes\HTMLTableElement-impl.js",".js","199"
"C:\Projects\E-Commerce\frontend\node_modules\jsdom\lib\jsdom\living\nodes\HTMLTableRowElement-impl.js",".js","75"
"C:\Projects\E-Commerce\frontend\node_modules\jsdom\lib\jsdom\living\nodes\HTMLTableSectionElement-impl.js",".js","52"
"C:\Projects\E-Commerce\frontend\node_modules\jsdom\lib\jsdom\living\nodes\HTMLTemplateElement-impl.js",".js","53"
"C:\Projects\E-Commerce\frontend\node_modules\jsdom\lib\jsdom\living\nodes\HTMLTextAreaElement-impl.js",".js","218"
"C:\Projects\E-Commerce\frontend\node_modules\jsdom\lib\jsdom\living\nodes\HTMLTimeElement-impl.js",".js","6"
"C:\Projects\E-Commerce\frontend\node_modules\jsdom\lib\jsdom\living\nodes\HTMLTitleElement-impl.js",".js","14"
"C:\Projects\E-Commerce\frontend\node_modules\jsdom\lib\jsdom\living\nodes\HTMLTrackElement-impl.js",".js","10"
"C:\Projects\E-Commerce\frontend\node_modules\jsdom\lib\jsdom\living\nodes\HTMLUListElement-impl.js",".js","6"
"C:\Projects\E-Commerce\frontend\node_modules\jsdom\lib\jsdom\living\nodes\HTMLUnknownElement-impl.js",".js","6"
"C:\Projects\E-Commerce\frontend\node_modules\jsdom\lib\jsdom\living\nodes\HTMLVideoElement-impl.js",".js","13"
"C:\Projects\E-Commerce\frontend\node_modules\jsdom\lib\jsdom\living\nodes\LinkStyle-impl.js",".js","2"
"C:\Projects\E-Commerce\frontend\node_modules\jsdom\lib\jsdom\living\nodes\Node-impl.js",".js","963"
"C:\Projects\E-Commerce\frontend\node_modules\jsdom\lib\jsdom\living\nodes\NodeList-impl.js",".js","41"
"C:\Projects\E-Commerce\frontend\node_modules\jsdom\lib\jsdom\living\nodes\NonDocumentTypeChildNode-impl.js",".js","24"
"C:\Projects\E-Commerce\frontend\node_modules\jsdom\lib\jsdom\living\nodes\NonElementParentNode-impl.js",".js","8"
"C:\Projects\E-Commerce\frontend\node_modules\jsdom\lib\jsdom\living\nodes\ParentNode-impl.js",".js","76"
"C:\Projects\E-Commerce\frontend\node_modules\jsdom\lib\jsdom\living\nodes\ProcessingInstruction-impl.js",".js","16"
"C:\Projects\E-Commerce\frontend\node_modules\jsdom\lib\jsdom\living\nodes\ShadowRoot-impl.js",".js","30"
"C:\Projects\E-Commerce\frontend\node_modules\jsdom\lib\jsdom\living\nodes\Slotable-impl.js",".js","37"
"C:\Projects\E-Commerce\frontend\node_modules\jsdom\lib\jsdom\living\nodes\SVGElement-impl.js",".js","53"
"C:\Projects\E-Commerce\frontend\node_modules\jsdom\lib\jsdom\living\nodes\SVGGraphicsElement-impl.js",".js","11"
"C:\Projects\E-Commerce\frontend\node_modules\jsdom\lib\jsdom\living\nodes\SVGSVGElement-impl.js",".js","35"
"C:\Projects\E-Commerce\frontend\node_modules\jsdom\lib\jsdom\living\nodes\SVGTests-impl.js",".js","37"
"C:\Projects\E-Commerce\frontend\node_modules\jsdom\lib\jsdom\living\nodes\SVGTitleElement-impl.js",".js","6"
"C:\Projects\E-Commerce\frontend\node_modules\jsdom\lib\jsdom\living\nodes\Text-impl.js",".js","76"
"C:\Projects\E-Commerce\frontend\node_modules\jsdom\lib\jsdom\living\nodes\WindowEventHandlers-impl.js",".js","46"
"C:\Projects\E-Commerce\frontend\node_modules\jsdom\lib\jsdom\living\nodes\XMLDocument-impl.js",".js","3"
"C:\Projects\E-Commerce\frontend\node_modules\jsdom\lib\jsdom\living\range\AbstractRange-impl.js",".js","34"
"C:\Projects\E-Commerce\frontend\node_modules\jsdom\lib\jsdom\living\range\boundary-point.js",".js","36"
"C:\Projects\E-Commerce\frontend\node_modules\jsdom\lib\jsdom\living\range\Range-impl.js",".js","721"
"C:\Projects\E-Commerce\frontend\node_modules\jsdom\lib\jsdom\living\range\StaticRange-impl.js",".js","32"
"C:\Projects\E-Commerce\frontend\node_modules\jsdom\lib\jsdom\living\selection\Selection-impl.js",".js","273"
"C:\Projects\E-Commerce\frontend\node_modules\jsdom\lib\jsdom\living\svg\SVGAnimatedString-impl.js",".js","33"
"C:\Projects\E-Commerce\frontend\node_modules\jsdom\lib\jsdom\living\svg\SVGListBase.js",".js","175"
"C:\Projects\E-Commerce\frontend\node_modules\jsdom\lib\jsdom\living\svg\SVGNumber-impl.js",".js","40"
"C:\Projects\E-Commerce\frontend\node_modules\jsdom\lib\jsdom\living\svg\SVGStringList-impl.js",".js","11"
"C:\Projects\E-Commerce\frontend\node_modules\jsdom\lib\jsdom\living\traversal\helpers.js",".js","33"
"C:\Projects\E-Commerce\frontend\node_modules\jsdom\lib\jsdom\living\traversal\NodeIterator-impl.js",".js","104"
"C:\Projects\E-Commerce\frontend\node_modules\jsdom\lib\jsdom\living\traversal\TreeWalker-impl.js",".js","164"
"C:\Projects\E-Commerce\frontend\node_modules\jsdom\lib\jsdom\living\websockets\WebSocket-impl-browser.js",".js","147"
"C:\Projects\E-Commerce\frontend\node_modules\jsdom\lib\jsdom\living\websockets\WebSocket-impl.js",".js","291"
"C:\Projects\E-Commerce\frontend\node_modules\jsdom\lib\jsdom\living\webstorage\Storage-impl.js",".js","83"
"C:\Projects\E-Commerce\frontend\node_modules\jsdom\lib\jsdom\living\window\BarProp-impl.js",".js","7"
"C:\Projects\E-Commerce\frontend\node_modules\jsdom\lib\jsdom\living\window\External-impl.js",".js","7"
"C:\Projects\E-Commerce\frontend\node_modules\jsdom\lib\jsdom\living\window\History-impl.js",".js","110"
"C:\Projects\E-Commerce\frontend\node_modules\jsdom\lib\jsdom\living\window\Location-impl.js",".js","184"
"C:\Projects\E-Commerce\frontend\node_modules\jsdom\lib\jsdom\living\window\navigation.js",".js","73"
"C:\Projects\E-Commerce\frontend\node_modules\jsdom\lib\jsdom\living\window\Screen-impl.js",".js","10"
"C:\Projects\E-Commerce\frontend\node_modules\jsdom\lib\jsdom\living\window\SessionHistory.js",".js","130"
"C:\Projects\E-Commerce\frontend\node_modules\jsdom\lib\jsdom\living\xhr\FormData-impl.js",".js","145"
"C:\Projects\E-Commerce\frontend\node_modules\jsdom\lib\jsdom\living\xhr\xhr-sync-worker.js",".js","54"
"C:\Projects\E-Commerce\frontend\node_modules\jsdom\lib\jsdom\living\xhr\xhr-utils.js",".js","378"
"C:\Projects\E-Commerce\frontend\node_modules\jsdom\lib\jsdom\living\xhr\XMLHttpRequest-impl.js",".js","906"
"C:\Projects\E-Commerce\frontend\node_modules\jsdom\lib\jsdom\living\xhr\XMLHttpRequestEventTarget-impl.js",".js","14"
"C:\Projects\E-Commerce\frontend\node_modules\jsdom\lib\jsdom\living\xhr\XMLHttpRequestUpload-impl.js",".js","3"
"C:\Projects\E-Commerce\frontend\node_modules\jsdom\lib\jsdom\living\attributes.js",".js","240"
"C:\Projects\E-Commerce\frontend\node_modules\jsdom\lib\jsdom\living\documents.js",".js","13"
"C:\Projects\E-Commerce\frontend\node_modules\jsdom\lib\jsdom\living\interfaces.js",".js","191"
"C:\Projects\E-Commerce\frontend\node_modules\jsdom\lib\jsdom\living\named-properties-window.js",".js","112"
"C:\Projects\E-Commerce\frontend\node_modules\jsdom\lib\jsdom\living\node-document-position.js",".js","9"
"C:\Projects\E-Commerce\frontend\node_modules\jsdom\lib\jsdom\living\node-type.js",".js","15"
"C:\Projects\E-Commerce\frontend\node_modules\jsdom\lib\jsdom\living\node.js",".js","274"
"C:\Projects\E-Commerce\frontend\node_modules\jsdom\lib\jsdom\living\post-message.js",".js","34"
"C:\Projects\E-Commerce\frontend\node_modules\jsdom\lib\jsdom\named-properties-tracker.js",".js","134"
"C:\Projects\E-Commerce\frontend\node_modules\jsdom\lib\jsdom\utils.js",".js","139"
"C:\Projects\E-Commerce\frontend\node_modules\jsdom\lib\jsdom\virtual-console.js",".js","28"
"C:\Projects\E-Commerce\frontend\node_modules\jsdom\lib\jsdom\vm-shim.js",".js","89"
"C:\Projects\E-Commerce\frontend\node_modules\jsdom\lib\api.js",".js","265"
"C:\Projects\E-Commerce\frontend\node_modules\jsdom\LICENSE.txt",".txt","19"
"C:\Projects\E-Commerce\frontend\node_modules\jsdom\package.json",".json","116"
"C:\Projects\E-Commerce\frontend\node_modules\jsdom\README.md",".md","344"
"C:\Projects\E-Commerce\frontend\node_modules\lilconfig\src\index.d.ts",".ts","54"
"C:\Projects\E-Commerce\frontend\node_modules\lilconfig\src\index.js",".js","417"
"C:\Projects\E-Commerce\frontend\node_modules\lilconfig\LICENSE","","17"
"C:\Projects\E-Commerce\frontend\node_modules\lilconfig\package.json",".json","42"
"C:\Projects\E-Commerce\frontend\node_modules\lilconfig\readme.md",".md","75"
"C:\Projects\E-Commerce\frontend\node_modules\lines-and-columns\build\index.d.ts",".ts","13"
"C:\Projects\E-Commerce\frontend\node_modules\lines-and-columns\build\index.js",".js","62"
"C:\Projects\E-Commerce\frontend\node_modules\lines-and-columns\LICENSE","","17"
"C:\Projects\E-Commerce\frontend\node_modules\lines-and-columns\package.json",".json","49"
"C:\Projects\E-Commerce\frontend\node_modules\lines-and-columns\README.md",".md","23"
"C:\Projects\E-Commerce\frontend\node_modules\loose-envify\cli.js",".js","14"
"C:\Projects\E-Commerce\frontend\node_modules\loose-envify\custom.js",".js","3"
"C:\Projects\E-Commerce\frontend\node_modules\loose-envify\index.js",".js","2"
"C:\Projects\E-Commerce\frontend\node_modules\loose-envify\LICENSE","","17"
"C:\Projects\E-Commerce\frontend\node_modules\loose-envify\loose-envify.js",".js","30"
"C:\Projects\E-Commerce\frontend\node_modules\loose-envify\package.json",".json","36"
"C:\Projects\E-Commerce\frontend\node_modules\loose-envify\README.md",".md","34"
"C:\Projects\E-Commerce\frontend\node_modules\loose-envify\replace.js",".js","55"
"C:\Projects\E-Commerce\frontend\node_modules\math-intrinsics\.github\FUNDING.yml",".yml","11"
"C:\Projects\E-Commerce\frontend\node_modules\math-intrinsics\constants\maxArrayLength.d.ts",".ts","2"
"C:\Projects\E-Commerce\frontend\node_modules\math-intrinsics\constants\maxArrayLength.js",".js","3"
"C:\Projects\E-Commerce\frontend\node_modules\math-intrinsics\constants\maxSafeInteger.d.ts",".ts","2"
"C:\Projects\E-Commerce\frontend\node_modules\math-intrinsics\constants\maxSafeInteger.js",".js","4"
"C:\Projects\E-Commerce\frontend\node_modules\math-intrinsics\constants\maxValue.d.ts",".ts","2"
"C:\Projects\E-Commerce\frontend\node_modules\math-intrinsics\constants\maxValue.js",".js","4"
"C:\Projects\E-Commerce\frontend\node_modules\math-intrinsics\test\index.js",".js","160"
"C:\Projects\E-Commerce\frontend\node_modules\math-intrinsics\.eslintrc",".eslintrc","14"
"C:\Projects\E-Commerce\frontend\node_modules\math-intrinsics\abs.d.ts",".ts","1"
"C:\Projects\E-Commerce\frontend\node_modules\math-intrinsics\abs.js",".js","3"
"C:\Projects\E-Commerce\frontend\node_modules\math-intrinsics\CHANGELOG.md",".md","16"
"C:\Projects\E-Commerce\frontend\node_modules\math-intrinsics\floor.d.ts",".ts","1"
"C:\Projects\E-Commerce\frontend\node_modules\math-intrinsics\floor.js",".js","3"
"C:\Projects\E-Commerce\frontend\node_modules\math-intrinsics\isFinite.d.ts",".ts","2"
"C:\Projects\E-Commerce\frontend\node_modules\math-intrinsics\isFinite.js",".js","9"
"C:\Projects\E-Commerce\frontend\node_modules\math-intrinsics\isInteger.d.ts",".ts","2"
"C:\Projects\E-Commerce\frontend\node_modules\math-intrinsics\isInteger.js",".js","13"
"C:\Projects\E-Commerce\frontend\node_modules\math-intrinsics\isNaN.d.ts",".ts","1"
"C:\Projects\E-Commerce\frontend\node_modules\math-intrinsics\isNaN.js",".js","5"
"C:\Projects\E-Commerce\frontend\node_modules\math-intrinsics\isNegativeZero.d.ts",".ts","2"
"C:\Projects\E-Commerce\frontend\node_modules\math-intrinsics\isNegativeZero.js",".js","5"
"C:\Projects\E-Commerce\frontend\node_modules\math-intrinsics\LICENSE","","17"
"C:\Projects\E-Commerce\frontend\node_modules\math-intrinsics\max.d.ts",".ts","1"
"C:\Projects\E-Commerce\frontend\node_modules\math-intrinsics\max.js",".js","3"
"C:\Projects\E-Commerce\frontend\node_modules\math-intrinsics\min.d.ts",".ts","1"
"C:\Projects\E-Commerce\frontend\node_modules\math-intrinsics\min.js",".js","3"
"C:\Projects\E-Commerce\frontend\node_modules\math-intrinsics\mod.d.ts",".ts","2"
"C:\Projects\E-Commerce\frontend\node_modules\math-intrinsics\mod.js",".js","7"
"C:\Projects\E-Commerce\frontend\node_modules\math-intrinsics\package.json",".json","86"
"C:\Projects\E-Commerce\frontend\node_modules\math-intrinsics\pow.d.ts",".ts","1"
"C:\Projects\E-Commerce\frontend\node_modules\math-intrinsics\pow.js",".js","3"
"C:\Projects\E-Commerce\frontend\node_modules\math-intrinsics\README.md",".md","41"
"C:\Projects\E-Commerce\frontend\node_modules\math-intrinsics\round.d.ts",".ts","1"
"C:\Projects\E-Commerce\frontend\node_modules\math-intrinsics\round.js",".js","3"
"C:\Projects\E-Commerce\frontend\node_modules\math-intrinsics\sign.d.ts",".ts","2"
"C:\Projects\E-Commerce\frontend\node_modules\math-intrinsics\sign.js",".js","9"
"C:\Projects\E-Commerce\frontend\node_modules\math-intrinsics\tsconfig.json",".json","3"
"C:\Projects\E-Commerce\frontend\node_modules\merge2\index.js",".js","125"
"C:\Projects\E-Commerce\frontend\node_modules\merge2\LICENSE","","17"
"C:\Projects\E-Commerce\frontend\node_modules\merge2\package.json",".json","43"
"C:\Projects\E-Commerce\frontend\node_modules\merge2\README.md",".md","105"
"C:\Projects\E-Commerce\frontend\node_modules\micromatch\index.js",".js","415"
"C:\Projects\E-Commerce\frontend\node_modules\micromatch\LICENSE","","17"
"C:\Projects\E-Commerce\frontend\node_modules\micromatch\package.json",".json","119"
"C:\Projects\E-Commerce\frontend\node_modules\micromatch\README.md",".md","711"
"C:\Projects\E-Commerce\frontend\node_modules\mime-db\db.json",".json","8519"
"C:\Projects\E-Commerce\frontend\node_modules\mime-db\HISTORY.md",".md","386"
"C:\Projects\E-Commerce\frontend\node_modules\mime-db\index.js",".js","10"
"C:\Projects\E-Commerce\frontend\node_modules\mime-db\LICENSE","","19"
"C:\Projects\E-Commerce\frontend\node_modules\mime-db\package.json",".json","60"
"C:\Projects\E-Commerce\frontend\node_modules\mime-db\README.md",".md","76"
"C:\Projects\E-Commerce\frontend\node_modules\mime-types\HISTORY.md",".md","288"
"C:\Projects\E-Commerce\frontend\node_modules\mime-types\index.js",".js","148"
"C:\Projects\E-Commerce\frontend\node_modules\mime-types\LICENSE","","19"
"C:\Projects\E-Commerce\frontend\node_modules\mime-types\package.json",".json","44"
"C:\Projects\E-Commerce\frontend\node_modules\mime-types\README.md",".md","79"
"C:\Projects\E-Commerce\frontend\node_modules\motion-dom\dist\cjs\index.js",".js","10808"
"C:\Projects\E-Commerce\frontend\node_modules\motion-dom\dist\cjs\index.js.map",".map","1"
"C:\Projects\E-Commerce\frontend\node_modules\motion-dom\dist\es\animation\animate\single-value.mjs",".mjs","10"
"C:\Projects\E-Commerce\frontend\node_modules\motion-dom\dist\es\animation\animate\single-value.mjs.map",".map","1"
"C:\Projects\E-Commerce\frontend\node_modules\motion-dom\dist\es\animation\drivers\frame.mjs",".mjs","16"
"C:\Projects\E-Commerce\frontend\node_modules\motion-dom\dist\es\animation\drivers\frame.mjs.map",".map","1"
"C:\Projects\E-Commerce\frontend\node_modules\motion-dom\dist\es\animation\generators\utils\calc-duration.mjs",".mjs","17"
"C:\Projects\E-Commerce\frontend\node_modules\motion-dom\dist\es\animation\generators\utils\calc-duration.mjs.map",".map","1"
"C:\Projects\E-Commerce\frontend\node_modules\motion-dom\dist\es\animation\generators\utils\create-generator-easing.mjs",".mjs","18"
"C:\Projects\E-Commerce\frontend\node_modules\motion-dom\dist\es\animation\generators\utils\create-generator-easing.mjs.map",".map","1"
"C:\Projects\E-Commerce\frontend\node_modules\motion-dom\dist\es\animation\generators\utils\is-generator.mjs",".mjs","5"
"C:\Projects\E-Commerce\frontend\node_modules\motion-dom\dist\es\animation\generators\utils\is-generator.mjs.map",".map","1"
"C:\Projects\E-Commerce\frontend\node_modules\motion-dom\dist\es\animation\generators\utils\velocity.mjs",".mjs","8"
"C:\Projects\E-Commerce\frontend\node_modules\motion-dom\dist\es\animation\generators\utils\velocity.mjs.map",".map","1"
"C:\Projects\E-Commerce\frontend\node_modules\motion-dom\dist\es\animation\generators\inertia.mjs",".mjs","86"
"C:\Projects\E-Commerce\frontend\node_modules\motion-dom\dist\es\animation\generators\inertia.mjs.map",".map","1"
"C:\Projects\E-Commerce\frontend\node_modules\motion-dom\dist\es\animation\generators\keyframes.mjs",".mjs","48"
"C:\Projects\E-Commerce\frontend\node_modules\motion-dom\dist\es\animation\generators\keyframes.mjs.map",".map","1"
"C:\Projects\E-Commerce\frontend\node_modules\motion-dom\dist\es\animation\generators\spring.mjs",".mjs","327"
"C:\Projects\E-Commerce\frontend\node_modules\motion-dom\dist\es\animation\generators\spring.mjs.map",".map","1"
"C:\Projects\E-Commerce\frontend\node_modules\motion-dom\dist\es\animation\interfaces\motion-value.mjs",".mjs","103"
"C:\Projects\E-Commerce\frontend\node_modules\motion-dom\dist\es\animation\interfaces\motion-value.mjs.map",".map","1"
"C:\Projects\E-Commerce\frontend\node_modules\motion-dom\dist\es\animation\interfaces\visual-element-target.mjs",".mjs","107"
"C:\Projects\E-Commerce\frontend\node_modules\motion-dom\dist\es\animation\interfaces\visual-element-target.mjs.map",".map","1"
"C:\Projects\E-Commerce\frontend\node_modules\motion-dom\dist\es\animation\interfaces\visual-element-variant.mjs",".mjs","58"
"C:\Projects\E-Commerce\frontend\node_modules\motion-dom\dist\es\animation\interfaces\visual-element-variant.mjs.map",".map","1"
"C:\Projects\E-Commerce\frontend\node_modules\motion-dom\dist\es\animation\interfaces\visual-element.mjs",".mjs","25"
"C:\Projects\E-Commerce\frontend\node_modules\motion-dom\dist\es\animation\interfaces\visual-element.mjs.map",".map","1"
"C:\Projects\E-Commerce\frontend\node_modules\motion-dom\dist\es\animation\keyframes\offsets\default.mjs",".mjs","8"
"C:\Projects\E-Commerce\frontend\node_modules\motion-dom\dist\es\animation\keyframes\offsets\default.mjs.map",".map","1"
"C:\Projects\E-Commerce\frontend\node_modules\motion-dom\dist\es\animation\keyframes\offsets\fill.mjs",".mjs","11"
"C:\Projects\E-Commerce\frontend\node_modules\motion-dom\dist\es\animation\keyframes\offsets\fill.mjs.map",".map","1"
"C:\Projects\E-Commerce\frontend\node_modules\motion-dom\dist\es\animation\keyframes\offsets\time.mjs",".mjs","5"
"C:\Projects\E-Commerce\frontend\node_modules\motion-dom\dist\es\animation\keyframes\offsets\time.mjs.map",".map","1"
"C:\Projects\E-Commerce\frontend\node_modules\motion-dom\dist\es\animation\keyframes\utils\apply-px-defaults.mjs",".mjs","10"
"C:\Projects\E-Commerce\frontend\node_modules\motion-dom\dist\es\animation\keyframes\utils\apply-px-defaults.mjs.map",".map","1"
"C:\Projects\E-Commerce\frontend\node_modules\motion-dom\dist\es\animation\keyframes\utils\fill-wildcards.mjs",".mjs","7"
"C:\Projects\E-Commerce\frontend\node_modules\motion-dom\dist\es\animation\keyframes\utils\fill-wildcards.mjs.map",".map","1"
"C:\Projects\E-Commerce\frontend\node_modules\motion-dom\dist\es\animation\keyframes\utils\is-none.mjs",".mjs","14"
"C:\Projects\E-Commerce\frontend\node_modules\motion-dom\dist\es\animation\keyframes\utils\is-none.mjs.map",".map","1"
"C:\Projects\E-Commerce\frontend\node_modules\motion-dom\dist\es\animation\keyframes\utils\make-none-animatable.mjs",".mjs","29"
"C:\Projects\E-Commerce\frontend\node_modules\motion-dom\dist\es\animation\keyframes\utils\make-none-animatable.mjs.map",".map","1"
"C:\Projects\E-Commerce\frontend\node_modules\motion-dom\dist\es\animation\keyframes\utils\unit-conversion.mjs",".mjs","45"
"C:\Projects\E-Commerce\frontend\node_modules\motion-dom\dist\es\animation\keyframes\utils\unit-conversion.mjs.map",".map","1"
"C:\Projects\E-Commerce\frontend\node_modules\motion-dom\dist\es\animation\keyframes\DOMKeyframesResolver.mjs",".mjs","140"
"C:\Projects\E-Commerce\frontend\node_modules\motion-dom\dist\es\animation\keyframes\DOMKeyframesResolver.mjs.map",".map","1"
"C:\Projects\E-Commerce\frontend\node_modules\motion-dom\dist\es\animation\keyframes\get-final.mjs",".mjs","11"
"C:\Projects\E-Commerce\frontend\node_modules\motion-dom\dist\es\animation\keyframes\get-final.mjs.map",".map","1"
"C:\Projects\E-Commerce\frontend\node_modules\motion-dom\dist\es\animation\keyframes\KeyframesResolver.mjs",".mjs","146"
"C:\Projects\E-Commerce\frontend\node_modules\motion-dom\dist\es\animation\keyframes\KeyframesResolver.mjs.map",".map","1"
"C:\Projects\E-Commerce\frontend\node_modules\motion-dom\dist\es\animation\optimized-appear\data-id.mjs",".mjs","5"
"C:\Projects\E-Commerce\frontend\node_modules\motion-dom\dist\es\animation\optimized-appear\data-id.mjs.map",".map","1"
"C:\Projects\E-Commerce\frontend\node_modules\motion-dom\dist\es\animation\optimized-appear\get-appear-id.mjs",".mjs","6"
"C:\Projects\E-Commerce\frontend\node_modules\motion-dom\dist\es\animation\optimized-appear\get-appear-id.mjs.map",".map","1"
"C:\Projects\E-Commerce\frontend\node_modules\motion-dom\dist\es\animation\utils\active-animations.mjs",".mjs","12"
"C:\Projects\E-Commerce\frontend\node_modules\motion-dom\dist\es\animation\utils\active-animations.mjs.map",".map","1"
"C:\Projects\E-Commerce\frontend\node_modules\motion-dom\dist\es\animation\utils\arc.mjs",".mjs","186"
"C:\Projects\E-Commerce\frontend\node_modules\motion-dom\dist\es\animation\utils\arc.mjs.map",".map","1"
"C:\Projects\E-Commerce\frontend\node_modules\motion-dom\dist\es\animation\utils\calc-child-stagger.mjs",".mjs","15"
"C:\Projects\E-Commerce\frontend\node_modules\motion-dom\dist\es\animation\utils\calc-child-stagger.mjs.map",".map","1"
"C:\Projects\E-Commerce\frontend\node_modules\motion-dom\dist\es\animation\utils\can-animate.mjs",".mjs","42"
"C:\Projects\E-Commerce\frontend\node_modules\motion-dom\dist\es\animation\utils\can-animate.mjs.map",".map","1"
"C:\Projects\E-Commerce\frontend\node_modules\motion-dom\dist\es\animation\utils\css-variables-conversion.mjs",".mjs","40"
"C:\Projects\E-Commerce\frontend\node_modules\motion-dom\dist\es\animation\utils\css-variables-conversion.mjs.map",".map","1"
"C:\Projects\E-Commerce\frontend\node_modules\motion-dom\dist\es\animation\utils\default-transitions.mjs",".mjs","39"
"C:\Projects\E-Commerce\frontend\node_modules\motion-dom\dist\es\animation\utils\default-transitions.mjs.map",".map","1"
"C:\Projects\E-Commerce\frontend\node_modules\motion-dom\dist\es\animation\utils\get-value-transition.mjs",".mjs","12"
"C:\Projects\E-Commerce\frontend\node_modules\motion-dom\dist\es\animation\utils\get-value-transition.mjs.map",".map","1"
"C:\Projects\E-Commerce\frontend\node_modules\motion-dom\dist\es\animation\utils\is-animatable.mjs",".mjs","29"
"C:\Projects\E-Commerce\frontend\node_modules\motion-dom\dist\es\animation\utils\is-animatable.mjs.map",".map","1"
"C:\Projects\E-Commerce\frontend\node_modules\motion-dom\dist\es\animation\utils\is-css-variable.mjs",".mjs","26"
"C:\Projects\E-Commerce\frontend\node_modules\motion-dom\dist\es\animation\utils\is-css-variable.mjs.map",".map","1"
"C:\Projects\E-Commerce\frontend\node_modules\motion-dom\dist\es\animation\utils\is-transition-defined.mjs",".mjs","26"
"C:\Projects\E-Commerce\frontend\node_modules\motion-dom\dist\es\animation\utils\is-transition-defined.mjs.map",".map","1"
"C:\Projects\E-Commerce\frontend\node_modules\motion-dom\dist\es\animation\utils\make-animation-instant.mjs",".mjs","6"
"C:\Projects\E-Commerce\frontend\node_modules\motion-dom\dist\es\animation\utils\make-animation-instant.mjs.map",".map","1"
"C:\Projects\E-Commerce\frontend\node_modules\motion-dom\dist\es\animation\utils\replace-transition-type.mjs",".mjs","17"
"C:\Projects\E-Commerce\frontend\node_modules\motion-dom\dist\es\animation\utils\replace-transition-type.mjs.map",".map","1"
"C:\Projects\E-Commerce\frontend\node_modules\motion-dom\dist\es\animation\utils\resolve-transition.mjs",".mjs","14"
"C:\Projects\E-Commerce\frontend\node_modules\motion-dom\dist\es\animation\utils\resolve-transition.mjs.map",".map","1"
"C:\Projects\E-Commerce\frontend\node_modules\motion-dom\dist\es\animation\utils\WithPromise.mjs",".mjs","26"
"C:\Projects\E-Commerce\frontend\node_modules\motion-dom\dist\es\animation\utils\WithPromise.mjs.map",".map","1"
"C:\Projects\E-Commerce\frontend\node_modules\motion-dom\dist\es\animation\waapi\easing\cubic-bezier.mjs",".mjs","3"
"C:\Projects\E-Commerce\frontend\node_modules\motion-dom\dist\es\animation\waapi\easing\cubic-bezier.mjs.map",".map","1"
"C:\Projects\E-Commerce\frontend\node_modules\motion-dom\dist\es\animation\waapi\easing\is-supported.mjs",".mjs","13"
"C:\Projects\E-Commerce\frontend\node_modules\motion-dom\dist\es\animation\waapi\easing\is-supported.mjs.map",".map","1"
"C:\Projects\E-Commerce\frontend\node_modules\motion-dom\dist\es\animation\waapi\easing\map-easing.mjs",".mjs","27"
"C:\Projects\E-Commerce\frontend\node_modules\motion-dom\dist\es\animation\waapi\easing\map-easing.mjs.map",".map","1"
"C:\Projects\E-Commerce\frontend\node_modules\motion-dom\dist\es\animation\waapi\easing\supported.mjs",".mjs","14"
"C:\Projects\E-Commerce\frontend\node_modules\motion-dom\dist\es\animation\waapi\easing\supported.mjs.map",".map","1"
"C:\Projects\E-Commerce\frontend\node_modules\motion-dom\dist\es\animation\waapi\supports\partial-keyframes.mjs",".mjs","12"
"C:\Projects\E-Commerce\frontend\node_modules\motion-dom\dist\es\animation\waapi\supports\partial-keyframes.mjs.map",".map","1"
"C:\Projects\E-Commerce\frontend\node_modules\motion-dom\dist\es\animation\waapi\supports\waapi.mjs",".mjs","53"
"C:\Projects\E-Commerce\frontend\node_modules\motion-dom\dist\es\animation\waapi\supports\waapi.mjs.map",".map","1"
"C:\Projects\E-Commerce\frontend\node_modules\motion-dom\dist\es\animation\waapi\utils\accelerated-values.mjs",".mjs","12"
"C:\Projects\E-Commerce\frontend\node_modules\motion-dom\dist\es\animation\waapi\utils\accelerated-values.mjs.map",".map","1"
"C:\Projects\E-Commerce\frontend\node_modules\motion-dom\dist\es\animation\waapi\utils\apply-generator.mjs",".mjs","14"
"C:\Projects\E-Commerce\frontend\node_modules\motion-dom\dist\es\animation\waapi\utils\apply-generator.mjs.map",".map","1"
"C:\Projects\E-Commerce\frontend\node_modules\motion-dom\dist\es\animation\waapi\utils\is-browser-color.mjs",".mjs","12"
"C:\Projects\E-Commerce\frontend\node_modules\motion-dom\dist\es\animation\waapi\utils\is-browser-color.mjs.map",".map","1"
"C:\Projects\E-Commerce\frontend\node_modules\motion-dom\dist\es\animation\waapi\utils\linear.mjs",".mjs","12"
"C:\Projects\E-Commerce\frontend\node_modules\motion-dom\dist\es\animation\waapi\utils\linear.mjs.map",".map","1"
"C:\Projects\E-Commerce\frontend\node_modules\motion-dom\dist\es\animation\waapi\utils\px-values.mjs",".mjs","57"
"C:\Projects\E-Commerce\frontend\node_modules\motion-dom\dist\es\animation\waapi\utils\px-values.mjs.map",".map","1"
"C:\Projects\E-Commerce\frontend\node_modules\motion-dom\dist\es\animation\waapi\utils\unsupported-easing.mjs",".mjs","17"
"C:\Projects\E-Commerce\frontend\node_modules\motion-dom\dist\es\animation\waapi\utils\unsupported-easing.mjs.map",".map","1"
"C:\Projects\E-Commerce\frontend\node_modules\motion-dom\dist\es\animation\waapi\start-waapi-animation.mjs",".mjs","27"
"C:\Projects\E-Commerce\frontend\node_modules\motion-dom\dist\es\animation\waapi\start-waapi-animation.mjs.map",".map","1"
"C:\Projects\E-Commerce\frontend\node_modules\motion-dom\dist\es\animation\AsyncMotionValueAnimation.mjs",".mjs","197"
"C:\Projects\E-Commerce\frontend\node_modules\motion-dom\dist\es\animation\AsyncMotionValueAnimation.mjs.map",".map","1"
"C:\Projects\E-Commerce\frontend\node_modules\motion-dom\dist\es\animation\GroupAnimation.mjs",".mjs","81"
"C:\Projects\E-Commerce\frontend\node_modules\motion-dom\dist\es\animation\GroupAnimation.mjs.map",".map","1"
"C:\Projects\E-Commerce\frontend\node_modules\motion-dom\dist\es\animation\GroupAnimationWithThen.mjs",".mjs","8"
"C:\Projects\E-Commerce\frontend\node_modules\motion-dom\dist\es\animation\GroupAnimationWithThen.mjs.map",".map","1"
"C:\Projects\E-Commerce\frontend\node_modules\motion-dom\dist\es\animation\JSAnimation.mjs",".mjs","385"
"C:\Projects\E-Commerce\frontend\node_modules\motion-dom\dist\es\animation\JSAnimation.mjs.map",".map","1"
"C:\Projects\E-Commerce\frontend\node_modules\motion-dom\dist\es\animation\NativeAnimation.mjs",".mjs","177"
"C:\Projects\E-Commerce\frontend\node_modules\motion-dom\dist\es\animation\NativeAnimation.mjs.map",".map","1"
"C:\Projects\E-Commerce\frontend\node_modules\motion-dom\dist\es\animation\NativeAnimationExtended.mjs",".mjs","86"
"C:\Projects\E-Commerce\frontend\node_modules\motion-dom\dist\es\animation\NativeAnimationExtended.mjs.map",".map","1"
"C:\Projects\E-Commerce\frontend\node_modules\motion-dom\dist\es\animation\NativeAnimationWrapper.mjs",".mjs","13"
"C:\Projects\E-Commerce\frontend\node_modules\motion-dom\dist\es\animation\NativeAnimationWrapper.mjs.map",".map","1"
"C:\Projects\E-Commerce\frontend\node_modules\motion-dom\dist\es\effects\attr\index.mjs",".mjs","40"
"C:\Projects\E-Commerce\frontend\node_modules\motion-dom\dist\es\effects\attr\index.mjs.map",".map","1"
"C:\Projects\E-Commerce\frontend\node_modules\motion-dom\dist\es\effects\prop\index.mjs",".mjs","8"
"C:\Projects\E-Commerce\frontend\node_modules\motion-dom\dist\es\effects\prop\index.mjs.map",".map","1"
"C:\Projects\E-Commerce\frontend\node_modules\motion-dom\dist\es\effects\style\index.mjs",".mjs","51"
"C:\Projects\E-Commerce\frontend\node_modules\motion-dom\dist\es\effects\style\index.mjs.map",".map","1"
"C:\Projects\E-Commerce\frontend\node_modules\motion-dom\dist\es\effects\style\transform.mjs",".mjs","46"
"C:\Projects\E-Commerce\frontend\node_modules\motion-dom\dist\es\effects\style\transform.mjs.map",".map","1"
"C:\Projects\E-Commerce\frontend\node_modules\motion-dom\dist\es\effects\svg\index.mjs",".mjs","43"
"C:\Projects\E-Commerce\frontend\node_modules\motion-dom\dist\es\effects\svg\index.mjs.map",".map","1"
"C:\Projects\E-Commerce\frontend\node_modules\motion-dom\dist\es\effects\utils\create-dom-effect.mjs",".mjs","17"
"C:\Projects\E-Commerce\frontend\node_modules\motion-dom\dist\es\effects\utils\create-dom-effect.mjs.map",".map","1"
"C:\Projects\E-Commerce\frontend\node_modules\motion-dom\dist\es\effects\utils\create-effect.mjs",".mjs","20"
"C:\Projects\E-Commerce\frontend\node_modules\motion-dom\dist\es\effects\utils\create-effect.mjs.map",".map","1"
"C:\Projects\E-Commerce\frontend\node_modules\motion-dom\dist\es\effects\MotionValueState.mjs",".mjs","41"
"C:\Projects\E-Commerce\frontend\node_modules\motion-dom\dist\es\effects\MotionValueState.mjs.map",".map","1"
"C:\Projects\E-Commerce\frontend\node_modules\motion-dom\dist\es\events\add-dom-event.mjs",".mjs","6"
"C:\Projects\E-Commerce\frontend\node_modules\motion-dom\dist\es\events\add-dom-event.mjs.map",".map","1"
"C:\Projects\E-Commerce\frontend\node_modules\motion-dom\dist\es\frameloop\batcher.mjs",".mjs","71"
"C:\Projects\E-Commerce\frontend\node_modules\motion-dom\dist\es\frameloop\batcher.mjs.map",".map","1"
"C:\Projects\E-Commerce\frontend\node_modules\motion-dom\dist\es\frameloop\frame.mjs",".mjs","5"
"C:\Projects\E-Commerce\frontend\node_modules\motion-dom\dist\es\frameloop\frame.mjs.map",".map","1"
"C:\Projects\E-Commerce\frontend\node_modules\motion-dom\dist\es\frameloop\index-legacy.mjs",".mjs","19"
"C:\Projects\E-Commerce\frontend\node_modules\motion-dom\dist\es\frameloop\index-legacy.mjs.map",".map","1"
"C:\Projects\E-Commerce\frontend\node_modules\motion-dom\dist\es\frameloop\microtask.mjs",".mjs","5"
"C:\Projects\E-Commerce\frontend\node_modules\motion-dom\dist\es\frameloop\microtask.mjs.map",".map","1"
"C:\Projects\E-Commerce\frontend\node_modules\motion-dom\dist\es\frameloop\order.mjs",".mjs","12"
"C:\Projects\E-Commerce\frontend\node_modules\motion-dom\dist\es\frameloop\order.mjs.map",".map","1"
"C:\Projects\E-Commerce\frontend\node_modules\motion-dom\dist\es\frameloop\render-step.mjs",".mjs","83"
"C:\Projects\E-Commerce\frontend\node_modules\motion-dom\dist\es\frameloop\render-step.mjs.map",".map","1"
"C:\Projects\E-Commerce\frontend\node_modules\motion-dom\dist\es\frameloop\sync-time.mjs",".mjs","30"
"C:\Projects\E-Commerce\frontend\node_modules\motion-dom\dist\es\frameloop\sync-time.mjs.map",".map","1"
"C:\Projects\E-Commerce\frontend\node_modules\motion-dom\dist\es\gestures\drag\state\is-active.mjs",".mjs","9"
"C:\Projects\E-Commerce\frontend\node_modules\motion-dom\dist\es\gestures\drag\state\is-active.mjs.map",".map","1"
"C:\Projects\E-Commerce\frontend\node_modules\motion-dom\dist\es\gestures\drag\state\set-active.mjs",".mjs","27"
"C:\Projects\E-Commerce\frontend\node_modules\motion-dom\dist\es\gestures\drag\state\set-active.mjs.map",".map","1"
"C:\Projects\E-Commerce\frontend\node_modules\motion-dom\dist\es\gestures\press\utils\is-keyboard-accessible.mjs",".mjs","33"
"C:\Projects\E-Commerce\frontend\node_modules\motion-dom\dist\es\gestures\press\utils\is-keyboard-accessible.mjs.map",".map","1"
"C:\Projects\E-Commerce\frontend\node_modules\motion-dom\dist\es\gestures\press\utils\keyboard.mjs",".mjs","37"
"C:\Projects\E-Commerce\frontend\node_modules\motion-dom\dist\es\gestures\press\utils\keyboard.mjs.map",".map","1"
"C:\Projects\E-Commerce\frontend\node_modules\motion-dom\dist\es\gestures\press\utils\state.mjs",".mjs","3"
"C:\Projects\E-Commerce\frontend\node_modules\motion-dom\dist\es\gestures\press\utils\state.mjs.map",".map","1"
"C:\Projects\E-Commerce\frontend\node_modules\motion-dom\dist\es\gestures\press\index.mjs",".mjs","95"
"C:\Projects\E-Commerce\frontend\node_modules\motion-dom\dist\es\gestures\press\index.mjs.map",".map","1"
"C:\Projects\E-Commerce\frontend\node_modules\motion-dom\dist\es\gestures\utils\is-node-or-child.mjs",".mjs","20"
"C:\Projects\E-Commerce\frontend\node_modules\motion-dom\dist\es\gestures\utils\is-node-or-child.mjs.map",".map","1"
"C:\Projects\E-Commerce\frontend\node_modules\motion-dom\dist\es\gestures\utils\is-primary-pointer.mjs",".mjs","18"
"C:\Projects\E-Commerce\frontend\node_modules\motion-dom\dist\es\gestures\utils\is-primary-pointer.mjs.map",".map","1"
"C:\Projects\E-Commerce\frontend\node_modules\motion-dom\dist\es\gestures\utils\setup.mjs",".mjs","14"
"C:\Projects\E-Commerce\frontend\node_modules\motion-dom\dist\es\gestures\utils\setup.mjs.map",".map","1"
"C:\Projects\E-Commerce\frontend\node_modules\motion-dom\dist\es\gestures\hover.mjs",".mjs","68"
"C:\Projects\E-Commerce\frontend\node_modules\motion-dom\dist\es\gestures\hover.mjs.map",".map","1"
"C:\Projects\E-Commerce\frontend\node_modules\motion-dom\dist\es\layout\LayoutAnimationBuilder.mjs",".mjs","352"
"C:\Projects\E-Commerce\frontend\node_modules\motion-dom\dist\es\layout\LayoutAnimationBuilder.mjs.map",".map","1"
"C:\Projects\E-Commerce\frontend\node_modules\motion-dom\dist\es\projection\animation\mix-values.mjs",".mjs","65"
"C:\Projects\E-Commerce\frontend\node_modules\motion-dom\dist\es\projection\animation\mix-values.mjs.map",".map","1"
"C:\Projects\E-Commerce\frontend\node_modules\motion-dom\dist\es\projection\geometry\conversion.mjs",".mjs","33"
"C:\Projects\E-Commerce\frontend\node_modules\motion-dom\dist\es\projection\geometry\conversion.mjs.map",".map","1"
"C:\Projects\E-Commerce\frontend\node_modules\motion-dom\dist\es\projection\geometry\copy.mjs",".mjs","31"
"C:\Projects\E-Commerce\frontend\node_modules\motion-dom\dist\es\projection\geometry\copy.mjs.map",".map","1"
"C:\Projects\E-Commerce\frontend\node_modules\motion-dom\dist\es\projection\geometry\delta-apply.mjs",".mjs","123"
"C:\Projects\E-Commerce\frontend\node_modules\motion-dom\dist\es\projection\geometry\delta-apply.mjs.map",".map","1"
"C:\Projects\E-Commerce\frontend\node_modules\motion-dom\dist\es\projection\geometry\delta-calc.mjs",".mjs","57"
"C:\Projects\E-Commerce\frontend\node_modules\motion-dom\dist\es\projection\geometry\delta-calc.mjs.map",".map","1"
"C:\Projects\E-Commerce\frontend\node_modules\motion-dom\dist\es\projection\geometry\delta-remove.mjs",".mjs","53"
"C:\Projects\E-Commerce\frontend\node_modules\motion-dom\dist\es\projection\geometry\delta-remove.mjs.map",".map","1"
"C:\Projects\E-Commerce\frontend\node_modules\motion-dom\dist\es\projection\geometry\models.mjs",".mjs","17"
"C:\Projects\E-Commerce\frontend\node_modules\motion-dom\dist\es\projection\geometry\models.mjs.map",".map","1"
"C:\Projects\E-Commerce\frontend\node_modules\motion-dom\dist\es\projection\geometry\utils.mjs",".mjs","30"
"C:\Projects\E-Commerce\frontend\node_modules\motion-dom\dist\es\projection\geometry\utils.mjs.map",".map","1"
"C:\Projects\E-Commerce\frontend\node_modules\motion-dom\dist\es\projection\node\create-projection-node.mjs",".mjs","1693"
"C:\Projects\E-Commerce\frontend\node_modules\motion-dom\dist\es\projection\node\create-projection-node.mjs.map",".map","1"
"C:\Projects\E-Commerce\frontend\node_modules\motion-dom\dist\es\projection\node\DocumentProjectionNode.mjs",".mjs","12"
"C:\Projects\E-Commerce\frontend\node_modules\motion-dom\dist\es\projection\node\DocumentProjectionNode.mjs.map",".map","1"
"C:\Projects\E-Commerce\frontend\node_modules\motion-dom\dist\es\projection\node\group.mjs",".mjs","24"
"C:\Projects\E-Commerce\frontend\node_modules\motion-dom\dist\es\projection\node\group.mjs.map",".map","1"
"C:\Projects\E-Commerce\frontend\node_modules\motion-dom\dist\es\projection\node\HTMLProjectionNode.mjs",".mjs","26"
"C:\Projects\E-Commerce\frontend\node_modules\motion-dom\dist\es\projection\node\HTMLProjectionNode.mjs.map",".map","1"
"C:\Projects\E-Commerce\frontend\node_modules\motion-dom\dist\es\projection\node\state.mjs",".mjs","19"
"C:\Projects\E-Commerce\frontend\node_modules\motion-dom\dist\es\projection\node\state.mjs.map",".map","1"
"C:\Projects\E-Commerce\frontend\node_modules\motion-dom\dist\es\projection\shared\stack.mjs",".mjs","83"
"C:\Projects\E-Commerce\frontend\node_modules\motion-dom\dist\es\projection\shared\stack.mjs.map",".map","1"
"C:\Projects\E-Commerce\frontend\node_modules\motion-dom\dist\es\projection\styles\scale-border-radius.mjs",".mjs","40"
"C:\Projects\E-Commerce\frontend\node_modules\motion-dom\dist\es\projection\styles\scale-border-radius.mjs.map",".map","1"
"C:\Projects\E-Commerce\frontend\node_modules\motion-dom\dist\es\projection\styles\scale-box-shadow.mjs",".mjs","34"
"C:\Projects\E-Commerce\frontend\node_modules\motion-dom\dist\es\projection\styles\scale-box-shadow.mjs.map",".map","1"
"C:\Projects\E-Commerce\frontend\node_modules\motion-dom\dist\es\projection\styles\scale-correction.mjs",".mjs","25"
"C:\Projects\E-Commerce\frontend\node_modules\motion-dom\dist\es\projection\styles\scale-correction.mjs.map",".map","1"
"C:\Projects\E-Commerce\frontend\node_modules\motion-dom\dist\es\projection\styles\transform.mjs",".mjs","52"
"C:\Projects\E-Commerce\frontend\node_modules\motion-dom\dist\es\projection\styles\transform.mjs.map",".map","1"
"C:\Projects\E-Commerce\frontend\node_modules\motion-dom\dist\es\projection\utils\compare-by-depth.mjs",".mjs","3"
"C:\Projects\E-Commerce\frontend\node_modules\motion-dom\dist\es\projection\utils\compare-by-depth.mjs.map",".map","1"
"C:\Projects\E-Commerce\frontend\node_modules\motion-dom\dist\es\projection\utils\each-axis.mjs",".mjs","5"
"C:\Projects\E-Commerce\frontend\node_modules\motion-dom\dist\es\projection\utils\each-axis.mjs.map",".map","1"
"C:\Projects\E-Commerce\frontend\node_modules\motion-dom\dist\es\projection\utils\flat-tree.mjs",".mjs","23"
"C:\Projects\E-Commerce\frontend\node_modules\motion-dom\dist\es\projection\utils\flat-tree.mjs.map",".map","1"
"C:\Projects\E-Commerce\frontend\node_modules\motion-dom\dist\es\projection\utils\has-transform.mjs",".mjs","26"
"C:\Projects\E-Commerce\frontend\node_modules\motion-dom\dist\es\projection\utils\has-transform.mjs.map",".map","1"
"C:\Projects\E-Commerce\frontend\node_modules\motion-dom\dist\es\projection\utils\measure.mjs",".mjs","16"
"C:\Projects\E-Commerce\frontend\node_modules\motion-dom\dist\es\projection\utils\measure.mjs.map",".map","1"
"C:\Projects\E-Commerce\frontend\node_modules\motion-dom\dist\es\render\dom\utils\camel-to-dash.mjs",".mjs","5"
"C:\Projects\E-Commerce\frontend\node_modules\motion-dom\dist\es\render\dom\utils\camel-to-dash.mjs.map",".map","1"
"C:\Projects\E-Commerce\frontend\node_modules\motion-dom\dist\es\render\dom\DOMVisualElement.mjs",".mjs","41"
"C:\Projects\E-Commerce\frontend\node_modules\motion-dom\dist\es\render\dom\DOMVisualElement.mjs.map",".map","1"
"C:\Projects\E-Commerce\frontend\node_modules\motion-dom\dist\es\render\dom\is-css-var.mjs",".mjs","3"
"C:\Projects\E-Commerce\frontend\node_modules\motion-dom\dist\es\render\dom\is-css-var.mjs.map",".map","1"
"C:\Projects\E-Commerce\frontend\node_modules\motion-dom\dist\es\render\dom\parse-transform.mjs",".mjs","83"
"C:\Projects\E-Commerce\frontend\node_modules\motion-dom\dist\es\render\dom\parse-transform.mjs.map",".map","1"
"C:\Projects\E-Commerce\frontend\node_modules\motion-dom\dist\es\render\dom\style-computed.mjs",".mjs","9"
"C:\Projects\E-Commerce\frontend\node_modules\motion-dom\dist\es\render\dom\style-computed.mjs.map",".map","1"
"C:\Projects\E-Commerce\frontend\node_modules\motion-dom\dist\es\render\dom\style-set.mjs",".mjs","8"
"C:\Projects\E-Commerce\frontend\node_modules\motion-dom\dist\es\render\dom\style-set.mjs.map",".map","1"
"C:\Projects\E-Commerce\frontend\node_modules\motion-dom\dist\es\render\html\utils\build-styles.mjs",".mjs","64"
"C:\Projects\E-Commerce\frontend\node_modules\motion-dom\dist\es\render\html\utils\build-styles.mjs.map",".map","1"
"C:\Projects\E-Commerce\frontend\node_modules\motion-dom\dist\es\render\html\utils\build-transform.mjs",".mjs","70"
"C:\Projects\E-Commerce\frontend\node_modules\motion-dom\dist\es\render\html\utils\build-transform.mjs.map",".map","1"
"C:\Projects\E-Commerce\frontend\node_modules\motion-dom\dist\es\render\html\utils\render.mjs",".mjs","17"
"C:\Projects\E-Commerce\frontend\node_modules\motion-dom\dist\es\render\html\utils\render.mjs.map",".map","1"
"C:\Projects\E-Commerce\frontend\node_modules\motion-dom\dist\es\render\html\utils\scrape-motion-values.mjs",".mjs","20"
"C:\Projects\E-Commerce\frontend\node_modules\motion-dom\dist\es\render\html\utils\scrape-motion-values.mjs.map",".map","1"
"C:\Projects\E-Commerce\frontend\node_modules\motion-dom\dist\es\render\html\HTMLVisualElement.mjs",".mjs","53"
"C:\Projects\E-Commerce\frontend\node_modules\motion-dom\dist\es\render\html\HTMLVisualElement.mjs.map",".map","1"
"C:\Projects\E-Commerce\frontend\node_modules\motion-dom\dist\es\render\object\ObjectVisualElement.mjs",".mjs","40"
"C:\Projects\E-Commerce\frontend\node_modules\motion-dom\dist\es\render\object\ObjectVisualElement.mjs.map",".map","1"
"C:\Projects\E-Commerce\frontend\node_modules\motion-dom\dist\es\render\svg\utils\build-attrs.mjs",".mjs","62"
"C:\Projects\E-Commerce\frontend\node_modules\motion-dom\dist\es\render\svg\utils\build-attrs.mjs.map",".map","1"
"C:\Projects\E-Commerce\frontend\node_modules\motion-dom\dist\es\render\svg\utils\camel-case-attrs.mjs",".mjs","30"
"C:\Projects\E-Commerce\frontend\node_modules\motion-dom\dist\es\render\svg\utils\camel-case-attrs.mjs.map",".map","1"
"C:\Projects\E-Commerce\frontend\node_modules\motion-dom\dist\es\render\svg\utils\is-svg-tag.mjs",".mjs","3"
"C:\Projects\E-Commerce\frontend\node_modules\motion-dom\dist\es\render\svg\utils\is-svg-tag.mjs.map",".map","1"
"C:\Projects\E-Commerce\frontend\node_modules\motion-dom\dist\es\render\svg\utils\path.mjs",".mjs","31"
"C:\Projects\E-Commerce\frontend\node_modules\motion-dom\dist\es\render\svg\utils\path.mjs.map",".map","1"
"C:\Projects\E-Commerce\frontend\node_modules\motion-dom\dist\es\render\svg\utils\render.mjs",".mjs","11"
"C:\Projects\E-Commerce\frontend\node_modules\motion-dom\dist\es\render\svg\utils\render.mjs.map",".map","1"
"C:\Projects\E-Commerce\frontend\node_modules\motion-dom\dist\es\render\svg\utils\scrape-motion-values.mjs",".mjs","18"
"C:\Projects\E-Commerce\frontend\node_modules\motion-dom\dist\es\render\svg\utils\scrape-motion-values.mjs.map",".map","1"
"C:\Projects\E-Commerce\frontend\node_modules\motion-dom\dist\es\render\svg\SVGVisualElement.mjs",".mjs","50"
"C:\Projects\E-Commerce\frontend\node_modules\motion-dom\dist\es\render\svg\SVGVisualElement.mjs.map",".map","1"
"C:\Projects\E-Commerce\frontend\node_modules\motion-dom\dist\es\render\utils\reduced-motion\index.mjs",".mjs","18"
"C:\Projects\E-Commerce\frontend\node_modules\motion-dom\dist\es\render\utils\reduced-motion\index.mjs.map",".map","1"
"C:\Projects\E-Commerce\frontend\node_modules\motion-dom\dist\es\render\utils\reduced-motion\state.mjs",".mjs","5"
"C:\Projects\E-Commerce\frontend\node_modules\motion-dom\dist\es\render\utils\reduced-motion\state.mjs.map",".map","1"
"C:\Projects\E-Commerce\frontend\node_modules\motion-dom\dist\es\render\utils\animation-state.mjs",".mjs","385"
"C:\Projects\E-Commerce\frontend\node_modules\motion-dom\dist\es\render\utils\animation-state.mjs.map",".map","1"
"C:\Projects\E-Commerce\frontend\node_modules\motion-dom\dist\es\render\utils\get-variant-context.mjs",".mjs","31"
"C:\Projects\E-Commerce\frontend\node_modules\motion-dom\dist\es\render\utils\get-variant-context.mjs.map",".map","1"
"C:\Projects\E-Commerce\frontend\node_modules\motion-dom\dist\es\render\utils\is-animation-controls.mjs",".mjs","7"
"C:\Projects\E-Commerce\frontend\node_modules\motion-dom\dist\es\render\utils\is-animation-controls.mjs.map",".map","1"
"C:\Projects\E-Commerce\frontend\node_modules\motion-dom\dist\es\render\utils\is-controlling-variants.mjs",".mjs","12"
"C:\Projects\E-Commerce\frontend\node_modules\motion-dom\dist\es\render\utils\is-controlling-variants.mjs.map",".map","1"
"C:\Projects\E-Commerce\frontend\node_modules\motion-dom\dist\es\render\utils\is-forced-motion-value.mjs",".mjs","11"
"C:\Projects\E-Commerce\frontend\node_modules\motion-dom\dist\es\render\utils\is-forced-motion-value.mjs.map",".map","1"
"C:\Projects\E-Commerce\frontend\node_modules\motion-dom\dist\es\render\utils\is-keyframes-target.mjs",".mjs","5"
"C:\Projects\E-Commerce\frontend\node_modules\motion-dom\dist\es\render\utils\is-keyframes-target.mjs.map",".map","1"
"C:\Projects\E-Commerce\frontend\node_modules\motion-dom\dist\es\render\utils\is-variant-label.mjs",".mjs","8"
"C:\Projects\E-Commerce\frontend\node_modules\motion-dom\dist\es\render\utils\is-variant-label.mjs.map",".map","1"
"C:\Projects\E-Commerce\frontend\node_modules\motion-dom\dist\es\render\utils\keys-position.mjs",".mjs","12"
"C:\Projects\E-Commerce\frontend\node_modules\motion-dom\dist\es\render\utils\keys-position.mjs.map",".map","1"
"C:\Projects\E-Commerce\frontend\node_modules\motion-dom\dist\es\render\utils\keys-transform.mjs",".mjs","35"
"C:\Projects\E-Commerce\frontend\node_modules\motion-dom\dist\es\render\utils\keys-transform.mjs.map",".map","1"
"C:\Projects\E-Commerce\frontend\node_modules\motion-dom\dist\es\render\utils\motion-values.mjs",".mjs","54"
"C:\Projects\E-Commerce\frontend\node_modules\motion-dom\dist\es\render\utils\motion-values.mjs.map",".map","1"
"C:\Projects\E-Commerce\frontend\node_modules\motion-dom\dist\es\render\utils\resolve-dynamic-variants.mjs",".mjs","7"
"C:\Projects\E-Commerce\frontend\node_modules\motion-dom\dist\es\render\utils\resolve-dynamic-variants.mjs.map",".map","1"
"C:\Projects\E-Commerce\frontend\node_modules\motion-dom\dist\es\render\utils\resolve-variants.mjs",".mjs","36"
"C:\Projects\E-Commerce\frontend\node_modules\motion-dom\dist\es\render\utils\resolve-variants.mjs.map",".map","1"
"C:\Projects\E-Commerce\frontend\node_modules\motion-dom\dist\es\render\utils\setters.mjs",".mjs","30"
"C:\Projects\E-Commerce\frontend\node_modules\motion-dom\dist\es\render\utils\setters.mjs.map",".map","1"
"C:\Projects\E-Commerce\frontend\node_modules\motion-dom\dist\es\render\utils\shallow-compare.mjs",".mjs","14"
"C:\Projects\E-Commerce\frontend\node_modules\motion-dom\dist\es\render\utils\shallow-compare.mjs.map",".map","1"
"C:\Projects\E-Commerce\frontend\node_modules\motion-dom\dist\es\render\utils\variant-props.mjs",".mjs","12"
"C:\Projects\E-Commerce\frontend\node_modules\motion-dom\dist\es\render\utils\variant-props.mjs.map",".map","1"
"C:\Projects\E-Commerce\frontend\node_modules\motion-dom\dist\es\render\Feature.mjs",".mjs","14"
"C:\Projects\E-Commerce\frontend\node_modules\motion-dom\dist\es\render\Feature.mjs.map",".map","1"
"C:\Projects\E-Commerce\frontend\node_modules\motion-dom\dist\es\render\store.mjs",".mjs","3"
"C:\Projects\E-Commerce\frontend\node_modules\motion-dom\dist\es\render\store.mjs.map",".map","1"
"C:\Projects\E-Commerce\frontend\node_modules\motion-dom\dist\es\render\VisualElement.mjs",".mjs","558"
"C:\Projects\E-Commerce\frontend\node_modules\motion-dom\dist\es\render\VisualElement.mjs.map",".map","1"
"C:\Projects\E-Commerce\frontend\node_modules\motion-dom\dist\es\resize\handle-element.mjs",".mjs","62"
"C:\Projects\E-Commerce\frontend\node_modules\motion-dom\dist\es\resize\handle-element.mjs.map",".map","1"
"C:\Projects\E-Commerce\frontend\node_modules\motion-dom\dist\es\resize\handle-window.mjs",".mjs","31"
"C:\Projects\E-Commerce\frontend\node_modules\motion-dom\dist\es\resize\handle-window.mjs.map",".map","1"
"C:\Projects\E-Commerce\frontend\node_modules\motion-dom\dist\es\resize\index.mjs",".mjs","7"
"C:\Projects\E-Commerce\frontend\node_modules\motion-dom\dist\es\resize\index.mjs.map",".map","1"
"C:\Projects\E-Commerce\frontend\node_modules\motion-dom\dist\es\scroll\observe.mjs",".mjs","17"
"C:\Projects\E-Commerce\frontend\node_modules\motion-dom\dist\es\scroll\observe.mjs.map",".map","1"
"C:\Projects\E-Commerce\frontend\node_modules\motion-dom\dist\es\stats\buffer.mjs",".mjs","6"
"C:\Projects\E-Commerce\frontend\node_modules\motion-dom\dist\es\stats\buffer.mjs.map",".map","1"
"C:\Projects\E-Commerce\frontend\node_modules\motion-dom\dist\es\stats\index.mjs",".mjs","27"
"C:\Projects\E-Commerce\frontend\node_modules\motion-dom\dist\es\stats\index.mjs.map",".map","1"
"C:\Projects\E-Commerce\frontend\node_modules\motion-dom\dist\es\utils\mix\color.mjs",".mjs","46"
"C:\Projects\E-Commerce\frontend\node_modules\motion-dom\dist\es\utils\mix\color.mjs.map",".map","1"
"C:\Projects\E-Commerce\frontend\node_modules\motion-dom\dist\es\utils\mix\complex.mjs",".mjs","91"
"C:\Projects\E-Commerce\frontend\node_modules\motion-dom\dist\es\utils\mix\complex.mjs.map",".map","1"
"C:\Projects\E-Commerce\frontend\node_modules\motion-dom\dist\es\utils\mix\immediate.mjs",".mjs","5"
"C:\Projects\E-Commerce\frontend\node_modules\motion-dom\dist\es\utils\mix\immediate.mjs.map",".map","1"
"C:\Projects\E-Commerce\frontend\node_modules\motion-dom\dist\es\utils\mix\index.mjs",".mjs","13"
"C:\Projects\E-Commerce\frontend\node_modules\motion-dom\dist\es\utils\mix\index.mjs.map",".map","1"
"C:\Projects\E-Commerce\frontend\node_modules\motion-dom\dist\es\utils\mix\number.mjs",".mjs","19"
"C:\Projects\E-Commerce\frontend\node_modules\motion-dom\dist\es\utils\mix\number.mjs.map",".map","1"
"C:\Projects\E-Commerce\frontend\node_modules\motion-dom\dist\es\utils\mix\visibility.mjs",".mjs","16"
"C:\Projects\E-Commerce\frontend\node_modules\motion-dom\dist\es\utils\mix\visibility.mjs.map",".map","1"
"C:\Projects\E-Commerce\frontend\node_modules\motion-dom\dist\es\utils\supports\flags.mjs",".mjs","7"
"C:\Projects\E-Commerce\frontend\node_modules\motion-dom\dist\es\utils\supports\flags.mjs.map",".map","1"
"C:\Projects\E-Commerce\frontend\node_modules\motion-dom\dist\es\utils\supports\linear-easing.mjs",".mjs","14"
"C:\Projects\E-Commerce\frontend\node_modules\motion-dom\dist\es\utils\supports\linear-easing.mjs.map",".map","1"
"C:\Projects\E-Commerce\frontend\node_modules\motion-dom\dist\es\utils\supports\memo.mjs",".mjs","8"
"C:\Projects\E-Commerce\frontend\node_modules\motion-dom\dist\es\utils\supports\memo.mjs.map",".map","1"
"C:\Projects\E-Commerce\frontend\node_modules\motion-dom\dist\es\utils\supports\scroll-timeline.mjs",".mjs","5"
"C:\Projects\E-Commerce\frontend\node_modules\motion-dom\dist\es\utils\supports\scroll-timeline.mjs.map",".map","1"
"C:\Projects\E-Commerce\frontend\node_modules\motion-dom\dist\es\utils\border-radius.mjs",".mjs","14"
"C:\Projects\E-Commerce\frontend\node_modules\motion-dom\dist\es\utils\border-radius.mjs.map",".map","1"
"C:\Projects\E-Commerce\frontend\node_modules\motion-dom\dist\es\utils\delay.mjs",".mjs","23"
"C:\Projects\E-Commerce\frontend\node_modules\motion-dom\dist\es\utils\delay.mjs.map",".map","1"
"C:\Projects\E-Commerce\frontend\node_modules\motion-dom\dist\es\utils\interpolate.mjs",".mjs","73"
"C:\Projects\E-Commerce\frontend\node_modules\motion-dom\dist\es\utils\interpolate.mjs.map",".map","1"
"C:\Projects\E-Commerce\frontend\node_modules\motion-dom\dist\es\utils\is-html-element.mjs",".mjs","12"
"C:\Projects\E-Commerce\frontend\node_modules\motion-dom\dist\es\utils\is-html-element.mjs.map",".map","1"
"C:\Projects\E-Commerce\frontend\node_modules\motion-dom\dist\es\utils\is-svg-element.mjs",".mjs","10"
"C:\Projects\E-Commerce\frontend\node_modules\motion-dom\dist\es\utils\is-svg-element.mjs.map",".map","1"
"C:\Projects\E-Commerce\frontend\node_modules\motion-dom\dist\es\utils\is-svg-svg-element.mjs",".mjs","10"
"C:\Projects\E-Commerce\frontend\node_modules\motion-dom\dist\es\utils\is-svg-svg-element.mjs.map",".map","1"
"C:\Projects\E-Commerce\frontend\node_modules\motion-dom\dist\es\utils\resolve-elements.mjs",".mjs","20"
"C:\Projects\E-Commerce\frontend\node_modules\motion-dom\dist\es\utils\resolve-elements.mjs.map",".map","1"
"C:\Projects\E-Commerce\frontend\node_modules\motion-dom\dist\es\utils\stagger.mjs",".mjs","25"
"C:\Projects\E-Commerce\frontend\node_modules\motion-dom\dist\es\utils\stagger.mjs.map",".map","1"
"C:\Projects\E-Commerce\frontend\node_modules\motion-dom\dist\es\utils\transform.mjs",".mjs","13"
"C:\Projects\E-Commerce\frontend\node_modules\motion-dom\dist\es\utils\transform.mjs.map",".map","1"
"C:\Projects\E-Commerce\frontend\node_modules\motion-dom\dist\es\value\types\color\hex.mjs",".mjs","39"
"C:\Projects\E-Commerce\frontend\node_modules\motion-dom\dist\es\value\types\color\hex.mjs.map",".map","1"
"C:\Projects\E-Commerce\frontend\node_modules\motion-dom\dist\es\value\types\color\hsla-to-rgba.mjs",".mjs","42"
"C:\Projects\E-Commerce\frontend\node_modules\motion-dom\dist\es\value\types\color\hsla-to-rgba.mjs.map",".map","1"
"C:\Projects\E-Commerce\frontend\node_modules\motion-dom\dist\es\value\types\color\hsla.mjs",".mjs","21"
"C:\Projects\E-Commerce\frontend\node_modules\motion-dom\dist\es\value\types\color\hsla.mjs.map",".map","1"
"C:\Projects\E-Commerce\frontend\node_modules\motion-dom\dist\es\value\types\color\index.mjs",".mjs","31"
"C:\Projects\E-Commerce\frontend\node_modules\motion-dom\dist\es\value\types\color\index.mjs.map",".map","1"
"C:\Projects\E-Commerce\frontend\node_modules\motion-dom\dist\es\value\types\color\rgba.mjs",".mjs","24"
"C:\Projects\E-Commerce\frontend\node_modules\motion-dom\dist\es\value\types\color\rgba.mjs.map",".map","1"
"C:\Projects\E-Commerce\frontend\node_modules\motion-dom\dist\es\value\types\color\utils.mjs",".mjs","28"
"C:\Projects\E-Commerce\frontend\node_modules\motion-dom\dist\es\value\types\color\utils.mjs.map",".map","1"
"C:\Projects\E-Commerce\frontend\node_modules\motion-dom\dist\es\value\types\complex\filter.mjs",".mjs","29"
"C:\Projects\E-Commerce\frontend\node_modules\motion-dom\dist\es\value\types\complex\filter.mjs.map",".map","1"
"C:\Projects\E-Commerce\frontend\node_modules\motion-dom\dist\es\value\types\complex\index.mjs",".mjs","112"
"C:\Projects\E-Commerce\frontend\node_modules\motion-dom\dist\es\value\types\complex\index.mjs.map",".map","1"
"C:\Projects\E-Commerce\frontend\node_modules\motion-dom\dist\es\value\types\complex\mask.mjs",".mjs","11"
"C:\Projects\E-Commerce\frontend\node_modules\motion-dom\dist\es\value\types\complex\mask.mjs.map",".map","1"
"C:\Projects\E-Commerce\frontend\node_modules\motion-dom\dist\es\value\types\maps\defaults.mjs",".mjs","32"
"C:\Projects\E-Commerce\frontend\node_modules\motion-dom\dist\es\value\types\maps\defaults.mjs.map",".map","1"
"C:\Projects\E-Commerce\frontend\node_modules\motion-dom\dist\es\value\types\maps\number.mjs",".mjs","69"
"C:\Projects\E-Commerce\frontend\node_modules\motion-dom\dist\es\value\types\maps\number.mjs.map",".map","1"
"C:\Projects\E-Commerce\frontend\node_modules\motion-dom\dist\es\value\types\maps\transform.mjs",".mjs","36"
"C:\Projects\E-Commerce\frontend\node_modules\motion-dom\dist\es\value\types\maps\transform.mjs.map",".map","1"
"C:\Projects\E-Commerce\frontend\node_modules\motion-dom\dist\es\value\types\numbers\index.mjs",".mjs","16"
"C:\Projects\E-Commerce\frontend\node_modules\motion-dom\dist\es\value\types\numbers\index.mjs.map",".map","1"
"C:\Projects\E-Commerce\frontend\node_modules\motion-dom\dist\es\value\types\numbers\units.mjs",".mjs","18"
"C:\Projects\E-Commerce\frontend\node_modules\motion-dom\dist\es\value\types\numbers\units.mjs.map",".map","1"
"C:\Projects\E-Commerce\frontend\node_modules\motion-dom\dist\es\value\types\utils\animatable-none.mjs",".mjs","16"
"C:\Projects\E-Commerce\frontend\node_modules\motion-dom\dist\es\value\types\utils\animatable-none.mjs.map",".map","1"
"C:\Projects\E-Commerce\frontend\node_modules\motion-dom\dist\es\value\types\utils\color-regex.mjs",".mjs","3"
"C:\Projects\E-Commerce\frontend\node_modules\motion-dom\dist\es\value\types\utils\color-regex.mjs.map",".map","1"
"C:\Projects\E-Commerce\frontend\node_modules\motion-dom\dist\es\value\types\utils\find.mjs",".mjs","14"
"C:\Projects\E-Commerce\frontend\node_modules\motion-dom\dist\es\value\types\utils\find.mjs.map",".map","1"
"C:\Projects\E-Commerce\frontend\node_modules\motion-dom\dist\es\value\types\utils\float-regex.mjs",".mjs","3"
"C:\Projects\E-Commerce\frontend\node_modules\motion-dom\dist\es\value\types\utils\float-regex.mjs.map",".map","1"
"C:\Projects\E-Commerce\frontend\node_modules\motion-dom\dist\es\value\types\utils\get-as-type.mjs",".mjs","10"
"C:\Projects\E-Commerce\frontend\node_modules\motion-dom\dist\es\value\types\utils\get-as-type.mjs.map",".map","1"
"C:\Projects\E-Commerce\frontend\node_modules\motion-dom\dist\es\value\types\utils\is-nullish.mjs",".mjs","5"
"C:\Projects\E-Commerce\frontend\node_modules\motion-dom\dist\es\value\types\utils\is-nullish.mjs.map",".map","1"
"C:\Projects\E-Commerce\frontend\node_modules\motion-dom\dist\es\value\types\utils\sanitize.mjs",".mjs","5"
"C:\Projects\E-Commerce\frontend\node_modules\motion-dom\dist\es\value\types\utils\sanitize.mjs.map",".map","1"
"C:\Projects\E-Commerce\frontend\node_modules\motion-dom\dist\es\value\types\utils\single-color-regex.mjs",".mjs","3"
"C:\Projects\E-Commerce\frontend\node_modules\motion-dom\dist\es\value\types\utils\single-color-regex.mjs.map",".map","1"
"C:\Projects\E-Commerce\frontend\node_modules\motion-dom\dist\es\value\types\auto.mjs",".mjs","9"
"C:\Projects\E-Commerce\frontend\node_modules\motion-dom\dist\es\value\types\auto.mjs.map",".map","1"
"C:\Projects\E-Commerce\frontend\node_modules\motion-dom\dist\es\value\types\dimensions.mjs",".mjs","14"
"C:\Projects\E-Commerce\frontend\node_modules\motion-dom\dist\es\value\types\dimensions.mjs.map",".map","1"
"C:\Projects\E-Commerce\frontend\node_modules\motion-dom\dist\es\value\types\int.mjs",".mjs","7"
"C:\Projects\E-Commerce\frontend\node_modules\motion-dom\dist\es\value\types\int.mjs.map",".map","1"
"C:\Projects\E-Commerce\frontend\node_modules\motion-dom\dist\es\value\types\test.mjs",".mjs","6"
"C:\Projects\E-Commerce\frontend\node_modules\motion-dom\dist\es\value\types\test.mjs.map",".map","1"
"C:\Projects\E-Commerce\frontend\node_modules\motion-dom\dist\es\value\utils\is-motion-value.mjs",".mjs","3"
"C:\Projects\E-Commerce\frontend\node_modules\motion-dom\dist\es\value\utils\is-motion-value.mjs.map",".map","1"
"C:\Projects\E-Commerce\frontend\node_modules\motion-dom\dist\es\value\utils\resolve-motion-value.mjs",".mjs","9"
"C:\Projects\E-Commerce\frontend\node_modules\motion-dom\dist\es\value\utils\resolve-motion-value.mjs.map",".map","1"
"C:\Projects\E-Commerce\frontend\node_modules\motion-dom\dist\es\value\will-change\add-will-change.mjs",".mjs","19"
"C:\Projects\E-Commerce\frontend\node_modules\motion-dom\dist\es\value\will-change\add-will-change.mjs.map",".map","1"
"C:\Projects\E-Commerce\frontend\node_modules\motion-dom\dist\es\value\will-change\is.mjs",".mjs","6"
"C:\Projects\E-Commerce\frontend\node_modules\motion-dom\dist\es\value\will-change\is.mjs.map",".map","1"
"C:\Projects\E-Commerce\frontend\node_modules\motion-dom\dist\es\value\follow-value.mjs",".mjs","122"
"C:\Projects\E-Commerce\frontend\node_modules\motion-dom\dist\es\value\follow-value.mjs.map",".map","1"
"C:\Projects\E-Commerce\frontend\node_modules\motion-dom\dist\es\value\index.mjs",".mjs","322"
"C:\Projects\E-Commerce\frontend\node_modules\motion-dom\dist\es\value\index.mjs.map",".map","1"
"C:\Projects\E-Commerce\frontend\node_modules\motion-dom\dist\es\value\map-value.mjs",".mjs","45"
"C:\Projects\E-Commerce\frontend\node_modules\motion-dom\dist\es\value\map-value.mjs.map",".map","1"
"C:\Projects\E-Commerce\frontend\node_modules\motion-dom\dist\es\value\spring-value.mjs",".mjs","34"
"C:\Projects\E-Commerce\frontend\node_modules\motion-dom\dist\es\value\spring-value.mjs.map",".map","1"
"C:\Projects\E-Commerce\frontend\node_modules\motion-dom\dist\es\value\subscribe-value.mjs",".mjs","12"
"C:\Projects\E-Commerce\frontend\node_modules\motion-dom\dist\es\value\subscribe-value.mjs.map",".map","1"
"C:\Projects\E-Commerce\frontend\node_modules\motion-dom\dist\es\value\transform-value.mjs",".mjs","34"
"C:\Projects\E-Commerce\frontend\node_modules\motion-dom\dist\es\value\transform-value.mjs.map",".map","1"
"C:\Projects\E-Commerce\frontend\node_modules\motion-dom\dist\es\view\utils\assign-names.mjs",".mjs","144"
"C:\Projects\E-Commerce\frontend\node_modules\motion-dom\dist\es\view\utils\assign-names.mjs.map",".map","1"
"C:\Projects\E-Commerce\frontend\node_modules\motion-dom\dist\es\view\utils\choose-layer-type.mjs",".mjs","9"
"C:\Projects\E-Commerce\frontend\node_modules\motion-dom\dist\es\view\utils\choose-layer-type.mjs.map",".map","1"
"C:\Projects\E-Commerce\frontend\node_modules\motion-dom\dist\es\view\utils\css.mjs",".mjs","32"
"C:\Projects\E-Commerce\frontend\node_modules\motion-dom\dist\es\view\utils\css.mjs.map",".map","1"
"C:\Projects\E-Commerce\frontend\node_modules\motion-dom\dist\es\view\utils\get-layer-info.mjs",".mjs","10"
"C:\Projects\E-Commerce\frontend\node_modules\motion-dom\dist\es\view\utils\get-layer-info.mjs.map",".map","1"
"C:\Projects\E-Commerce\frontend\node_modules\motion-dom\dist\es\view\utils\get-view-animations.mjs",".mjs","10"
"C:\Projects\E-Commerce\frontend\node_modules\motion-dom\dist\es\view\utils\get-view-animations.mjs.map",".map","1"
"C:\Projects\E-Commerce\frontend\node_modules\motion-dom\dist\es\view\utils\has-target.mjs",".mjs","5"
"C:\Projects\E-Commerce\frontend\node_modules\motion-dom\dist\es\view\utils\has-target.mjs.map",".map","1"
"C:\Projects\E-Commerce\frontend\node_modules\motion-dom\dist\es\view\index.mjs",".mjs","173"
"C:\Projects\E-Commerce\frontend\node_modules\motion-dom\dist\es\view\index.mjs.map",".map","1"
"C:\Projects\E-Commerce\frontend\node_modules\motion-dom\dist\es\view\queue.mjs",".mjs","57"
"C:\Projects\E-Commerce\frontend\node_modules\motion-dom\dist\es\view\queue.mjs.map",".map","1"
"C:\Projects\E-Commerce\frontend\node_modules\motion-dom\dist\es\view\start.mjs",".mjs","698"
"C:\Projects\E-Commerce\frontend\node_modules\motion-dom\dist\es\view\start.mjs.map",".map","1"
"C:\Projects\E-Commerce\frontend\node_modules\motion-dom\dist\es\index.mjs",".mjs","176"
"C:\Projects\E-Commerce\frontend\node_modules\motion-dom\dist\es\index.mjs.map",".map","1"
"C:\Projects\E-Commerce\frontend\node_modules\motion-dom\dist\index.d.ts",".ts","5090"
"C:\Projects\E-Commerce\frontend\node_modules\motion-dom\dist\motion-dom.dev.js",".js","10809"
"C:\Projects\E-Commerce\frontend\node_modules\motion-dom\dist\motion-dom.js",".js","1"
"C:\Projects\E-Commerce\frontend\node_modules\motion-dom\dist\size-rollup-motion-value.js",".js","2"
"C:\Projects\E-Commerce\frontend\node_modules\motion-dom\dist\size-rollup-motion-value.js.map",".map","1"
"C:\Projects\E-Commerce\frontend\node_modules\motion-dom\dist\size-rollup-style-effect.js",".js","2"
"C:\Projects\E-Commerce\frontend\node_modules\motion-dom\dist\size-rollup-style-effect.js.map",".map","1"
"C:\Projects\E-Commerce\frontend\node_modules\motion-dom\LICENSE.md",".md","17"
"C:\Projects\E-Commerce\frontend\node_modules\motion-dom\package.json",".json","40"
"C:\Projects\E-Commerce\frontend\node_modules\motion-utils\dist\cjs\index.js",".js","313"
"C:\Projects\E-Commerce\frontend\node_modules\motion-utils\dist\cjs\index.js.map",".map","1"
"C:\Projects\E-Commerce\frontend\node_modules\motion-utils\dist\es\easing\modifiers\mirror.mjs",".mjs","6"
"C:\Projects\E-Commerce\frontend\node_modules\motion-utils\dist\es\easing\modifiers\mirror.mjs.map",".map","1"
"C:\Projects\E-Commerce\frontend\node_modules\motion-utils\dist\es\easing\modifiers\reverse.mjs",".mjs","6"
"C:\Projects\E-Commerce\frontend\node_modules\motion-utils\dist\es\easing\modifiers\reverse.mjs.map",".map","1"
"C:\Projects\E-Commerce\frontend\node_modules\motion-utils\dist\es\easing\utils\get-easing-for-segment.mjs",".mjs","8"
"C:\Projects\E-Commerce\frontend\node_modules\motion-utils\dist\es\easing\utils\get-easing-for-segment.mjs.map",".map","1"
"C:\Projects\E-Commerce\frontend\node_modules\motion-utils\dist\es\easing\utils\is-bezier-definition.mjs",".mjs","4"
"C:\Projects\E-Commerce\frontend\node_modules\motion-utils\dist\es\easing\utils\is-bezier-definition.mjs.map",".map","1"
"C:\Projects\E-Commerce\frontend\node_modules\motion-utils\dist\es\easing\utils\is-easing-array.mjs",".mjs","6"
"C:\Projects\E-Commerce\frontend\node_modules\motion-utils\dist\es\easing\utils\is-easing-array.mjs.map",".map","1"
"C:\Projects\E-Commerce\frontend\node_modules\motion-utils\dist\es\easing\utils\map.mjs",".mjs","40"
"C:\Projects\E-Commerce\frontend\node_modules\motion-utils\dist\es\easing\utils\map.mjs.map",".map","1"
"C:\Projects\E-Commerce\frontend\node_modules\motion-utils\dist\es\easing\anticipate.mjs",".mjs","8"
"C:\Projects\E-Commerce\frontend\node_modules\motion-utils\dist\es\easing\anticipate.mjs.map",".map","1"
"C:\Projects\E-Commerce\frontend\node_modules\motion-utils\dist\es\easing\back.mjs",".mjs","8"
"C:\Projects\E-Commerce\frontend\node_modules\motion-utils\dist\es\easing\back.mjs.map",".map","1"
"C:\Projects\E-Commerce\frontend\node_modules\motion-utils\dist\es\easing\circ.mjs",".mjs","7"
"C:\Projects\E-Commerce\frontend\node_modules\motion-utils\dist\es\easing\circ.mjs.map",".map","1"
"C:\Projects\E-Commerce\frontend\node_modules\motion-utils\dist\es\easing\cubic-bezier.mjs",".mjs","51"
"C:\Projects\E-Commerce\frontend\node_modules\motion-utils\dist\es\easing\cubic-bezier.mjs.map",".map","1"
"C:\Projects\E-Commerce\frontend\node_modules\motion-utils\dist\es\easing\ease.mjs",".mjs","6"
"C:\Projects\E-Commerce\frontend\node_modules\motion-utils\dist\es\easing\ease.mjs.map",".map","1"
"C:\Projects\E-Commerce\frontend\node_modules\motion-utils\dist\es\easing\steps.mjs",".mjs","15"
"C:\Projects\E-Commerce\frontend\node_modules\motion-utils\dist\es\easing\steps.mjs.map",".map","1"
"C:\Projects\E-Commerce\frontend\node_modules\motion-utils\dist\es\array.mjs",".mjs","21"
"C:\Projects\E-Commerce\frontend\node_modules\motion-utils\dist\es\array.mjs.map",".map","1"
"C:\Projects\E-Commerce\frontend\node_modules\motion-utils\dist\es\clamp.mjs",".mjs","9"
"C:\Projects\E-Commerce\frontend\node_modules\motion-utils\dist\es\clamp.mjs.map",".map","1"
"C:\Projects\E-Commerce\frontend\node_modules\motion-utils\dist\es\errors.mjs",".mjs","18"
"C:\Projects\E-Commerce\frontend\node_modules\motion-utils\dist\es\errors.mjs.map",".map","1"
"C:\Projects\E-Commerce\frontend\node_modules\motion-utils\dist\es\format-error-message.mjs",".mjs","7"
"C:\Projects\E-Commerce\frontend\node_modules\motion-utils\dist\es\format-error-message.mjs.map",".map","1"
"C:\Projects\E-Commerce\frontend\node_modules\motion-utils\dist\es\global-config.mjs",".mjs","3"
"C:\Projects\E-Commerce\frontend\node_modules\motion-utils\dist\es\global-config.mjs.map",".map","1"
"C:\Projects\E-Commerce\frontend\node_modules\motion-utils\dist\es\index.mjs",".mjs","29"
"C:\Projects\E-Commerce\frontend\node_modules\motion-utils\dist\es\index.mjs.map",".map","1"
"C:\Projects\E-Commerce\frontend\node_modules\motion-utils\dist\es\is-numerical-string.mjs",".mjs","6"
"C:\Projects\E-Commerce\frontend\node_modules\motion-utils\dist\es\is-numerical-string.mjs.map",".map","1"
"C:\Projects\E-Commerce\frontend\node_modules\motion-utils\dist\es\is-object.mjs",".mjs","3"
"C:\Projects\E-Commerce\frontend\node_modules\motion-utils\dist\es\is-object.mjs.map",".map","1"
"C:\Projects\E-Commerce\frontend\node_modules\motion-utils\dist\es\is-zero-value-string.mjs",".mjs","6"
"C:\Projects\E-Commerce\frontend\node_modules\motion-utils\dist\es\is-zero-value-string.mjs.map",".map","1"
"C:\Projects\E-Commerce\frontend\node_modules\motion-utils\dist\es\memo.mjs",".mjs","11"
"C:\Projects\E-Commerce\frontend\node_modules\motion-utils\dist\es\memo.mjs.map",".map","1"
"C:\Projects\E-Commerce\frontend\node_modules\motion-utils\dist\es\noop.mjs",".mjs","4"
"C:\Projects\E-Commerce\frontend\node_modules\motion-utils\dist\es\noop.mjs.map",".map","1"
"C:\Projects\E-Commerce\frontend\node_modules\motion-utils\dist\es\pipe.mjs",".mjs","10"
"C:\Projects\E-Commerce\frontend\node_modules\motion-utils\dist\es\pipe.mjs.map",".map","1"
"C:\Projects\E-Commerce\frontend\node_modules\motion-utils\dist\es\progress.mjs",".mjs","13"
"C:\Projects\E-Commerce\frontend\node_modules\motion-utils\dist\es\progress.mjs.map",".map","1"
"C:\Projects\E-Commerce\frontend\node_modules\motion-utils\dist\es\subscription-manager.mjs",".mjs","39"
"C:\Projects\E-Commerce\frontend\node_modules\motion-utils\dist\es\subscription-manager.mjs.map",".map","1"
"C:\Projects\E-Commerce\frontend\node_modules\motion-utils\dist\es\time-conversion.mjs",".mjs","12"
"C:\Projects\E-Commerce\frontend\node_modules\motion-utils\dist\es\time-conversion.mjs.map",".map","1"
"C:\Projects\E-Commerce\frontend\node_modules\motion-utils\dist\es\velocity-per-second.mjs",".mjs","7"
"C:\Projects\E-Commerce\frontend\node_modules\motion-utils\dist\es\velocity-per-second.mjs.map",".map","1"
"C:\Projects\E-Commerce\frontend\node_modules\motion-utils\dist\es\warn-once.mjs",".mjs","13"
"C:\Projects\E-Commerce\frontend\node_modules\motion-utils\dist\es\warn-once.mjs.map",".map","1"
"C:\Projects\E-Commerce\frontend\node_modules\motion-utils\dist\es\wrap.mjs",".mjs","6"
"C:\Projects\E-Commerce\frontend\node_modules\motion-utils\dist\es\wrap.mjs.map",".map","1"
"C:\Projects\E-Commerce\frontend\node_modules\motion-utils\dist\index.d.ts",".ts","117"
"C:\Projects\E-Commerce\frontend\node_modules\motion-utils\dist\motion-utils.dev.js",".js","316"
"C:\Projects\E-Commerce\frontend\node_modules\motion-utils\dist\motion-utils.js",".js","1"
"C:\Projects\E-Commerce\frontend\node_modules\motion-utils\LICENSE.md",".md","17"
"C:\Projects\E-Commerce\frontend\node_modules\motion-utils\package.json",".json","26"
"C:\Projects\E-Commerce\frontend\node_modules\ms\index.js",".js","151"
"C:\Projects\E-Commerce\frontend\node_modules\ms\license.md",".md","17"
"C:\Projects\E-Commerce\frontend\node_modules\ms\package.json",".json","38"
"C:\Projects\E-Commerce\frontend\node_modules\ms\readme.md",".md","44"
"C:\Projects\E-Commerce\frontend\node_modules\mz\child_process.js",".js","7"
"C:\Projects\E-Commerce\frontend\node_modules\mz\crypto.js",".js","8"
"C:\Projects\E-Commerce\frontend\node_modules\mz\dns.js",".js","15"
"C:\Projects\E-Commerce\frontend\node_modules\mz\fs.js",".js","57"
"C:\Projects\E-Commerce\frontend\node_modules\mz\HISTORY.md",".md","40"
"C:\Projects\E-Commerce\frontend\node_modules\mz\index.js",".js","8"
"C:\Projects\E-Commerce\frontend\node_modules\mz\LICENSE","","17"
"C:\Projects\E-Commerce\frontend\node_modules\mz\package.json",".json","44"
"C:\Projects\E-Commerce\frontend\node_modules\mz\readline.js",".js","51"
"C:\Projects\E-Commerce\frontend\node_modules\mz\README.md",".md","75"
"C:\Projects\E-Commerce\frontend\node_modules\mz\zlib.js",".js","12"
"C:\Projects\E-Commerce\frontend\node_modules\nanoid\async\index.browser.cjs",".cjs","34"
"C:\Projects\E-Commerce\frontend\node_modules\nanoid\async\index.browser.js",".js","34"
"C:\Projects\E-Commerce\frontend\node_modules\nanoid\async\index.cjs",".cjs","35"
"C:\Projects\E-Commerce\frontend\node_modules\nanoid\async\index.d.ts",".ts","54"
"C:\Projects\E-Commerce\frontend\node_modules\nanoid\async\index.js",".js","35"
"C:\Projects\E-Commerce\frontend\node_modules\nanoid\async\index.native.js",".js","26"
"C:\Projects\E-Commerce\frontend\node_modules\nanoid\async\package.json",".json","12"
"C:\Projects\E-Commerce\frontend\node_modules\nanoid\bin\nanoid.cjs",".cjs","46"
"C:\Projects\E-Commerce\frontend\node_modules\nanoid\non-secure\index.cjs",".cjs","21"
"C:\Projects\E-Commerce\frontend\node_modules\nanoid\non-secure\index.d.ts",".ts","32"
"C:\Projects\E-Commerce\frontend\node_modules\nanoid\non-secure\index.js",".js","21"
"C:\Projects\E-Commerce\frontend\node_modules\nanoid\non-secure\package.json",".json","6"
"C:\Projects\E-Commerce\frontend\node_modules\nanoid\url-alphabet\index.cjs",".cjs","3"
"C:\Projects\E-Commerce\frontend\node_modules\nanoid\url-alphabet\index.js",".js","3"
"C:\Projects\E-Commerce\frontend\node_modules\nanoid\url-alphabet\package.json",".json","6"
"C:\Projects\E-Commerce\frontend\node_modules\nanoid\index.browser.cjs",".cjs","34"
"C:\Projects\E-Commerce\frontend\node_modules\nanoid\index.browser.js",".js","34"
"C:\Projects\E-Commerce\frontend\node_modules\nanoid\index.cjs",".cjs","46"
"C:\Projects\E-Commerce\frontend\node_modules\nanoid\index.d.cts",".cts","87"
"C:\Projects\E-Commerce\frontend\node_modules\nanoid\index.d.ts",".ts","87"
"C:\Projects\E-Commerce\frontend\node_modules\nanoid\index.js",".js","51"
"C:\Projects\E-Commerce\frontend\node_modules\nanoid\LICENSE","","16"
"C:\Projects\E-Commerce\frontend\node_modules\nanoid\nanoid.js",".js","1"
"C:\Projects\E-Commerce\frontend\node_modules\nanoid\package.json",".json","89"
"C:\Projects\E-Commerce\frontend\node_modules\nanoid\README.md",".md","27"
"C:\Projects\E-Commerce\frontend\node_modules\node-releases\data\processed\envs.json",".json","2970"
"C:\Projects\E-Commerce\frontend\node_modules\node-releases\data\release-schedule\release-schedule.json",".json","160"
"C:\Projects\E-Commerce\frontend\node_modules\node-releases\LICENSE","","17"
"C:\Projects\E-Commerce\frontend\node_modules\node-releases\package.json",".json","28"
"C:\Projects\E-Commerce\frontend\node_modules\node-releases\README.md",".md","21"
"C:\Projects\E-Commerce\frontend\node_modules\normalize-path\index.js",".js","30"
"C:\Projects\E-Commerce\frontend\node_modules\normalize-path\LICENSE","","17"
"C:\Projects\E-Commerce\frontend\node_modules\normalize-path\package.json",".json","77"
"C:\Projects\E-Commerce\frontend\node_modules\normalize-path\README.md",".md","81"
"C:\Projects\E-Commerce\frontend\node_modules\nwsapi\dist\lint.log",".log","0"
"C:\Projects\E-Commerce\frontend\node_modules\nwsapi\src\modules\nwsapi-jquery.js",".js","119"
"C:\Projects\E-Commerce\frontend\node_modules\nwsapi\src\modules\nwsapi-traversal.js",".js","84"
"C:\Projects\E-Commerce\frontend\node_modules\nwsapi\src\nwsapi.js",".js","1798"
"C:\Projects\E-Commerce\frontend\node_modules\nwsapi\LICENSE","","19"
"C:\Projects\E-Commerce\frontend\node_modules\nwsapi\package.json",".json","43"
"C:\Projects\E-Commerce\frontend\node_modules\nwsapi\README.md",".md","76"
"C:\Projects\E-Commerce\frontend\node_modules\object-assign\index.js",".js","76"
"C:\Projects\E-Commerce\frontend\node_modules\object-assign\license","","17"
"C:\Projects\E-Commerce\frontend\node_modules\object-assign\package.json",".json","42"
"C:\Projects\E-Commerce\frontend\node_modules\object-assign\readme.md",".md","34"
"C:\Projects\E-Commerce\frontend\node_modules\object-hash\dist\object_hash.js",".js","1"
"C:\Projects\E-Commerce\frontend\node_modules\object-hash\index.js",".js","408"
"C:\Projects\E-Commerce\frontend\node_modules\object-hash\LICENSE","","17"
"C:\Projects\E-Commerce\frontend\node_modules\object-hash\package.json",".json","53"
"C:\Projects\E-Commerce\frontend\node_modules\object-hash\readme.markdown",".markdown","141"
"C:\Projects\E-Commerce\frontend\node_modules\parse5\lib\common\doctype.js",".js","135"
"C:\Projects\E-Commerce\frontend\node_modules\parse5\lib\common\error-codes.js",".js","64"
"C:\Projects\E-Commerce\frontend\node_modules\parse5\lib\common\foreign-content.js",".js","242"
"C:\Projects\E-Commerce\frontend\node_modules\parse5\lib\common\html.js",".js","246"
"C:\Projects\E-Commerce\frontend\node_modules\parse5\lib\common\unicode.js",".js","100"
"C:\Projects\E-Commerce\frontend\node_modules\parse5\lib\extensions\error-reporting\mixin-base.js",".js","35"
"C:\Projects\E-Commerce\frontend\node_modules\parse5\lib\extensions\error-reporting\parser-mixin.js",".js","41"
"C:\Projects\E-Commerce\frontend\node_modules\parse5\lib\extensions\error-reporting\preprocessor-mixin.js",".js","19"
"C:\Projects\E-Commerce\frontend\node_modules\parse5\lib\extensions\error-reporting\tokenizer-mixin.js",".js","12"
"C:\Projects\E-Commerce\frontend\node_modules\parse5\lib\extensions\location-info\open-element-stack-mixin.js",".js","27"
"C:\Projects\E-Commerce\frontend\node_modules\parse5\lib\extensions\location-info\parser-mixin.js",".js","175"
"C:\Projects\E-Commerce\frontend\node_modules\parse5\lib\extensions\location-info\tokenizer-mixin.js",".js","118"
"C:\Projects\E-Commerce\frontend\node_modules\parse5\lib\extensions\position-tracking\preprocessor-mixin.js",".js","48"
"C:\Projects\E-Commerce\frontend\node_modules\parse5\lib\parser\formatting-element-list.js",".js","142"
"C:\Projects\E-Commerce\frontend\node_modules\parse5\lib\parser\index.js",".js","2508"
"C:\Projects\E-Commerce\frontend\node_modules\parse5\lib\parser\open-element-stack.js",".js","378"
"C:\Projects\E-Commerce\frontend\node_modules\parse5\lib\serializer\index.js",".js","145"
"C:\Projects\E-Commerce\frontend\node_modules\parse5\lib\tokenizer\index.js",".js","1974"
"C:\Projects\E-Commerce\frontend\node_modules\parse5\lib\tokenizer\named-entity-data.js",".js","4"
"C:\Projects\E-Commerce\frontend\node_modules\parse5\lib\tokenizer\preprocessor.js",".js","123"
"C:\Projects\E-Commerce\frontend\node_modules\parse5\lib\tree-adapters\default.js",".js","177"
"C:\Projects\E-Commerce\frontend\node_modules\parse5\lib\utils\merge-options.js",".js","10"
"C:\Projects\E-Commerce\frontend\node_modules\parse5\lib\utils\mixin.js",".js","30"
"C:\Projects\E-Commerce\frontend\node_modules\parse5\lib\index.js",".js","21"
"C:\Projects\E-Commerce\frontend\node_modules\parse5\LICENSE","","16"
"C:\Projects\E-Commerce\frontend\node_modules\parse5\package.json",".json","35"
"C:\Projects\E-Commerce\frontend\node_modules\parse5\README.md",".md","30"
"C:\Projects\E-Commerce\frontend\node_modules\path-parse\index.js",".js","60"
"C:\Projects\E-Commerce\frontend\node_modules\path-parse\LICENSE","","17"
"C:\Projects\E-Commerce\frontend\node_modules\path-parse\package.json",".json","33"
"C:\Projects\E-Commerce\frontend\node_modules\path-parse\README.md",".md","27"
"C:\Projects\E-Commerce\frontend\node_modules\picocolors\LICENSE","","12"
"C:\Projects\E-Commerce\frontend\node_modules\picocolors\package.json",".json","25"
"C:\Projects\E-Commerce\frontend\node_modules\picocolors\picocolors.browser.js",".js","4"
"C:\Projects\E-Commerce\frontend\node_modules\picocolors\picocolors.d.ts",".ts","3"
"C:\Projects\E-Commerce\frontend\node_modules\picocolors\picocolors.js",".js","67"
"C:\Projects\E-Commerce\frontend\node_modules\picocolors\README.md",".md","16"
"C:\Projects\E-Commerce\frontend\node_modules\picocolors\types.d.ts",".ts","45"
"C:\Projects\E-Commerce\frontend\node_modules\picomatch\lib\constants.js",".js","161"
"C:\Projects\E-Commerce\frontend\node_modules\picomatch\lib\parse.js",".js","1120"
"C:\Projects\E-Commerce\frontend\node_modules\picomatch\lib\picomatch.js",".js","294"
"C:\Projects\E-Commerce\frontend\node_modules\picomatch\lib\scan.js",".js","329"
"C:\Projects\E-Commerce\frontend\node_modules\picomatch\lib\utils.js",".js","55"
"C:\Projects\E-Commerce\frontend\node_modules\picomatch\index.js",".js","2"
"C:\Projects\E-Commerce\frontend\node_modules\picomatch\LICENSE","","17"
"C:\Projects\E-Commerce\frontend\node_modules\picomatch\package.json",".json","81"
"C:\Projects\E-Commerce\frontend\node_modules\picomatch\README.md",".md","518"
"C:\Projects\E-Commerce\frontend\node_modules\pify\index.js",".js","52"
"C:\Projects\E-Commerce\frontend\node_modules\pify\license","","17"
"C:\Projects\E-Commerce\frontend\node_modules\pify\package.json",".json","48"
"C:\Projects\E-Commerce\frontend\node_modules\pify\readme.md",".md","74"
"C:\Projects\E-Commerce\frontend\node_modules\pirates\lib\index.js",".js","138"
"C:\Projects\E-Commerce\frontend\node_modules\pirates\index.d.ts",".ts","73"
"C:\Projects\E-Commerce\frontend\node_modules\pirates\LICENSE","","17"
"C:\Projects\E-Commerce\frontend\node_modules\pirates\package.json",".json","43"
"C:\Projects\E-Commerce\frontend\node_modules\pirates\README.md",".md","52"
"C:\Projects\E-Commerce\frontend\node_modules\postcss\lib\at-rule.d.ts",".ts","124"
"C:\Projects\E-Commerce\frontend\node_modules\postcss\lib\at-rule.js",".js","19"
"C:\Projects\E-Commerce\frontend\node_modules\postcss\lib\comment.d.ts",".ts","57"
"C:\Projects\E-Commerce\frontend\node_modules\postcss\lib\comment.js",".js","10"
"C:\Projects\E-Commerce\frontend\node_modules\postcss\lib\container.d.ts",".ts","452"
"C:\Projects\E-Commerce\frontend\node_modules\postcss\lib\container.js",".js","425"
"C:\Projects\E-Commerce\frontend\node_modules\postcss\lib\css-syntax-error.d.ts",".ts","227"
"C:\Projects\E-Commerce\frontend\node_modules\postcss\lib\css-syntax-error.js",".js","114"
"C:\Projects\E-Commerce\frontend\node_modules\postcss\lib\declaration.d.ts",".ts","134"
"C:\Projects\E-Commerce\frontend\node_modules\postcss\lib\declaration.js",".js","20"
"C:\Projects\E-Commerce\frontend\node_modules\postcss\lib\document.d.ts",".ts","59"
"C:\Projects\E-Commerce\frontend\node_modules\postcss\lib\document.js",".js","24"
"C:\Projects\E-Commerce\frontend\node_modules\postcss\lib\fromJSON.d.ts",".ts","6"
"C:\Projects\E-Commerce\frontend\node_modules\postcss\lib\fromJSON.js",".js","94"
"C:\Projects\E-Commerce\frontend\node_modules\postcss\lib\input.d.ts",".ts","201"
"C:\Projects\E-Commerce\frontend\node_modules\postcss\lib\input.js",".js","246"
"C:\Projects\E-Commerce\frontend\node_modules\postcss\lib\lazy-result.d.ts",".ts","170"
"C:\Projects\E-Commerce\frontend\node_modules\postcss\lib\lazy-result.js",".js","557"
"C:\Projects\E-Commerce\frontend\node_modules\postcss\lib\list.d.ts",".ts","55"
"C:\Projects\E-Commerce\frontend\node_modules\postcss\lib\list.js",".js","51"
"C:\Projects\E-Commerce\frontend\node_modules\postcss\lib\map-generator.js",".js","327"
"C:\Projects\E-Commerce\frontend\node_modules\postcss\lib\no-work-result.d.ts",".ts","41"
"C:\Projects\E-Commerce\frontend\node_modules\postcss\lib\no-work-result.js",".js","111"
"C:\Projects\E-Commerce\frontend\node_modules\postcss\lib\node.d.ts",".ts","513"
"C:\Projects\E-Commerce\frontend\node_modules\postcss\lib\node.js",".js","440"
"C:\Projects\E-Commerce\frontend\node_modules\postcss\lib\parse.d.ts",".ts","6"
"C:\Projects\E-Commerce\frontend\node_modules\postcss\lib\parse.js",".js","37"
"C:\Projects\E-Commerce\frontend\node_modules\postcss\lib\parser.js",".js","539"
"C:\Projects\E-Commerce\frontend\node_modules\postcss\lib\postcss.d.mts",".mts","66"
"C:\Projects\E-Commerce\frontend\node_modules\postcss\lib\postcss.d.ts",".ts","406"
"C:\Projects\E-Commerce\frontend\node_modules\postcss\lib\postcss.js",".js","90"
"C:\Projects\E-Commerce\frontend\node_modules\postcss\lib\postcss.mjs",".mjs","26"
"C:\Projects\E-Commerce\frontend\node_modules\postcss\lib\previous-map.d.ts",".ts","67"
"C:\Projects\E-Commerce\frontend\node_modules\postcss\lib\previous-map.js",".js","143"
"C:\Projects\E-Commerce\frontend\node_modules\postcss\lib\processor.d.ts",".ts","106"
"C:\Projects\E-Commerce\frontend\node_modules\postcss\lib\processor.js",".js","59"
"C:\Projects\E-Commerce\frontend\node_modules\postcss\lib\result.d.ts",".ts","184"
"C:\Projects\E-Commerce\frontend\node_modules\postcss\lib\result.js",".js","33"
"C:\Projects\E-Commerce\frontend\node_modules\postcss\lib\root.d.ts",".ts","74"
"C:\Projects\E-Commerce\frontend\node_modules\postcss\lib\root.js",".js","61"
"C:\Projects\E-Commerce\frontend\node_modules\postcss\lib\rule.d.ts",".ts","112"
"C:\Projects\E-Commerce\frontend\node_modules\postcss\lib\rule.js",".js","21"
"C:\Projects\E-Commerce\frontend\node_modules\postcss\lib\stringifier.d.ts",".ts","41"
"C:\Projects\E-Commerce\frontend\node_modules\postcss\lib\stringifier.js",".js","403"
"C:\Projects\E-Commerce\frontend\node_modules\postcss\lib\stringify.d.ts",".ts","6"
"C:\Projects\E-Commerce\frontend\node_modules\postcss\lib\stringify.js",".js","8"
"C:\Projects\E-Commerce\frontend\node_modules\postcss\lib\symbols.js",".js","3"
"C:\Projects\E-Commerce\frontend\node_modules\postcss\lib\terminal-highlight.js",".js","59"
"C:\Projects\E-Commerce\frontend\node_modules\postcss\lib\tokenize.js",".js","236"
"C:\Projects\E-Commerce\frontend\node_modules\postcss\lib\warn-once.js",".js","10"
"C:\Projects\E-Commerce\frontend\node_modules\postcss\lib\warning.d.ts",".ts","126"
"C:\Projects\E-Commerce\frontend\node_modules\postcss\lib\warning.js",".js","39"
"C:\Projects\E-Commerce\frontend\node_modules\postcss\LICENSE","","16"
"C:\Projects\E-Commerce\frontend\node_modules\postcss\package.json",".json","88"
"C:\Projects\E-Commerce\frontend\node_modules\postcss\README.md",".md","17"
"C:\Projects\E-Commerce\frontend\node_modules\postcss-import\lib\assign-layer-names.js",".js","16"
"C:\Projects\E-Commerce\frontend\node_modules\postcss-import\lib\data-url.js",".js","13"
"C:\Projects\E-Commerce\frontend\node_modules\postcss-import\lib\join-layer.js",".js","7"
"C:\Projects\E-Commerce\frontend\node_modules\postcss-import\lib\join-media.js",".js","22"
"C:\Projects\E-Commerce\frontend\node_modules\postcss-import\lib\load-content.js",".js","9"
"C:\Projects\E-Commerce\frontend\node_modules\postcss-import\lib\parse-statements.js",".js","152"
"C:\Projects\E-Commerce\frontend\node_modules\postcss-import\lib\process-content.js",".js","50"
"C:\Projects\E-Commerce\frontend\node_modules\postcss-import\lib\resolve-id.js",".js","35"
"C:\Projects\E-Commerce\frontend\node_modules\postcss-import\index.js",".js","361"
"C:\Projects\E-Commerce\frontend\node_modules\postcss-import\LICENSE","","16"
"C:\Projects\E-Commerce\frontend\node_modules\postcss-import\package.json",".json","65"
"C:\Projects\E-Commerce\frontend\node_modules\postcss-import\README.md",".md","177"
"C:\Projects\E-Commerce\frontend\node_modules\postcss-js\async.js",".js","13"
"C:\Projects\E-Commerce\frontend\node_modules\postcss-js\index.js",".js","10"
"C:\Projects\E-Commerce\frontend\node_modules\postcss-js\index.mjs",".mjs","6"
"C:\Projects\E-Commerce\frontend\node_modules\postcss-js\LICENSE","","16"
"C:\Projects\E-Commerce\frontend\node_modules\postcss-js\objectifier.js",".js","88"
"C:\Projects\E-Commerce\frontend\node_modules\postcss-js\package.json",".json","48"
"C:\Projects\E-Commerce\frontend\node_modules\postcss-js\parser.js",".js","93"
"C:\Projects\E-Commerce\frontend\node_modules\postcss-js\process-result.js",".js","10"
"C:\Projects\E-Commerce\frontend\node_modules\postcss-js\README.md",".md","15"
"C:\Projects\E-Commerce\frontend\node_modules\postcss-js\sync.js",".js","10"
"C:\Projects\E-Commerce\frontend\node_modules\postcss-load-config\src\index.d.ts",".ts","54"
"C:\Projects\E-Commerce\frontend\node_modules\postcss-load-config\src\index.js",".js","160"
"C:\Projects\E-Commerce\frontend\node_modules\postcss-load-config\src\options.js",".js","43"
"C:\Projects\E-Commerce\frontend\node_modules\postcss-load-config\src\plugins.js",".js","81"
"C:\Projects\E-Commerce\frontend\node_modules\postcss-load-config\src\req.js",".js","50"
"C:\Projects\E-Commerce\frontend\node_modules\postcss-load-config\LICENSE","","16"
"C:\Projects\E-Commerce\frontend\node_modules\postcss-load-config\package.json",".json","61"
"C:\Projects\E-Commerce\frontend\node_modules\postcss-load-config\README.md",".md","378"
"C:\Projects\E-Commerce\frontend\node_modules\postcss-nested\index.d.ts",".ts","33"
"C:\Projects\E-Commerce\frontend\node_modules\postcss-nested\index.js",".js","329"
"C:\Projects\E-Commerce\frontend\node_modules\postcss-nested\LICENSE","","16"
"C:\Projects\E-Commerce\frontend\node_modules\postcss-nested\package.json",".json","34"
"C:\Projects\E-Commerce\frontend\node_modules\postcss-nested\README.md",".md","70"
"C:\Projects\E-Commerce\frontend\node_modules\postcss-selector-parser\dist\selectors\attribute.js",".js","439"
"C:\Projects\E-Commerce\frontend\node_modules\postcss-selector-parser\dist\selectors\className.js",".js","50"
"C:\Projects\E-Commerce\frontend\node_modules\postcss-selector-parser\dist\selectors\combinator.js",".js","19"
"C:\Projects\E-Commerce\frontend\node_modules\postcss-selector-parser\dist\selectors\comment.js",".js","19"
"C:\Projects\E-Commerce\frontend\node_modules\postcss-selector-parser\dist\selectors\constructors.js",".js","52"
"C:\Projects\E-Commerce\frontend\node_modules\postcss-selector-parser\dist\selectors\container.js",".js","333"
"C:\Projects\E-Commerce\frontend\node_modules\postcss-selector-parser\dist\selectors\guards.js",".js","45"
"C:\Projects\E-Commerce\frontend\node_modules\postcss-selector-parser\dist\selectors\id.js",".js","23"
"C:\Projects\E-Commerce\frontend\node_modules\postcss-selector-parser\dist\selectors\index.js",".js","20"
"C:\Projects\E-Commerce\frontend\node_modules\postcss-selector-parser\dist\selectors\namespace.js",".js","80"
"C:\Projects\E-Commerce\frontend\node_modules\postcss-selector-parser\dist\selectors\nesting.js",".js","20"
"C:\Projects\E-Commerce\frontend\node_modules\postcss-selector-parser\dist\selectors\node.js",".js","203"
"C:\Projects\E-Commerce\frontend\node_modules\postcss-selector-parser\dist\selectors\pseudo.js",".js","30"
"C:\Projects\E-Commerce\frontend\node_modules\postcss-selector-parser\dist\selectors\root.js",".js","45"
"C:\Projects\E-Commerce\frontend\node_modules\postcss-selector-parser\dist\selectors\selector.js",".js","19"
"C:\Projects\E-Commerce\frontend\node_modules\postcss-selector-parser\dist\selectors\string.js",".js","19"
"C:\Projects\E-Commerce\frontend\node_modules\postcss-selector-parser\dist\selectors\tag.js",".js","19"
"C:\Projects\E-Commerce\frontend\node_modules\postcss-selector-parser\dist\selectors\types.js",".js","15"
"C:\Projects\E-Commerce\frontend\node_modules\postcss-selector-parser\dist\selectors\universal.js",".js","20"
"C:\Projects\E-Commerce\frontend\node_modules\postcss-selector-parser\dist\util\ensureObject.js",".js","16"
"C:\Projects\E-Commerce\frontend\node_modules\postcss-selector-parser\dist\util\getProp.js",".js","17"
"C:\Projects\E-Commerce\frontend\node_modules\postcss-selector-parser\dist\util\index.js",".js","16"
"C:\Projects\E-Commerce\frontend\node_modules\postcss-selector-parser\dist\util\maxNestingDepth.js",".js","24"
"C:\Projects\E-Commerce\frontend\node_modules\postcss-selector-parser\dist\util\stripComments.js",".js","20"
"C:\Projects\E-Commerce\frontend\node_modules\postcss-selector-parser\dist\util\unesc.js",".js","72"
"C:\Projects\E-Commerce\frontend\node_modules\postcss-selector-parser\dist\index.js",".js","14"
"C:\Projects\E-Commerce\frontend\node_modules\postcss-selector-parser\dist\parser.js",".js","1027"
"C:\Projects\E-Commerce\frontend\node_modules\postcss-selector-parser\dist\processor.js",".js","171"
"C:\Projects\E-Commerce\frontend\node_modules\postcss-selector-parser\dist\sortAscending.js",".js","10"
"C:\Projects\E-Commerce\frontend\node_modules\postcss-selector-parser\dist\tokenize.js",".js","231"
"C:\Projects\E-Commerce\frontend\node_modules\postcss-selector-parser\dist\tokenTypes.js",".js","36"
"C:\Projects\E-Commerce\frontend\node_modules\postcss-selector-parser\API.md",".md","619"
"C:\Projects\E-Commerce\frontend\node_modules\postcss-selector-parser\CHANGELOG.md",".md","396"
"C:\Projects\E-Commerce\frontend\node_modules\postcss-selector-parser\LICENSE-MIT","","19"
"C:\Projects\E-Commerce\frontend\node_modules\postcss-selector-parser\package.json",".json","85"
"C:\Projects\E-Commerce\frontend\node_modules\postcss-selector-parser\postcss-selector-parser.d.ts",".ts","537"
"C:\Projects\E-Commerce\frontend\node_modules\postcss-selector-parser\README.md",".md","59"
"C:\Projects\E-Commerce\frontend\node_modules\postcss-value-parser\lib\index.d.ts",".ts","150"
"C:\Projects\E-Commerce\frontend\node_modules\postcss-value-parser\lib\index.js",".js","21"
"C:\Projects\E-Commerce\frontend\node_modules\postcss-value-parser\lib\parse.js",".js","296"
"C:\Projects\E-Commerce\frontend\node_modules\postcss-value-parser\lib\stringify.js",".js","44"
"C:\Projects\E-Commerce\frontend\node_modules\postcss-value-parser\lib\unit.js",".js","91"
"C:\Projects\E-Commerce\frontend\node_modules\postcss-value-parser\lib\walk.js",".js","19"
"C:\Projects\E-Commerce\frontend\node_modules\postcss-value-parser\LICENSE","","19"
"C:\Projects\E-Commerce\frontend\node_modules\postcss-value-parser\package.json",".json","58"
"C:\Projects\E-Commerce\frontend\node_modules\postcss-value-parser\README.md",".md","182"
"C:\Projects\E-Commerce\frontend\node_modules\proxy-from-env\index.cjs",".cjs","94"
"C:\Projects\E-Commerce\frontend\node_modules\proxy-from-env\index.js",".js","93"
"C:\Projects\E-Commerce\frontend\node_modules\proxy-from-env\LICENSE","","16"
"C:\Projects\E-Commerce\frontend\node_modules\proxy-from-env\package.json",".json","43"
"C:\Projects\E-Commerce\frontend\node_modules\proxy-from-env\README.md",".md","129"
"C:\Projects\E-Commerce\frontend\node_modules\psl\data\rules.js",".js","9778"
"C:\Projects\E-Commerce\frontend\node_modules\psl\dist\psl.cjs",".cjs","1"
"C:\Projects\E-Commerce\frontend\node_modules\psl\dist\psl.mjs",".mjs","10008"
"C:\Projects\E-Commerce\frontend\node_modules\psl\dist\psl.umd.cjs",".cjs","1"
"C:\Projects\E-Commerce\frontend\node_modules\psl\types\index.d.ts",".ts","45"
"C:\Projects\E-Commerce\frontend\node_modules\psl\types\test.ts",".ts","10"
"C:\Projects\E-Commerce\frontend\node_modules\psl\types\tsconfig.json",".json","22"
"C:\Projects\E-Commerce\frontend\node_modules\psl\browserstack-logo.svg",".svg","90"
"C:\Projects\E-Commerce\frontend\node_modules\psl\index.js",".js","210"
"C:\Projects\E-Commerce\frontend\node_modules\psl\LICENSE","","5"
"C:\Projects\E-Commerce\frontend\node_modules\psl\package.json",".json","51"
"C:\Projects\E-Commerce\frontend\node_modules\psl\README.md",".md","183"
"C:\Projects\E-Commerce\frontend\node_modules\psl\SECURITY.md",".md","9"
"C:\Projects\E-Commerce\frontend\node_modules\psl\vite.config.js",".js","19"
"C:\Projects\E-Commerce\frontend\node_modules\punycode\LICENSE-MIT.txt",".txt","17"
"C:\Projects\E-Commerce\frontend\node_modules\punycode\package.json",".json","58"
"C:\Projects\E-Commerce\frontend\node_modules\punycode\punycode.es6.js",".js","388"
"C:\Projects\E-Commerce\frontend\node_modules\punycode\punycode.js",".js","387"
"C:\Projects\E-Commerce\frontend\node_modules\punycode\README.md",".md","100"
"C:\Projects\E-Commerce\frontend\node_modules\querystringify\index.js",".js","102"
"C:\Projects\E-Commerce\frontend\node_modules\querystringify\LICENSE","","17"
"C:\Projects\E-Commerce\frontend\node_modules\querystringify\package.json",".json","38"
"C:\Projects\E-Commerce\frontend\node_modules\querystringify\README.md",".md","44"
"C:\Projects\E-Commerce\frontend\node_modules\queue-microtask\index.d.ts",".ts","2"
"C:\Projects\E-Commerce\frontend\node_modules\queue-microtask\index.js",".js","8"
"C:\Projects\E-Commerce\frontend\node_modules\queue-microtask\LICENSE","","16"
"C:\Projects\E-Commerce\frontend\node_modules\queue-microtask\package.json",".json","55"
"C:\Projects\E-Commerce\frontend\node_modules\queue-microtask\README.md",".md","53"
"C:\Projects\E-Commerce\frontend\node_modules\react\cjs\react-jsx-dev-runtime.development.js",".js","1072"
"C:\Projects\E-Commerce\frontend\node_modules\react\cjs\react-jsx-dev-runtime.production.min.js",".js","10"
"C:\Projects\E-Commerce\frontend\node_modules\react\cjs\react-jsx-dev-runtime.profiling.min.js",".js","10"
"C:\Projects\E-Commerce\frontend\node_modules\react\cjs\react-jsx-runtime.development.js",".js","1088"
"C:\Projects\E-Commerce\frontend\node_modules\react\cjs\react-jsx-runtime.production.min.js",".js","11"
"C:\Projects\E-Commerce\frontend\node_modules\react\cjs\react-jsx-runtime.profiling.min.js",".js","11"
"C:\Projects\E-Commerce\frontend\node_modules\react\cjs\react.development.js",".js","2293"
"C:\Projects\E-Commerce\frontend\node_modules\react\cjs\react.production.min.js",".js","26"
"C:\Projects\E-Commerce\frontend\node_modules\react\cjs\react.shared-subset.development.js",".js","17"
"C:\Projects\E-Commerce\frontend\node_modules\react\cjs\react.shared-subset.production.min.js",".js","10"
"C:\Projects\E-Commerce\frontend\node_modules\react\umd\react.development.js",".js","2781"
"C:\Projects\E-Commerce\frontend\node_modules\react\umd\react.production.min.js",".js","31"
"C:\Projects\E-Commerce\frontend\node_modules\react\umd\react.profiling.min.js",".js","31"
"C:\Projects\E-Commerce\frontend\node_modules\react\index.js",".js","6"
"C:\Projects\E-Commerce\frontend\node_modules\react\jsx-dev-runtime.js",".js","6"
"C:\Projects\E-Commerce\frontend\node_modules\react\jsx-runtime.js",".js","6"
"C:\Projects\E-Commerce\frontend\node_modules\react\LICENSE","","17"
"C:\Projects\E-Commerce\frontend\node_modules\react\package.json",".json","47"
"C:\Projects\E-Commerce\frontend\node_modules\react\react.shared-subset.js",".js","6"
"C:\Projects\E-Commerce\frontend\node_modules\react\README.md",".md","26"
"C:\Projects\E-Commerce\frontend\node_modules\react-dom\cjs\react-dom-server-legacy.browser.development.js",".js","5858"
"C:\Projects\E-Commerce\frontend\node_modules\react-dom\cjs\react-dom-server-legacy.browser.production.min.js",".js","93"
"C:\Projects\E-Commerce\frontend\node_modules\react-dom\cjs\react-dom-server-legacy.node.development.js",".js","5908"
"C:\Projects\E-Commerce\frontend\node_modules\react-dom\cjs\react-dom-server-legacy.node.production.min.js",".js","101"
"C:\Projects\E-Commerce\frontend\node_modules\react-dom\cjs\react-dom-server.browser.development.js",".js","5843"
"C:\Projects\E-Commerce\frontend\node_modules\react-dom\cjs\react-dom-server.browser.production.min.js",".js","96"
"C:\Projects\E-Commerce\frontend\node_modules\react-dom\cjs\react-dom-server.node.development.js",".js","5889"
"C:\Projects\E-Commerce\frontend\node_modules\react-dom\cjs\react-dom-server.node.production.min.js",".js","102"
"C:\Projects\E-Commerce\frontend\node_modules\react-dom\cjs\react-dom-test-utils.development.js",".js","1448"
"C:\Projects\E-Commerce\frontend\node_modules\react-dom\cjs\react-dom-test-utils.production.min.js",".js","40"
"C:\Projects\E-Commerce\frontend\node_modules\react-dom\cjs\react-dom.development.js",".js","24748"
"C:\Projects\E-Commerce\frontend\node_modules\react-dom\cjs\react-dom.production.min.js",".js","322"
"C:\Projects\E-Commerce\frontend\node_modules\react-dom\cjs\react-dom.profiling.min.js",".js","363"
"C:\Projects\E-Commerce\frontend\node_modules\react-dom\umd\react-dom-server-legacy.browser.development.js",".js","5857"
"C:\Projects\E-Commerce\frontend\node_modules\react-dom\umd\react-dom-server-legacy.browser.production.min.js",".js","75"
"C:\Projects\E-Commerce\frontend\node_modules\react-dom\umd\react-dom-server.browser.development.js",".js","5842"
"C:\Projects\E-Commerce\frontend\node_modules\react-dom\umd\react-dom-server.browser.production.min.js",".js","76"
"C:\Projects\E-Commerce\frontend\node_modules\react-dom\umd\react-dom-test-utils.development.js",".js","1446"
"C:\Projects\E-Commerce\frontend\node_modules\react-dom\umd\react-dom-test-utils.production.min.js",".js","33"
"C:\Projects\E-Commerce\frontend\node_modules\react-dom\umd\react-dom.development.js",".js","24751"
"C:\Projects\E-Commerce\frontend\node_modules\react-dom\umd\react-dom.production.min.js",".js","267"
"C:\Projects\E-Commerce\frontend\node_modules\react-dom\umd\react-dom.profiling.min.js",".js","285"
"C:\Projects\E-Commerce\frontend\node_modules\react-dom\client.js",".js","24"
"C:\Projects\E-Commerce\frontend\node_modules\react-dom\index.js",".js","36"
"C:\Projects\E-Commerce\frontend\node_modules\react-dom\LICENSE","","17"
"C:\Projects\E-Commerce\frontend\node_modules\react-dom\package.json",".json","62"
"C:\Projects\E-Commerce\frontend\node_modules\react-dom\profiling.js",".js","36"
"C:\Projects\E-Commerce\frontend\node_modules\react-dom\README.md",".md","41"
"C:\Projects\E-Commerce\frontend\node_modules\react-dom\server.browser.js",".js","15"
"C:\Projects\E-Commerce\frontend\node_modules\react-dom\server.js",".js","2"
"C:\Projects\E-Commerce\frontend\node_modules\react-dom\server.node.js",".js","15"
"C:\Projects\E-Commerce\frontend\node_modules\react-dom\test-utils.js",".js","6"
"C:\Projects\E-Commerce\frontend\node_modules\react-hot-toast\dist\index.d.ts",".ts","119"
"C:\Projects\E-Commerce\frontend\node_modules\react-hot-toast\dist\index.js",".js","175"
"C:\Projects\E-Commerce\frontend\node_modules\react-hot-toast\dist\index.js.map",".map","1"
"C:\Projects\E-Commerce\frontend\node_modules\react-hot-toast\dist\index.mjs",".mjs","175"
"C:\Projects\E-Commerce\frontend\node_modules\react-hot-toast\dist\index.mjs.map",".map","1"
"C:\Projects\E-Commerce\frontend\node_modules\react-hot-toast\headless\index.d.ts",".ts","88"
"C:\Projects\E-Commerce\frontend\node_modules\react-hot-toast\headless\index.js",".js","2"
"C:\Projects\E-Commerce\frontend\node_modules\react-hot-toast\headless\index.js.map",".map","1"
"C:\Projects\E-Commerce\frontend\node_modules\react-hot-toast\headless\index.mjs",".mjs","2"
"C:\Projects\E-Commerce\frontend\node_modules\react-hot-toast\headless\index.mjs.map",".map","1"
"C:\Projects\E-Commerce\frontend\node_modules\react-hot-toast\src\components\checkmark.tsx",".tsx","56"
"C:\Projects\E-Commerce\frontend\node_modules\react-hot-toast\src\components\error.tsx",".tsx","63"
"C:\Projects\E-Commerce\frontend\node_modules\react-hot-toast\src\components\loader.tsx",".tsx","23"
"C:\Projects\E-Commerce\frontend\node_modules\react-hot-toast\src\components\toast-bar.tsx",".tsx","98"
"C:\Projects\E-Commerce\frontend\node_modules\react-hot-toast\src\components\toast-icon.tsx",".tsx","68"
"C:\Projects\E-Commerce\frontend\node_modules\react-hot-toast\src\components\toaster.tsx",".tsx","134"
"C:\Projects\E-Commerce\frontend\node_modules\react-hot-toast\src\core\store.ts",".ts","206"
"C:\Projects\E-Commerce\frontend\node_modules\react-hot-toast\src\core\toast.ts",".ts","139"
"C:\Projects\E-Commerce\frontend\node_modules\react-hot-toast\src\core\types.ts",".ts","83"
"C:\Projects\E-Commerce\frontend\node_modules\react-hot-toast\src\core\use-toaster.ts",".ts","125"
"C:\Projects\E-Commerce\frontend\node_modules\react-hot-toast\src\core\utils.ts",".ts","17"
"C:\Projects\E-Commerce\frontend\node_modules\react-hot-toast\src\headless\index.ts",".ts","18"
"C:\Projects\E-Commerce\frontend\node_modules\react-hot-toast\src\index.ts",".ts","10"
"C:\Projects\E-Commerce\frontend\node_modules\react-hot-toast\LICENSE","","17"
"C:\Projects\E-Commerce\frontend\node_modules\react-hot-toast\package.json",".json","103"
"C:\Projects\E-Commerce\frontend\node_modules\react-hot-toast\README.md",".md","55"
"C:\Projects\E-Commerce\frontend\node_modules\react-icons\ai\index.d.ts",".ts","833"
"C:\Projects\E-Commerce\frontend\node_modules\react-icons\ai\index.js",".js","2495"
"C:\Projects\E-Commerce\frontend\node_modules\react-icons\ai\index.mjs",".mjs","2495"
"C:\Projects\E-Commerce\frontend\node_modules\react-icons\ai\package.json",".json","4"
"C:\Projects\E-Commerce\frontend\node_modules\react-icons\bi\index.d.ts",".ts","1636"
"C:\Projects\E-Commerce\frontend\node_modules\react-icons\bi\index.js",".js","4904"
"C:\Projects\E-Commerce\frontend\node_modules\react-icons\bi\index.mjs",".mjs","4904"
"C:\Projects\E-Commerce\frontend\node_modules\react-icons\bi\package.json",".json","4"
"C:\Projects\E-Commerce\frontend\node_modules\react-icons\bs\index.d.ts",".ts","2756"
"C:\Projects\E-Commerce\frontend\node_modules\react-icons\bs\index.js",".js","8264"
"C:\Projects\E-Commerce\frontend\node_modules\react-icons\bs\index.mjs",".mjs","8264"
"C:\Projects\E-Commerce\frontend\node_modules\react-icons\bs\package.json",".json","4"
"C:\Projects\E-Commerce\frontend\node_modules\react-icons\cg\index.d.ts",".ts","706"
"C:\Projects\E-Commerce\frontend\node_modules\react-icons\cg\index.js",".js","2114"
"C:\Projects\E-Commerce\frontend\node_modules\react-icons\cg\index.mjs",".mjs","2114"
"C:\Projects\E-Commerce\frontend\node_modules\react-icons\cg\package.json",".json","4"
"C:\Projects\E-Commerce\frontend\node_modules\react-icons\ci\index.d.ts",".ts","290"
"C:\Projects\E-Commerce\frontend\node_modules\react-icons\ci\index.js",".js","866"
"C:\Projects\E-Commerce\frontend\node_modules\react-icons\ci\index.mjs",".mjs","866"
"C:\Projects\E-Commerce\frontend\node_modules\react-icons\ci\package.json",".json","4"
"C:\Projects\E-Commerce\frontend\node_modules\react-icons\di\index.d.ts",".ts","194"
"C:\Projects\E-Commerce\frontend\node_modules\react-icons\di\index.js",".js","578"
"C:\Projects\E-Commerce\frontend\node_modules\react-icons\di\index.mjs",".mjs","578"
"C:\Projects\E-Commerce\frontend\node_modules\react-icons\di\package.json",".json","4"
"C:\Projects\E-Commerce\frontend\node_modules\react-icons\fa\index.d.ts",".ts","1613"
"C:\Projects\E-Commerce\frontend\node_modules\react-icons\fa\index.js",".js","4835"
"C:\Projects\E-Commerce\frontend\node_modules\react-icons\fa\index.mjs",".mjs","4835"
"C:\Projects\E-Commerce\frontend\node_modules\react-icons\fa\package.json",".json","4"
"C:\Projects\E-Commerce\frontend\node_modules\react-icons\fa6\index.d.ts",".ts","2060"
"C:\Projects\E-Commerce\frontend\node_modules\react-icons\fa6\index.js",".js","6176"
"C:\Projects\E-Commerce\frontend\node_modules\react-icons\fa6\index.mjs",".mjs","6176"
"C:\Projects\E-Commerce\frontend\node_modules\react-icons\fa6\package.json",".json","4"
"C:\Projects\E-Commerce\frontend\node_modules\react-icons\fc\index.d.ts",".ts","331"
"C:\Projects\E-Commerce\frontend\node_modules\react-icons\fc\index.js",".js","989"
"C:\Projects\E-Commerce\frontend\node_modules\react-icons\fc\index.mjs",".mjs","989"
"C:\Projects\E-Commerce\frontend\node_modules\react-icons\fc\package.json",".json","4"
"C:\Projects\E-Commerce\frontend\node_modules\react-icons\fi\index.d.ts",".ts","289"
"C:\Projects\E-Commerce\frontend\node_modules\react-icons\fi\index.js",".js","863"
"C:\Projects\E-Commerce\frontend\node_modules\react-icons\fi\index.mjs",".mjs","863"
"C:\Projects\E-Commerce\frontend\node_modules\react-icons\fi\package.json",".json","4"
"C:\Projects\E-Commerce\frontend\node_modules\react-icons\gi\index.d.ts",".ts","4042"
"C:\Projects\E-Commerce\frontend\node_modules\react-icons\gi\index.js",".js","12122"
"C:\Projects\E-Commerce\frontend\node_modules\react-icons\gi\index.mjs",".mjs","12122"
"C:\Projects\E-Commerce\frontend\node_modules\react-icons\gi\package.json",".json","4"
"C:\Projects\E-Commerce\frontend\node_modules\react-icons\go\index.d.ts",".ts","266"
"C:\Projects\E-Commerce\frontend\node_modules\react-icons\go\index.js",".js","794"
"C:\Projects\E-Commerce\frontend\node_modules\react-icons\go\index.mjs",".mjs","794"
"C:\Projects\E-Commerce\frontend\node_modules\react-icons\go\package.json",".json","4"
"C:\Projects\E-Commerce\frontend\node_modules\react-icons\gr\index.d.ts",".ts","639"
"C:\Projects\E-Commerce\frontend\node_modules\react-icons\gr\index.js",".js","1913"
"C:\Projects\E-Commerce\frontend\node_modules\react-icons\gr\index.mjs",".mjs","1913"
"C:\Projects\E-Commerce\frontend\node_modules\react-icons\gr\package.json",".json","4"
"C:\Projects\E-Commerce\frontend\node_modules\react-icons\hi\index.d.ts",".ts","462"
"C:\Projects\E-Commerce\frontend\node_modules\react-icons\hi\index.js",".js","1382"
"C:\Projects\E-Commerce\frontend\node_modules\react-icons\hi\index.mjs",".mjs","1382"
"C:\Projects\E-Commerce\frontend\node_modules\react-icons\hi\package.json",".json","4"
"C:\Projects\E-Commerce\frontend\node_modules\react-icons\hi2\index.d.ts",".ts","974"
"C:\Projects\E-Commerce\frontend\node_modules\react-icons\hi2\index.js",".js","2918"
"C:\Projects\E-Commerce\frontend\node_modules\react-icons\hi2\index.mjs",".mjs","2918"
"C:\Projects\E-Commerce\frontend\node_modules\react-icons\hi2\package.json",".json","4"
"C:\Projects\E-Commerce\frontend\node_modules\react-icons\im\index.d.ts",".ts","493"
"C:\Projects\E-Commerce\frontend\node_modules\react-icons\im\index.js",".js","1475"
"C:\Projects\E-Commerce\frontend\node_modules\react-icons\im\index.mjs",".mjs","1475"
"C:\Projects\E-Commerce\frontend\node_modules\react-icons\im\package.json",".json","4"
"C:\Projects\E-Commerce\frontend\node_modules\react-icons\io\index.d.ts",".ts","698"
"C:\Projects\E-Commerce\frontend\node_modules\react-icons\io\index.js",".js","2090"
"C:\Projects\E-Commerce\frontend\node_modules\react-icons\io\index.mjs",".mjs","2090"
"C:\Projects\E-Commerce\frontend\node_modules\react-icons\io\package.json",".json","4"
"C:\Projects\E-Commerce\frontend\node_modules\react-icons\io5\index.d.ts",".ts","1334"
"C:\Projects\E-Commerce\frontend\node_modules\react-icons\io5\index.js",".js","3998"
"C:\Projects\E-Commerce\frontend\node_modules\react-icons\io5\index.mjs",".mjs","3998"
"C:\Projects\E-Commerce\frontend\node_modules\react-icons\io5\package.json",".json","4"
"C:\Projects\E-Commerce\frontend\node_modules\react-icons\lia\index.d.ts",".ts","1546"
"C:\Projects\E-Commerce\frontend\node_modules\react-icons\lia\index.js",".js","4634"
"C:\Projects\E-Commerce\frontend\node_modules\react-icons\lia\index.mjs",".mjs","4634"
"C:\Projects\E-Commerce\frontend\node_modules\react-icons\lia\package.json",".json","4"
"C:\Projects\E-Commerce\frontend\node_modules\react-icons\lib\iconBase.d.ts",".ts","19"
"C:\Projects\E-Commerce\frontend\node_modules\react-icons\lib\iconBase.js",".js","54"
"C:\Projects\E-Commerce\frontend\node_modules\react-icons\lib\iconBase.mjs",".mjs","47"
"C:\Projects\E-Commerce\frontend\node_modules\react-icons\lib\iconContext.d.ts",".ts","10"
"C:\Projects\E-Commerce\frontend\node_modules\react-icons\lib\iconContext.js",".js","15"
"C:\Projects\E-Commerce\frontend\node_modules\react-icons\lib\iconContext.mjs",".mjs","9"
"C:\Projects\E-Commerce\frontend\node_modules\react-icons\lib\iconsManifest.d.ts",".ts","8"
"C:\Projects\E-Commerce\frontend\node_modules\react-icons\lib\iconsManifest.js",".js","219"
"C:\Projects\E-Commerce\frontend\node_modules\react-icons\lib\iconsManifest.mjs",".mjs","219"
"C:\Projects\E-Commerce\frontend\node_modules\react-icons\lib\index.d.ts",".ts","3"
"C:\Projects\E-Commerce\frontend\node_modules\react-icons\lib\index.js",".js","37"
"C:\Projects\E-Commerce\frontend\node_modules\react-icons\lib\index.mjs",".mjs","3"
"C:\Projects\E-Commerce\frontend\node_modules\react-icons\lib\package.json",".json","4"
"C:\Projects\E-Commerce\frontend\node_modules\react-icons\lu\index.d.ts",".ts","1543"
"C:\Projects\E-Commerce\frontend\node_modules\react-icons\lu\index.js",".js","4625"
"C:\Projects\E-Commerce\frontend\node_modules\react-icons\lu\index.mjs",".mjs","4625"
"C:\Projects\E-Commerce\frontend\node_modules\react-icons\lu\package.json",".json","4"
"C:\Projects\E-Commerce\frontend\node_modules\react-icons\md\index.d.ts",".ts","4343"
"C:\Projects\E-Commerce\frontend\node_modules\react-icons\md\index.js",".js","13025"
"C:\Projects\E-Commerce\frontend\node_modules\react-icons\md\index.mjs",".mjs","13025"
"C:\Projects\E-Commerce\frontend\node_modules\react-icons\md\package.json",".json","4"
"C:\Projects\E-Commerce\frontend\node_modules\react-icons\pi\index.d.ts",".ts","9074"
"C:\Projects\E-Commerce\frontend\node_modules\react-icons\pi\index.js",".js","27218"
"C:\Projects\E-Commerce\frontend\node_modules\react-icons\pi\index.mjs",".mjs","27218"
"C:\Projects\E-Commerce\frontend\node_modules\react-icons\pi\package.json",".json","4"
"C:\Projects\E-Commerce\frontend\node_modules\react-icons\ri\index.d.ts",".ts","3231"
"C:\Projects\E-Commerce\frontend\node_modules\react-icons\ri\index.js",".js","9689"
"C:\Projects\E-Commerce\frontend\node_modules\react-icons\ri\index.mjs",".mjs","9689"
"C:\Projects\E-Commerce\frontend\node_modules\react-icons\ri\package.json",".json","4"
"C:\Projects\E-Commerce\frontend\node_modules\react-icons\rx\index.d.ts",".ts","334"
"C:\Projects\E-Commerce\frontend\node_modules\react-icons\rx\index.js",".js","998"
"C:\Projects\E-Commerce\frontend\node_modules\react-icons\rx\index.mjs",".mjs","998"
"C:\Projects\E-Commerce\frontend\node_modules\react-icons\rx\package.json",".json","4"
"C:\Projects\E-Commerce\frontend\node_modules\react-icons\si\index.d.ts",".ts","3448"
"C:\Projects\E-Commerce\frontend\node_modules\react-icons\si\index.js",".js","10340"
"C:\Projects\E-Commerce\frontend\node_modules\react-icons\si\index.mjs",".mjs","10340"
"C:\Projects\E-Commerce\frontend\node_modules\react-icons\si\package.json",".json","4"
"C:\Projects\E-Commerce\frontend\node_modules\react-icons\sl\index.d.ts",".ts","191"
"C:\Projects\E-Commerce\frontend\node_modules\react-icons\sl\index.js",".js","569"
"C:\Projects\E-Commerce\frontend\node_modules\react-icons\sl\index.mjs",".mjs","569"
"C:\Projects\E-Commerce\frontend\node_modules\react-icons\sl\package.json",".json","4"
"C:\Projects\E-Commerce\frontend\node_modules\react-icons\tb\index.d.ts",".ts","6148"
"C:\Projects\E-Commerce\frontend\node_modules\react-icons\tb\index.js",".js","18440"
"C:\Projects\E-Commerce\frontend\node_modules\react-icons\tb\index.mjs",".mjs","18440"
"C:\Projects\E-Commerce\frontend\node_modules\react-icons\tb\package.json",".json","4"
"C:\Projects\E-Commerce\frontend\node_modules\react-icons\tfi\index.d.ts",".ts","354"
"C:\Projects\E-Commerce\frontend\node_modules\react-icons\tfi\index.js",".js","1058"
"C:\Projects\E-Commerce\frontend\node_modules\react-icons\tfi\index.mjs",".mjs","1058"
"C:\Projects\E-Commerce\frontend\node_modules\react-icons\tfi\package.json",".json","4"
"C:\Projects\E-Commerce\frontend\node_modules\react-icons\ti\index.d.ts",".ts","338"
"C:\Projects\E-Commerce\frontend\node_modules\react-icons\ti\index.js",".js","1010"
"C:\Projects\E-Commerce\frontend\node_modules\react-icons\ti\index.mjs",".mjs","1010"
"C:\Projects\E-Commerce\frontend\node_modules\react-icons\ti\package.json",".json","4"
"C:\Projects\E-Commerce\frontend\node_modules\react-icons\vsc\index.d.ts",".ts","614"
"C:\Projects\E-Commerce\frontend\node_modules\react-icons\vsc\index.js",".js","1838"
"C:\Projects\E-Commerce\frontend\node_modules\react-icons\vsc\index.mjs",".mjs","1838"
"C:\Projects\E-Commerce\frontend\node_modules\react-icons\vsc\package.json",".json","4"
"C:\Projects\E-Commerce\frontend\node_modules\react-icons\wi\index.d.ts",".ts","221"
"C:\Projects\E-Commerce\frontend\node_modules\react-icons\wi\index.js",".js","659"
"C:\Projects\E-Commerce\frontend\node_modules\react-icons\wi\index.mjs",".mjs","659"
"C:\Projects\E-Commerce\frontend\node_modules\react-icons\wi\package.json",".json","4"
"C:\Projects\E-Commerce\frontend\node_modules\react-icons\index.d.ts",".ts","2"
"C:\Projects\E-Commerce\frontend\node_modules\react-icons\index.js",".js","2"
"C:\Projects\E-Commerce\frontend\node_modules\react-icons\index.mjs",".mjs","2"
"C:\Projects\E-Commerce\frontend\node_modules\react-icons\LICENSE","","69"
"C:\Projects\E-Commerce\frontend\node_modules\react-icons\package.json",".json","225"
"C:\Projects\E-Commerce\frontend\node_modules\react-icons\README.md",".md","195"
"C:\Projects\E-Commerce\frontend\node_modules\react-router\dist\lib\components.d.ts",".ts","157"
"C:\Projects\E-Commerce\frontend\node_modules\react-router\dist\lib\context.d.ts",".ts","102"
"C:\Projects\E-Commerce\frontend\node_modules\react-router\dist\lib\deprecations.d.ts",".ts","4"
"C:\Projects\E-Commerce\frontend\node_modules\react-router\dist\lib\hooks.d.ts",".ts","181"
"C:\Projects\E-Commerce\frontend\node_modules\react-router\dist\umd\react-router.development.js",".js","1550"
"C:\Projects\E-Commerce\frontend\node_modules\react-router\dist\umd\react-router.development.js.map",".map","1"
"C:\Projects\E-Commerce\frontend\node_modules\react-router\dist\umd\react-router.production.min.js",".js","12"
"C:\Projects\E-Commerce\frontend\node_modules\react-router\dist\umd\react-router.production.min.js.map",".map","1"
"C:\Projects\E-Commerce\frontend\node_modules\react-router\dist\index.d.ts",".ts","30"
"C:\Projects\E-Commerce\frontend\node_modules\react-router\dist\index.js",".js","1431"
"C:\Projects\E-Commerce\frontend\node_modules\react-router\dist\index.js.map",".map","1"
"C:\Projects\E-Commerce\frontend\node_modules\react-router\dist\main.js",".js","17"
"C:\Projects\E-Commerce\frontend\node_modules\react-router\dist\react-router.development.js",".js","1387"
"C:\Projects\E-Commerce\frontend\node_modules\react-router\dist\react-router.development.js.map",".map","1"
"C:\Projects\E-Commerce\frontend\node_modules\react-router\dist\react-router.production.min.js",".js","12"
"C:\Projects\E-Commerce\frontend\node_modules\react-router\dist\react-router.production.min.js.map",".map","1"
"C:\Projects\E-Commerce\frontend\node_modules\react-router\CHANGELOG.md",".md","591"
"C:\Projects\E-Commerce\frontend\node_modules\react-router\LICENSE.md",".md","19"
"C:\Projects\E-Commerce\frontend\node_modules\react-router\package.json",".json","44"
"C:\Projects\E-Commerce\frontend\node_modules\react-router\README.md",".md","13"
"C:\Projects\E-Commerce\frontend\node_modules\react-router-dom\dist\umd\react-router-dom.development.js",".js","1732"
"C:\Projects\E-Commerce\frontend\node_modules\react-router-dom\dist\umd\react-router-dom.development.js.map",".map","1"
"C:\Projects\E-Commerce\frontend\node_modules\react-router-dom\dist\umd\react-router-dom.production.min.js",".js","12"
"C:\Projects\E-Commerce\frontend\node_modules\react-router-dom\dist\umd\react-router-dom.production.min.js.map",".map","1"
"C:\Projects\E-Commerce\frontend\node_modules\react-router-dom\dist\dom.d.ts",".ts","117"
"C:\Projects\E-Commerce\frontend\node_modules\react-router-dom\dist\index.d.ts",".ts","331"
"C:\Projects\E-Commerce\frontend\node_modules\react-router-dom\dist\index.js",".js","1443"
"C:\Projects\E-Commerce\frontend\node_modules\react-router-dom\dist\index.js.map",".map","1"
"C:\Projects\E-Commerce\frontend\node_modules\react-router-dom\dist\main.js",".js","17"
"C:\Projects\E-Commerce\frontend\node_modules\react-router-dom\dist\react-router-dom.development.js",".js","1441"
"C:\Projects\E-Commerce\frontend\node_modules\react-router-dom\dist\react-router-dom.development.js.map",".map","1"
"C:\Projects\E-Commerce\frontend\node_modules\react-router-dom\dist\react-router-dom.production.min.js",".js","12"
"C:\Projects\E-Commerce\frontend\node_modules\react-router-dom\dist\react-router-dom.production.min.js.map",".map","1"
"C:\Projects\E-Commerce\frontend\node_modules\react-router-dom\dist\server.d.ts",".ts","31"
"C:\Projects\E-Commerce\frontend\node_modules\react-router-dom\dist\server.js",".js","316"
"C:\Projects\E-Commerce\frontend\node_modules\react-router-dom\dist\server.mjs",".mjs","293"
"C:\Projects\E-Commerce\frontend\node_modules\react-router-dom\CHANGELOG.md",".md","732"
"C:\Projects\E-Commerce\frontend\node_modules\react-router-dom\LICENSE.md",".md","19"
"C:\Projects\E-Commerce\frontend\node_modules\react-router-dom\package.json",".json","49"
"C:\Projects\E-Commerce\frontend\node_modules\react-router-dom\README.md",".md","4"
"C:\Projects\E-Commerce\frontend\node_modules\react-router-dom\server.d.ts",".ts","31"
"C:\Projects\E-Commerce\frontend\node_modules\react-router-dom\server.js",".js","316"
"C:\Projects\E-Commerce\frontend\node_modules\react-router-dom\server.mjs",".mjs","293"
"C:\Projects\E-Commerce\frontend\node_modules\read-cache\index.js",".js","61"
"C:\Projects\E-Commerce\frontend\node_modules\read-cache\LICENSE","","16"
"C:\Projects\E-Commerce\frontend\node_modules\read-cache\package.json",".json","34"
"C:\Projects\E-Commerce\frontend\node_modules\read-cache\README.md",".md","25"
"C:\Projects\E-Commerce\frontend\node_modules\readdirp\index.d.ts",".ts","35"
"C:\Projects\E-Commerce\frontend\node_modules\readdirp\index.js",".js","255"
"C:\Projects\E-Commerce\frontend\node_modules\readdirp\LICENSE","","17"
"C:\Projects\E-Commerce\frontend\node_modules\readdirp\package.json",".json","122"
"C:\Projects\E-Commerce\frontend\node_modules\readdirp\README.md",".md","98"
"C:\Projects\E-Commerce\frontend\node_modules\requires-port\.npmignore",".npmignore","2"
"C:\Projects\E-Commerce\frontend\node_modules\requires-port\.travis.yml",".yml","19"
"C:\Projects\E-Commerce\frontend\node_modules\requires-port\index.js",".js","30"
"C:\Projects\E-Commerce\frontend\node_modules\requires-port\LICENSE","","17"
"C:\Projects\E-Commerce\frontend\node_modules\requires-port\package.json",".json","47"
"C:\Projects\E-Commerce\frontend\node_modules\requires-port\README.md",".md","33"
"C:\Projects\E-Commerce\frontend\node_modules\requires-port\test.js",".js","81"
"C:\Projects\E-Commerce\frontend\node_modules\resolve\.claude\notes.md",".md","22"
"C:\Projects\E-Commerce\frontend\node_modules\resolve\.claude\settings.local.json",".json","26"
"C:\Projects\E-Commerce\frontend\node_modules\resolve\.github\FUNDING.yml",".yml","11"
"C:\Projects\E-Commerce\frontend\node_modules\resolve\.github\INCIDENT_RESPONSE_PROCESS.md",".md","87"
"C:\Projects\E-Commerce\frontend\node_modules\resolve\.github\THREAT_MODEL.md",".md","56"
"C:\Projects\E-Commerce\frontend\node_modules\resolve\bin\resolve","","41"
"C:\Projects\E-Commerce\frontend\node_modules\resolve\example\async.js",".js","5"
"C:\Projects\E-Commerce\frontend\node_modules\resolve\example\sync.js",".js","3"
"C:\Projects\E-Commerce\frontend\node_modules\resolve\lib\async.js",".js","295"
"C:\Projects\E-Commerce\frontend\node_modules\resolve\lib\caller.js",".js","10"
"C:\Projects\E-Commerce\frontend\node_modules\resolve\lib\core.js",".js","10"
"C:\Projects\E-Commerce\frontend\node_modules\resolve\lib\core.json",".json","162"
"C:\Projects\E-Commerce\frontend\node_modules\resolve\lib\homedir.js",".js","24"
"C:\Projects\E-Commerce\frontend\node_modules\resolve\lib\is-core.js",".js","4"
"C:\Projects\E-Commerce\frontend\node_modules\resolve\lib\node-modules-paths.js",".js","38"
"C:\Projects\E-Commerce\frontend\node_modules\resolve\lib\normalize-options.js",".js","9"
"C:\Projects\E-Commerce\frontend\node_modules\resolve\lib\sync.js",".js","183"
"C:\Projects\E-Commerce\frontend\node_modules\resolve\test\dotdot\abc\index.js",".js","2"
"C:\Projects\E-Commerce\frontend\node_modules\resolve\test\dotdot\index.js",".js","1"
"C:\Projects\E-Commerce\frontend\node_modules\resolve\test\module_dir\xmodules\aaa\index.js",".js","1"
"C:\Projects\E-Commerce\frontend\node_modules\resolve\test\module_dir\ymodules\aaa\index.js",".js","1"
"C:\Projects\E-Commerce\frontend\node_modules\resolve\test\module_dir\zmodules\bbb\main.js",".js","1"
"C:\Projects\E-Commerce\frontend\node_modules\resolve\test\module_dir\zmodules\bbb\package.json",".json","3"
"C:\Projects\E-Commerce\frontend\node_modules\resolve\test\node_path\x\aaa\index.js",".js","1"
"C:\Projects\E-Commerce\frontend\node_modules\resolve\test\node_path\x\ccc\index.js",".js","1"
"C:\Projects\E-Commerce\frontend\node_modules\resolve\test\node_path\y\bbb\index.js",".js","1"
"C:\Projects\E-Commerce\frontend\node_modules\resolve\test\node_path\y\ccc\index.js",".js","1"
"C:\Projects\E-Commerce\frontend\node_modules\resolve\test\pathfilter\deep_ref\main.js",".js","0"
"C:\Projects\E-Commerce\frontend\node_modules\resolve\test\precedence\aaa\index.js",".js","1"
"C:\Projects\E-Commerce\frontend\node_modules\resolve\test\precedence\aaa\main.js",".js","1"
"C:\Projects\E-Commerce\frontend\node_modules\resolve\test\precedence\bbb\main.js",".js","1"
"C:\Projects\E-Commerce\frontend\node_modules\resolve\test\precedence\aaa.js",".js","1"
"C:\Projects\E-Commerce\frontend\node_modules\resolve\test\precedence\bbb.js",".js","1"
"C:\Projects\E-Commerce\frontend\node_modules\resolve\test\resolver\baz\doom.js",".js","0"
"C:\Projects\E-Commerce\frontend\node_modules\resolve\test\resolver\baz\package.json",".json","4"
"C:\Projects\E-Commerce\frontend\node_modules\resolve\test\resolver\baz\quux.js",".js","1"
"C:\Projects\E-Commerce\frontend\node_modules\resolve\test\resolver\browser_field\a.js",".js","0"
"C:\Projects\E-Commerce\frontend\node_modules\resolve\test\resolver\browser_field\b.js",".js","0"
"C:\Projects\E-Commerce\frontend\node_modules\resolve\test\resolver\browser_field\package.json",".json","5"
"C:\Projects\E-Commerce\frontend\node_modules\resolve\test\resolver\dot_main\index.js",".js","1"
"C:\Projects\E-Commerce\frontend\node_modules\resolve\test\resolver\dot_main\package.json",".json","3"
"C:\Projects\E-Commerce\frontend\node_modules\resolve\test\resolver\dot_slash_main\index.js",".js","1"
"C:\Projects\E-Commerce\frontend\node_modules\resolve\test\resolver\dot_slash_main\package.json",".json","3"
"C:\Projects\E-Commerce\frontend\node_modules\resolve\test\resolver\false_main\index.js",".js","0"
"C:\Projects\E-Commerce\frontend\node_modules\resolve\test\resolver\false_main\package.json",".json","4"
"C:\Projects\E-Commerce\frontend\node_modules\resolve\test\resolver\incorrect_main\index.js",".js","2"
"C:\Projects\E-Commerce\frontend\node_modules\resolve\test\resolver\incorrect_main\package.json",".json","3"
"C:\Projects\E-Commerce\frontend\node_modules\resolve\test\resolver\invalid_main\package.json",".json","7"
"C:\Projects\E-Commerce\frontend\node_modules\resolve\test\resolver\multirepo\packages\package-a\index.js",".js","29"
"C:\Projects\E-Commerce\frontend\node_modules\resolve\test\resolver\multirepo\packages\package-a\package.json",".json","14"
"C:\Projects\E-Commerce\frontend\node_modules\resolve\test\resolver\multirepo\packages\package-b\index.js",".js","0"
"C:\Projects\E-Commerce\frontend\node_modules\resolve\test\resolver\multirepo\packages\package-b\package.json",".json","14"
"C:\Projects\E-Commerce\frontend\node_modules\resolve\test\resolver\multirepo\lerna.json",".json","6"
"C:\Projects\E-Commerce\frontend\node_modules\resolve\test\resolver\multirepo\package.json",".json","20"
"C:\Projects\E-Commerce\frontend\node_modules\resolve\test\resolver\nested_symlinks\mylib\async.js",".js","22"
"C:\Projects\E-Commerce\frontend\node_modules\resolve\test\resolver\nested_symlinks\mylib\package.json",".json","15"
"C:\Projects\E-Commerce\frontend\node_modules\resolve\test\resolver\nested_symlinks\mylib\sync.js",".js","10"
"C:\Projects\E-Commerce\frontend\node_modules\resolve\test\resolver\other_path\lib\other-lib.js",".js","0"
"C:\Projects\E-Commerce\frontend\node_modules\resolve\test\resolver\other_path\root.js",".js","0"
"C:\Projects\E-Commerce\frontend\node_modules\resolve\test\resolver\quux\foo\index.js",".js","1"
"C:\Projects\E-Commerce\frontend\node_modules\resolve\test\resolver\same_names\foo\index.js",".js","1"
"C:\Projects\E-Commerce\frontend\node_modules\resolve\test\resolver\same_names\foo.js",".js","1"
"C:\Projects\E-Commerce\frontend\node_modules\resolve\test\resolver\symlinked\package\bar.js",".js","1"
"C:\Projects\E-Commerce\frontend\node_modules\resolve\test\resolver\symlinked\package\package.json",".json","3"
"C:\Projects\E-Commerce\frontend\node_modules\resolve\test\resolver\symlinked\_\node_modules\foo.js",".js","0"
"C:\Projects\E-Commerce\frontend\node_modules\resolve\test\resolver\symlinked\_\symlink_target\.gitkeep",".gitkeep","0"
"C:\Projects\E-Commerce\frontend\node_modules\resolve\test\resolver\without_basedir\main.js",".js","4"
"C:\Projects\E-Commerce\frontend\node_modules\resolve\test\resolver\cup.coffee",".coffee","0"
"C:\Projects\E-Commerce\frontend\node_modules\resolve\test\resolver\foo.js",".js","1"
"C:\Projects\E-Commerce\frontend\node_modules\resolve\test\resolver\mug.coffee",".coffee","0"
"C:\Projects\E-Commerce\frontend\node_modules\resolve\test\resolver\mug.js",".js","0"
"C:\Projects\E-Commerce\frontend\node_modules\resolve\test\shadowed_core\node_modules\util\index.js",".js","0"
"C:\Projects\E-Commerce\frontend\node_modules\resolve\test\core.js",".js","76"
"C:\Projects\E-Commerce\frontend\node_modules\resolve\test\default_paths.js",".js","36"
"C:\Projects\E-Commerce\frontend\node_modules\resolve\test\dotdot.js",".js","23"
"C:\Projects\E-Commerce\frontend\node_modules\resolve\test\faulty_basedir.js",".js","22"
"C:\Projects\E-Commerce\frontend\node_modules\resolve\test\filter.js",".js","29"
"C:\Projects\E-Commerce\frontend\node_modules\resolve\test\filter_sync.js",".js","27"
"C:\Projects\E-Commerce\frontend\node_modules\resolve\test\homedir.js",".js","79"
"C:\Projects\E-Commerce\frontend\node_modules\resolve\test\home_paths.js",".js","105"
"C:\Projects\E-Commerce\frontend\node_modules\resolve\test\home_paths_sync.js",".js","93"
"C:\Projects\E-Commerce\frontend\node_modules\resolve\test\mock.js",".js","300"
"C:\Projects\E-Commerce\frontend\node_modules\resolve\test\mock_sync.js",".js","195"
"C:\Projects\E-Commerce\frontend\node_modules\resolve\test\module_dir.js",".js","51"
"C:\Projects\E-Commerce\frontend\node_modules\resolve\test\node-modules-paths.js",".js","110"
"C:\Projects\E-Commerce\frontend\node_modules\resolve\test\node_path.js",".js","64"
"C:\Projects\E-Commerce\frontend\node_modules\resolve\test\nonstring.js",".js","8"
"C:\Projects\E-Commerce\frontend\node_modules\resolve\test\pathfilter.js",".js","61"
"C:\Projects\E-Commerce\frontend\node_modules\resolve\test\pathfilter_sync.js",".js","20"
"C:\Projects\E-Commerce\frontend\node_modules\resolve\test\precedence.js",".js","19"
"C:\Projects\E-Commerce\frontend\node_modules\resolve\test\resolver.js",".js","498"
"C:\Projects\E-Commerce\frontend\node_modules\resolve\test\resolver_sync.js",".js","625"
"C:\Projects\E-Commerce\frontend\node_modules\resolve\test\shadowed_core.js",".js","39"
"C:\Projects\E-Commerce\frontend\node_modules\resolve\test\subdirs.js",".js","11"
"C:\Projects\E-Commerce\frontend\node_modules\resolve\test\symlinks.js",".js","156"
"C:\Projects\E-Commerce\frontend\node_modules\resolve\.editorconfig",".editorconfig","30"
"C:\Projects\E-Commerce\frontend\node_modules\resolve\.eslintrc",".eslintrc","62"
"C:\Projects\E-Commerce\frontend\node_modules\resolve\async.js",".js","2"
"C:\Projects\E-Commerce\frontend\node_modules\resolve\eslint.config.mjs",".mjs","79"
"C:\Projects\E-Commerce\frontend\node_modules\resolve\index.js",".js","5"
"C:\Projects\E-Commerce\frontend\node_modules\resolve\LICENSE","","17"
"C:\Projects\E-Commerce\frontend\node_modules\resolve\package.json",".json","78"
"C:\Projects\E-Commerce\frontend\node_modules\resolve\readme.markdown",".markdown","239"
"C:\Projects\E-Commerce\frontend\node_modules\resolve\SECURITY.md",".md","8"
"C:\Projects\E-Commerce\frontend\node_modules\resolve\sync.js",".js","2"
"C:\Projects\E-Commerce\frontend\node_modules\reusify\.github\workflows\ci.yml",".yml","73"
"C:\Projects\E-Commerce\frontend\node_modules\reusify\.github\dependabot.yml",".yml","7"
"C:\Projects\E-Commerce\frontend\node_modules\reusify\benchmarks\createNoCodeFunction.js",".js","25"
"C:\Projects\E-Commerce\frontend\node_modules\reusify\benchmarks\fib.js",".js","10"
"C:\Projects\E-Commerce\frontend\node_modules\reusify\benchmarks\reuseNoCodeFunction.js",".js","33"
"C:\Projects\E-Commerce\frontend\node_modules\reusify\eslint.config.js",".js","12"
"C:\Projects\E-Commerce\frontend\node_modules\reusify\LICENSE","","17"
"C:\Projects\E-Commerce\frontend\node_modules\reusify\package.json",".json","50"
"C:\Projects\E-Commerce\frontend\node_modules\reusify\README.md",".md","106"
"C:\Projects\E-Commerce\frontend\node_modules\reusify\reusify.d.ts",".ts","11"
"C:\Projects\E-Commerce\frontend\node_modules\reusify\reusify.js",".js","25"
"C:\Projects\E-Commerce\frontend\node_modules\reusify\SECURITY.md",".md","10"
"C:\Projects\E-Commerce\frontend\node_modules\reusify\test.js",".js","50"
"C:\Projects\E-Commerce\frontend\node_modules\reusify\tsconfig.json",".json","11"
"C:\Projects\E-Commerce\frontend\node_modules\rollup\dist\bin\rollup","","1817"
"C:\Projects\E-Commerce\frontend\node_modules\rollup\dist\es\shared\node-entry.js",".js","23557"
"C:\Projects\E-Commerce\frontend\node_modules\rollup\dist\es\shared\parseAst.js",".js","2090"
"C:\Projects\E-Commerce\frontend\node_modules\rollup\dist\es\shared\watch.js",".js","8378"
"C:\Projects\E-Commerce\frontend\node_modules\rollup\dist\es\getLogFilter.js",".js","62"
"C:\Projects\E-Commerce\frontend\node_modules\rollup\dist\es\package.json",".json","1"
"C:\Projects\E-Commerce\frontend\node_modules\rollup\dist\es\parseAst.js",".js","10"
"C:\Projects\E-Commerce\frontend\node_modules\rollup\dist\es\rollup.js",".js","15"
"C:\Projects\E-Commerce\frontend\node_modules\rollup\dist\shared\fsevents-importer.js",".js","32"
"C:\Projects\E-Commerce\frontend\node_modules\rollup\dist\shared\index.js",".js","8085"
"C:\Projects\E-Commerce\frontend\node_modules\rollup\dist\shared\loadConfigFile.js",".js","563"
"C:\Projects\E-Commerce\frontend\node_modules\rollup\dist\shared\parseAst.js",".js","2326"
"C:\Projects\E-Commerce\frontend\node_modules\rollup\dist\shared\rollup.js",".js","23479"
"C:\Projects\E-Commerce\frontend\node_modules\rollup\dist\shared\watch-cli.js",".js","525"
"C:\Projects\E-Commerce\frontend\node_modules\rollup\dist\shared\watch.js",".js","317"
"C:\Projects\E-Commerce\frontend\node_modules\rollup\dist\getLogFilter.d.ts",".ts","3"
"C:\Projects\E-Commerce\frontend\node_modules\rollup\dist\getLogFilter.js",".js","65"
"C:\Projects\E-Commerce\frontend\node_modules\rollup\dist\loadConfigFile.d.ts",".ts","17"
"C:\Projects\E-Commerce\frontend\node_modules\rollup\dist\loadConfigFile.js",".js","22"
"C:\Projects\E-Commerce\frontend\node_modules\rollup\dist\native.js",".js","148"
"C:\Projects\E-Commerce\frontend\node_modules\rollup\dist\parseAst.d.ts",".ts","3"
"C:\Projects\E-Commerce\frontend\node_modules\rollup\dist\parseAst.js",".js","15"
"C:\Projects\E-Commerce\frontend\node_modules\rollup\dist\rollup.d.ts",".ts","1043"
"C:\Projects\E-Commerce\frontend\node_modules\rollup\dist\rollup.js",".js","121"
"C:\Projects\E-Commerce\frontend\node_modules\rollup\LICENSE.md",".md","586"
"C:\Projects\E-Commerce\frontend\node_modules\rollup\package.json",".json","298"
"C:\Projects\E-Commerce\frontend\node_modules\rollup\README.md",".md","91"
"C:\Projects\E-Commerce\frontend\node_modules\run-parallel\index.js",".js","44"
"C:\Projects\E-Commerce\frontend\node_modules\run-parallel\LICENSE","","16"
"C:\Projects\E-Commerce\frontend\node_modules\run-parallel\package.json",".json","58"
"C:\Projects\E-Commerce\frontend\node_modules\run-parallel\README.md",".md","65"
"C:\Projects\E-Commerce\frontend\node_modules\safer-buffer\dangerous.js",".js","47"
"C:\Projects\E-Commerce\frontend\node_modules\safer-buffer\LICENSE","","17"
"C:\Projects\E-Commerce\frontend\node_modules\safer-buffer\package.json",".json","34"
"C:\Projects\E-Commerce\frontend\node_modules\safer-buffer\Porting-Buffer.md",".md","200"
"C:\Projects\E-Commerce\frontend\node_modules\safer-buffer\Readme.md",".md","115"
"C:\Projects\E-Commerce\frontend\node_modules\safer-buffer\safer.js",".js","65"
"C:\Projects\E-Commerce\frontend\node_modules\safer-buffer\tests.js",".js","376"
"C:\Projects\E-Commerce\frontend\node_modules\saxes\package.json",".json","70"
"C:\Projects\E-Commerce\frontend\node_modules\saxes\README.md",".md","245"
"C:\Projects\E-Commerce\frontend\node_modules\saxes\saxes.d.ts",".ts","635"
"C:\Projects\E-Commerce\frontend\node_modules\saxes\saxes.js",".js","2064"
"C:\Projects\E-Commerce\frontend\node_modules\saxes\saxes.js.map",".map","1"
"C:\Projects\E-Commerce\frontend\node_modules\scheduler\cjs\scheduler-unstable_mock.development.js",".js","571"
"C:\Projects\E-Commerce\frontend\node_modules\scheduler\cjs\scheduler-unstable_mock.production.min.js",".js","20"
"C:\Projects\E-Commerce\frontend\node_modules\scheduler\cjs\scheduler-unstable_post_task.development.js",".js","181"
"C:\Projects\E-Commerce\frontend\node_modules\scheduler\cjs\scheduler-unstable_post_task.production.min.js",".js","14"
"C:\Projects\E-Commerce\frontend\node_modules\scheduler\cjs\scheduler.development.js",".js","517"
"C:\Projects\E-Commerce\frontend\node_modules\scheduler\cjs\scheduler.production.min.js",".js","19"
"C:\Projects\E-Commerce\frontend\node_modules\scheduler\umd\scheduler-unstable_mock.development.js",".js","571"
"C:\Projects\E-Commerce\frontend\node_modules\scheduler\umd\scheduler-unstable_mock.production.min.js",".js","19"
"C:\Projects\E-Commerce\frontend\node_modules\scheduler\umd\scheduler.development.js",".js","136"
"C:\Projects\E-Commerce\frontend\node_modules\scheduler\umd\scheduler.production.min.js",".js","130"
"C:\Projects\E-Commerce\frontend\node_modules\scheduler\umd\scheduler.profiling.min.js",".js","130"
"C:\Projects\E-Commerce\frontend\node_modules\scheduler\index.js",".js","6"
"C:\Projects\E-Commerce\frontend\node_modules\scheduler\LICENSE","","17"
"C:\Projects\E-Commerce\frontend\node_modules\scheduler\package.json",".json","36"
"C:\Projects\E-Commerce\frontend\node_modules\scheduler\README.md",".md","5"
"C:\Projects\E-Commerce\frontend\node_modules\scheduler\unstable_mock.js",".js","6"
"C:\Projects\E-Commerce\frontend\node_modules\scheduler\unstable_post_task.js",".js","6"
"C:\Projects\E-Commerce\frontend\node_modules\source-map\dist\source-map.debug.js",".js","3201"
"C:\Projects\E-Commerce\frontend\node_modules\source-map\dist\source-map.js",".js","2869"
"C:\Projects\E-Commerce\frontend\node_modules\source-map\dist\source-map.min.js",".js","2"
"C:\Projects\E-Commerce\frontend\node_modules\source-map\dist\source-map.min.js.map",".map","1"
"C:\Projects\E-Commerce\frontend\node_modules\source-map\lib\array-set.js",".js","110"
"C:\Projects\E-Commerce\frontend\node_modules\source-map\lib\base64-vlq.js",".js","123"
"C:\Projects\E-Commerce\frontend\node_modules\source-map\lib\base64.js",".js","54"
"C:\Projects\E-Commerce\frontend\node_modules\source-map\lib\binary-search.js",".js","103"
"C:\Projects\E-Commerce\frontend\node_modules\source-map\lib\mapping-list.js",".js","72"
"C:\Projects\E-Commerce\frontend\node_modules\source-map\lib\quick-sort.js",".js","102"
"C:\Projects\E-Commerce\frontend\node_modules\source-map\lib\source-map-consumer.js",".js","1020"
"C:\Projects\E-Commerce\frontend\node_modules\source-map\lib\source-map-generator.js",".js","385"
"C:\Projects\E-Commerce\frontend\node_modules\source-map\lib\source-node.js",".js","387"
"C:\Projects\E-Commerce\frontend\node_modules\source-map\lib\util.js",".js","427"
"C:\Projects\E-Commerce\frontend\node_modules\source-map\CHANGELOG.md",".md","177"
"C:\Projects\E-Commerce\frontend\node_modules\source-map\LICENSE","","22"
"C:\Projects\E-Commerce\frontend\node_modules\source-map\package.json",".json","73"
"C:\Projects\E-Commerce\frontend\node_modules\source-map\README.md",".md","551"
"C:\Projects\E-Commerce\frontend\node_modules\source-map\source-map.d.ts",".ts","84"
"C:\Projects\E-Commerce\frontend\node_modules\source-map\source-map.js",".js","8"
"C:\Projects\E-Commerce\frontend\node_modules\source-map-js\lib\array-set.js",".js","110"
"C:\Projects\E-Commerce\frontend\node_modules\source-map-js\lib\base64-vlq.js",".js","123"
"C:\Projects\E-Commerce\frontend\node_modules\source-map-js\lib\base64.js",".js","54"
"C:\Projects\E-Commerce\frontend\node_modules\source-map-js\lib\binary-search.js",".js","103"
"C:\Projects\E-Commerce\frontend\node_modules\source-map-js\lib\mapping-list.js",".js","72"
"C:\Projects\E-Commerce\frontend\node_modules\source-map-js\lib\quick-sort.js",".js","116"
"C:\Projects\E-Commerce\frontend\node_modules\source-map-js\lib\source-map-consumer.d.ts",".ts","1"
"C:\Projects\E-Commerce\frontend\node_modules\source-map-js\lib\source-map-consumer.js",".js","1061"
"C:\Projects\E-Commerce\frontend\node_modules\source-map-js\lib\source-map-generator.d.ts",".ts","1"
"C:\Projects\E-Commerce\frontend\node_modules\source-map-js\lib\source-map-generator.js",".js","402"
"C:\Projects\E-Commerce\frontend\node_modules\source-map-js\lib\source-node.d.ts",".ts","1"
"C:\Projects\E-Commerce\frontend\node_modules\source-map-js\lib\source-node.js",".js","387"
"C:\Projects\E-Commerce\frontend\node_modules\source-map-js\lib\util.js",".js","515"
"C:\Projects\E-Commerce\frontend\node_modules\source-map-js\LICENSE","","22"
"C:\Projects\E-Commerce\frontend\node_modules\source-map-js\package.json",".json","71"
"C:\Projects\E-Commerce\frontend\node_modules\source-map-js\README.md",".md","564"
"C:\Projects\E-Commerce\frontend\node_modules\source-map-js\source-map.d.ts",".ts","89"
"C:\Projects\E-Commerce\frontend\node_modules\source-map-js\source-map.js",".js","8"
"C:\Projects\E-Commerce\frontend\node_modules\sucrase\bin\sucrase","","2"
"C:\Projects\E-Commerce\frontend\node_modules\sucrase\bin\sucrase-node","","16"
"C:\Projects\E-Commerce\frontend\node_modules\sucrase\dist\esm\parser\plugins\jsx\index.js",".js","339"
"C:\Projects\E-Commerce\frontend\node_modules\sucrase\dist\esm\parser\plugins\jsx\xhtml.js",".js","256"
"C:\Projects\E-Commerce\frontend\node_modules\sucrase\dist\esm\parser\plugins\flow.js",".js","975"
"C:\Projects\E-Commerce\frontend\node_modules\sucrase\dist\esm\parser\plugins\types.js",".js","34"
"C:\Projects\E-Commerce\frontend\node_modules\sucrase\dist\esm\parser\plugins\typescript.js",".js","1490"
"C:\Projects\E-Commerce\frontend\node_modules\sucrase\dist\esm\parser\tokenizer\index.js",".js","899"
"C:\Projects\E-Commerce\frontend\node_modules\sucrase\dist\esm\parser\tokenizer\keywords.js",".js","43"
"C:\Projects\E-Commerce\frontend\node_modules\sucrase\dist\esm\parser\tokenizer\readWord.js",".js","61"
"C:\Projects\E-Commerce\frontend\node_modules\sucrase\dist\esm\parser\tokenizer\readWordTree.js",".js","670"
"C:\Projects\E-Commerce\frontend\node_modules\sucrase\dist\esm\parser\tokenizer\state.js",".js","91"
"C:\Projects\E-Commerce\frontend\node_modules\sucrase\dist\esm\parser\tokenizer\types.js",".js","360"
"C:\Projects\E-Commerce\frontend\node_modules\sucrase\dist\esm\parser\traverser\base.js",".js","54"
"C:\Projects\E-Commerce\frontend\node_modules\sucrase\dist\esm\parser\traverser\expression.js",".js","917"
"C:\Projects\E-Commerce\frontend\node_modules\sucrase\dist\esm\parser\traverser\index.js",".js","16"
"C:\Projects\E-Commerce\frontend\node_modules\sucrase\dist\esm\parser\traverser\lval.js",".js","142"
"C:\Projects\E-Commerce\frontend\node_modules\sucrase\dist\esm\parser\traverser\statement.js",".js","1207"
"C:\Projects\E-Commerce\frontend\node_modules\sucrase\dist\esm\parser\traverser\util.js",".js","91"
"C:\Projects\E-Commerce\frontend\node_modules\sucrase\dist\esm\parser\util\charcodes.js",".js","114"
"C:\Projects\E-Commerce\frontend\node_modules\sucrase\dist\esm\parser\util\identifier.js",".js","31"
"C:\Projects\E-Commerce\frontend\node_modules\sucrase\dist\esm\parser\util\whitespace.js",".js","30"
"C:\Projects\E-Commerce\frontend\node_modules\sucrase\dist\esm\parser\index.js",".js","26"
"C:\Projects\E-Commerce\frontend\node_modules\sucrase\dist\esm\transformers\CJSImportTransformer.js",".js","865"
"C:\Projects\E-Commerce\frontend\node_modules\sucrase\dist\esm\transformers\ESMImportTransformer.js",".js","387"
"C:\Projects\E-Commerce\frontend\node_modules\sucrase\dist\esm\transformers\FlowTransformer.js",".js","170"
"C:\Projects\E-Commerce\frontend\node_modules\sucrase\dist\esm\transformers\JestHoistTransformer.js",".js","99"
"C:\Projects\E-Commerce\frontend\node_modules\sucrase\dist\esm\transformers\JSXTransformer.js",".js","687"
"C:\Projects\E-Commerce\frontend\node_modules\sucrase\dist\esm\transformers\NumericSeparatorTransformer.js",".js","17"
"C:\Projects\E-Commerce\frontend\node_modules\sucrase\dist\esm\transformers\OptionalCatchBindingTransformer.js",".js","15"
"C:\Projects\E-Commerce\frontend\node_modules\sucrase\dist\esm\transformers\OptionalChainingNullishTransformer.js",".js","147"
"C:\Projects\E-Commerce\frontend\node_modules\sucrase\dist\esm\transformers\ReactDisplayNameTransformer.js",".js","145"
"C:\Projects\E-Commerce\frontend\node_modules\sucrase\dist\esm\transformers\ReactHotLoaderTransformer.js",".js","62"
"C:\Projects\E-Commerce\frontend\node_modules\sucrase\dist\esm\transformers\RootTransformer.js",".js","423"
"C:\Projects\E-Commerce\frontend\node_modules\sucrase\dist\esm\transformers\Transformer.js",".js","13"
"C:\Projects\E-Commerce\frontend\node_modules\sucrase\dist\esm\transformers\TypeScriptTransformer.js",".js","265"
"C:\Projects\E-Commerce\frontend\node_modules\sucrase\dist\esm\util\elideImportEquals.js",".js","27"
"C:\Projects\E-Commerce\frontend\node_modules\sucrase\dist\esm\util\formatTokens.js",".js","63"
"C:\Projects\E-Commerce\frontend\node_modules\sucrase\dist\esm\util\getClassInfo.js",".js","295"
"C:\Projects\E-Commerce\frontend\node_modules\sucrase\dist\esm\util\getDeclarationInfo.js",".js","32"
"C:\Projects\E-Commerce\frontend\node_modules\sucrase\dist\esm\util\getIdentifierNames.js",".js","13"
"C:\Projects\E-Commerce\frontend\node_modules\sucrase\dist\esm\util\getImportExportSpecifierInfo.js",".js","76"
"C:\Projects\E-Commerce\frontend\node_modules\sucrase\dist\esm\util\getJSXPragmaInfo.js",".js","12"
"C:\Projects\E-Commerce\frontend\node_modules\sucrase\dist\esm\util\getNonTypeIdentifiers.js",".js","40"
"C:\Projects\E-Commerce\frontend\node_modules\sucrase\dist\esm\util\getTSImportedNames.js",".js","74"
"C:\Projects\E-Commerce\frontend\node_modules\sucrase\dist\esm\util\isAsyncOperation.js",".js","35"
"C:\Projects\E-Commerce\frontend\node_modules\sucrase\dist\esm\util\isExportFrom.js",".js","16"
"C:\Projects\E-Commerce\frontend\node_modules\sucrase\dist\esm\util\isIdentifier.js",".js","79"
"C:\Projects\E-Commerce\frontend\node_modules\sucrase\dist\esm\util\removeMaybeImportAttributes.js",".js","20"
"C:\Projects\E-Commerce\frontend\node_modules\sucrase\dist\esm\util\shouldElideDefaultExport.js",".js","35"
"C:\Projects\E-Commerce\frontend\node_modules\sucrase\dist\esm\CJSImportProcessor.js",".js","401"
"C:\Projects\E-Commerce\frontend\node_modules\sucrase\dist\esm\cli.js",".js","267"
"C:\Projects\E-Commerce\frontend\node_modules\sucrase\dist\esm\computeSourceMap.js",".js","73"
"C:\Projects\E-Commerce\frontend\node_modules\sucrase\dist\esm\HelperManager.js",".js","171"
"C:\Projects\E-Commerce\frontend\node_modules\sucrase\dist\esm\identifyShadowedGlobals.js",".js","91"
"C:\Projects\E-Commerce\frontend\node_modules\sucrase\dist\esm\index.js",".js","111"
"C:\Projects\E-Commerce\frontend\node_modules\sucrase\dist\esm\NameManager.js",".js","22"
"C:\Projects\E-Commerce\frontend\node_modules\sucrase\dist\esm\Options-gen-types.js",".js","38"
"C:\Projects\E-Commerce\frontend\node_modules\sucrase\dist\esm\Options.js",".js","7"
"C:\Projects\E-Commerce\frontend\node_modules\sucrase\dist\esm\register.js",".js","71"
"C:\Projects\E-Commerce\frontend\node_modules\sucrase\dist\esm\TokenProcessor.js",".js","299"
"C:\Projects\E-Commerce\frontend\node_modules\sucrase\dist\parser\plugins\jsx\index.js",".js","330"
"C:\Projects\E-Commerce\frontend\node_modules\sucrase\dist\parser\plugins\jsx\xhtml.js",".js","256"
"C:\Projects\E-Commerce\frontend\node_modules\sucrase\dist\parser\plugins\flow.js",".js","938"
"C:\Projects\E-Commerce\frontend\node_modules\sucrase\dist\parser\plugins\types.js",".js","34"
"C:\Projects\E-Commerce\frontend\node_modules\sucrase\dist\parser\plugins\typescript.js",".js","1446"
"C:\Projects\E-Commerce\frontend\node_modules\sucrase\dist\parser\tokenizer\index.js",".js","899"
"C:\Projects\E-Commerce\frontend\node_modules\sucrase\dist\parser\tokenizer\keywords.js",".js","43"
"C:\Projects\E-Commerce\frontend\node_modules\sucrase\dist\parser\tokenizer\readWord.js",".js","61"
"C:\Projects\E-Commerce\frontend\node_modules\sucrase\dist\parser\tokenizer\readWordTree.js",".js","670"
"C:\Projects\E-Commerce\frontend\node_modules\sucrase\dist\parser\tokenizer\state.js",".js","92"
"C:\Projects\E-Commerce\frontend\node_modules\sucrase\dist\parser\tokenizer\types.js",".js","360"
"C:\Projects\E-Commerce\frontend\node_modules\sucrase\dist\parser\traverser\base.js",".js","54"
"C:\Projects\E-Commerce\frontend\node_modules\sucrase\dist\parser\traverser\expression.js",".js","864"
"C:\Projects\E-Commerce\frontend\node_modules\sucrase\dist\parser\traverser\index.js",".js","17"
"C:\Projects\E-Commerce\frontend\node_modules\sucrase\dist\parser\traverser\lval.js",".js","135"
"C:\Projects\E-Commerce\frontend\node_modules\sucrase\dist\parser\traverser\statement.js",".js","1132"
"C:\Projects\E-Commerce\frontend\node_modules\sucrase\dist\parser\traverser\util.js",".js","91"
"C:\Projects\E-Commerce\frontend\node_modules\sucrase\dist\parser\util\charcodes.js",".js","114"
"C:\Projects\E-Commerce\frontend\node_modules\sucrase\dist\parser\util\identifier.js",".js","31"
"C:\Projects\E-Commerce\frontend\node_modules\sucrase\dist\parser\util\whitespace.js",".js","30"
"C:\Projects\E-Commerce\frontend\node_modules\sucrase\dist\parser\index.js",".js","27"
"C:\Projects\E-Commerce\frontend\node_modules\sucrase\dist\transformers\CJSImportTransformer.js",".js","864"
"C:\Projects\E-Commerce\frontend\node_modules\sucrase\dist\transformers\ESMImportTransformer.js",".js","386"
"C:\Projects\E-Commerce\frontend\node_modules\sucrase\dist\transformers\FlowTransformer.js",".js","170"
"C:\Projects\E-Commerce\frontend\node_modules\sucrase\dist\transformers\JestHoistTransformer.js",".js","99"
"C:\Projects\E-Commerce\frontend\node_modules\sucrase\dist\transformers\JSXTransformer.js",".js","688"
"C:\Projects\E-Commerce\frontend\node_modules\sucrase\dist\transformers\NumericSeparatorTransformer.js",".js","17"
"C:\Projects\E-Commerce\frontend\node_modules\sucrase\dist\transformers\OptionalCatchBindingTransformer.js",".js","16"
"C:\Projects\E-Commerce\frontend\node_modules\sucrase\dist\transformers\OptionalChainingNullishTransformer.js",".js","148"
"C:\Projects\E-Commerce\frontend\node_modules\sucrase\dist\transformers\ReactDisplayNameTransformer.js",".js","146"
"C:\Projects\E-Commerce\frontend\node_modules\sucrase\dist\transformers\ReactHotLoaderTransformer.js",".js","62"
"C:\Projects\E-Commerce\frontend\node_modules\sucrase\dist\transformers\RootTransformer.js",".js","424"
"C:\Projects\E-Commerce\frontend\node_modules\sucrase\dist\transformers\Transformer.js",".js","13"
"C:\Projects\E-Commerce\frontend\node_modules\sucrase\dist\transformers\TypeScriptTransformer.js",".js","266"
"C:\Projects\E-Commerce\frontend\node_modules\sucrase\dist\types\parser\plugins\jsx\index.d.ts",".ts","2"
"C:\Projects\E-Commerce\frontend\node_modules\sucrase\dist\types\parser\plugins\jsx\xhtml.d.ts",".ts","2"
"C:\Projects\E-Commerce\frontend\node_modules\sucrase\dist\types\parser\plugins\flow.d.ts",".ts","27"
"C:\Projects\E-Commerce\frontend\node_modules\sucrase\dist\types\parser\plugins\types.d.ts",".ts","5"
"C:\Projects\E-Commerce\frontend\node_modules\sucrase\dist\types\parser\plugins\typescript.d.ts",".ts","49"
"C:\Projects\E-Commerce\frontend\node_modules\sucrase\dist\types\parser\tokenizer\index.d.ts",".ts","93"
"C:\Projects\E-Commerce\frontend\node_modules\sucrase\dist\types\parser\tokenizer\keywords.d.ts",".ts","43"
"C:\Projects\E-Commerce\frontend\node_modules\sucrase\dist\types\parser\tokenizer\readWord.d.ts",".ts","7"
"C:\Projects\E-Commerce\frontend\node_modules\sucrase\dist\types\parser\tokenizer\readWordTree.d.ts",".ts","1"
"C:\Projects\E-Commerce\frontend\node_modules\sucrase\dist\types\parser\tokenizer\state.d.ts",".ts","50"
"C:\Projects\E-Commerce\frontend\node_modules\sucrase\dist\types\parser\tokenizer\types.d.ts",".ts","126"
"C:\Projects\E-Commerce\frontend\node_modules\sucrase\dist\types\parser\traverser\base.d.ts",".ts","16"
"C:\Projects\E-Commerce\frontend\node_modules\sucrase\dist\types\parser\traverser\expression.d.ts",".ts","34"
"C:\Projects\E-Commerce\frontend\node_modules\sucrase\dist\types\parser\traverser\index.d.ts",".ts","2"
"C:\Projects\E-Commerce\frontend\node_modules\sucrase\dist\types\parser\traverser\lval.d.ts",".ts","9"
"C:\Projects\E-Commerce\frontend\node_modules\sucrase\dist\types\parser\traverser\statement.d.ts",".ts","20"
"C:\Projects\E-Commerce\frontend\node_modules\sucrase\dist\types\parser\traverser\util.d.ts",".ts","17"
"C:\Projects\E-Commerce\frontend\node_modules\sucrase\dist\types\parser\util\charcodes.d.ts",".ts","107"
"C:\Projects\E-Commerce\frontend\node_modules\sucrase\dist\types\parser\util\identifier.d.ts",".ts","2"
"C:\Projects\E-Commerce\frontend\node_modules\sucrase\dist\types\parser\util\whitespace.d.ts",".ts","3"
"C:\Projects\E-Commerce\frontend\node_modules\sucrase\dist\types\parser\index.d.ts",".ts","8"
"C:\Projects\E-Commerce\frontend\node_modules\sucrase\dist\types\transformers\CJSImportTransformer.d.ts",".ts","149"
"C:\Projects\E-Commerce\frontend\node_modules\sucrase\dist\types\transformers\ESMImportTransformer.d.ts",".ts","52"
"C:\Projects\E-Commerce\frontend\node_modules\sucrase\dist\types\transformers\FlowTransformer.d.ts",".ts","79"
"C:\Projects\E-Commerce\frontend\node_modules\sucrase\dist\types\transformers\JestHoistTransformer.d.ts",".ts","32"
"C:\Projects\E-Commerce\frontend\node_modules\sucrase\dist\types\transformers\JSXTransformer.d.ts",".ts","144"
"C:\Projects\E-Commerce\frontend\node_modules\sucrase\dist\types\transformers\NumericSeparatorTransformer.d.ts",".ts","7"
"C:\Projects\E-Commerce\frontend\node_modules\sucrase\dist\types\transformers\OptionalCatchBindingTransformer.d.ts",".ts","9"
"C:\Projects\E-Commerce\frontend\node_modules\sucrase\dist\types\transformers\OptionalChainingNullishTransformer.d.ts",".ts","36"
"C:\Projects\E-Commerce\frontend\node_modules\sucrase\dist\types\transformers\ReactDisplayNameTransformer.d.ts",".ts","29"
"C:\Projects\E-Commerce\frontend\node_modules\sucrase\dist\types\transformers\ReactHotLoaderTransformer.d.ts",".ts","12"
"C:\Projects\E-Commerce\frontend\node_modules\sucrase\dist\types\transformers\RootTransformer.d.ts",".ts","52"
"C:\Projects\E-Commerce\frontend\node_modules\sucrase\dist\types\transformers\Transformer.d.ts",".ts","6"
"C:\Projects\E-Commerce\frontend\node_modules\sucrase\dist\types\transformers\TypeScriptTransformer.d.ts",".ts","104"
"C:\Projects\E-Commerce\frontend\node_modules\sucrase\dist\types\util\elideImportEquals.d.ts",".ts","2"
"C:\Projects\E-Commerce\frontend\node_modules\sucrase\dist\types\util\formatTokens.d.ts",".ts","2"
"C:\Projects\E-Commerce\frontend\node_modules\sucrase\dist\types\util\getClassInfo.d.ts",".ts","34"
"C:\Projects\E-Commerce\frontend\node_modules\sucrase\dist\types\util\getDeclarationInfo.d.ts",".ts","18"
"C:\Projects\E-Commerce\frontend\node_modules\sucrase\dist\types\util\getIdentifierNames.d.ts",".ts","5"
"C:\Projects\E-Commerce\frontend\node_modules\sucrase\dist\types\util\getImportExportSpecifierInfo.d.ts",".ts","36"
"C:\Projects\E-Commerce\frontend\node_modules\sucrase\dist\types\util\getJSXPragmaInfo.d.ts",".ts","8"
"C:\Projects\E-Commerce\frontend\node_modules\sucrase\dist\types\util\getNonTypeIdentifiers.d.ts",".ts","3"
"C:\Projects\E-Commerce\frontend\node_modules\sucrase\dist\types\util\getTSImportedNames.d.ts",".ts","9"
"C:\Projects\E-Commerce\frontend\node_modules\sucrase\dist\types\util\isAsyncOperation.d.ts",".ts","11"
"C:\Projects\E-Commerce\frontend\node_modules\sucrase\dist\types\util\isExportFrom.d.ts",".ts","6"
"C:\Projects\E-Commerce\frontend\node_modules\sucrase\dist\types\util\isIdentifier.d.ts",".ts","8"
"C:\Projects\E-Commerce\frontend\node_modules\sucrase\dist\types\util\removeMaybeImportAttributes.d.ts",".ts","6"
"C:\Projects\E-Commerce\frontend\node_modules\sucrase\dist\types\util\shouldElideDefaultExport.d.ts",".ts","6"
"C:\Projects\E-Commerce\frontend\node_modules\sucrase\dist\types\CJSImportProcessor.d.ts",".ts","67"
"C:\Projects\E-Commerce\frontend\node_modules\sucrase\dist\types\cli.d.ts",".ts","1"
"C:\Projects\E-Commerce\frontend\node_modules\sucrase\dist\types\computeSourceMap.d.ts",".ts","17"
"C:\Projects\E-Commerce\frontend\node_modules\sucrase\dist\types\HelperManager.d.ts",".ts","15"
"C:\Projects\E-Commerce\frontend\node_modules\sucrase\dist\types\identifyShadowedGlobals.d.ts",".ts","12"
"C:\Projects\E-Commerce\frontend\node_modules\sucrase\dist\types\index.d.ts",".ts","26"
"C:\Projects\E-Commerce\frontend\node_modules\sucrase\dist\types\NameManager.d.ts",".ts","7"
"C:\Projects\E-Commerce\frontend\node_modules\sucrase\dist\types\Options-gen-types.d.ts",".ts","9"
"C:\Projects\E-Commerce\frontend\node_modules\sucrase\dist\types\Options.d.ts",".ts","90"
"C:\Projects\E-Commerce\frontend\node_modules\sucrase\dist\types\register.d.ts",".ts","14"
"C:\Projects\E-Commerce\frontend\node_modules\sucrase\dist\types\TokenProcessor.d.ts",".ts","87"
"C:\Projects\E-Commerce\frontend\node_modules\sucrase\dist\util\elideImportEquals.js",".js","27"
"C:\Projects\E-Commerce\frontend\node_modules\sucrase\dist\util\formatTokens.js",".js","63"
"C:\Projects\E-Commerce\frontend\node_modules\sucrase\dist\util\getClassInfo.js",".js","296"
"C:\Projects\E-Commerce\frontend\node_modules\sucrase\dist\util\getDeclarationInfo.js",".js","32"
"C:\Projects\E-Commerce\frontend\node_modules\sucrase\dist\util\getIdentifierNames.js",".js","14"
"C:\Projects\E-Commerce\frontend\node_modules\sucrase\dist\util\getImportExportSpecifierInfo.js",".js","75"
"C:\Projects\E-Commerce\frontend\node_modules\sucrase\dist\util\getJSXPragmaInfo.js",".js","13"
"C:\Projects\E-Commerce\frontend\node_modules\sucrase\dist\util\getNonTypeIdentifiers.js",".js","41"
"C:\Projects\E-Commerce\frontend\node_modules\sucrase\dist\util\getTSImportedNames.js",".js","74"
"C:\Projects\E-Commerce\frontend\node_modules\sucrase\dist\util\isAsyncOperation.js",".js","35"
"C:\Projects\E-Commerce\frontend\node_modules\sucrase\dist\util\isExportFrom.js",".js","16"
"C:\Projects\E-Commerce\frontend\node_modules\sucrase\dist\util\isIdentifier.js",".js","79"
"C:\Projects\E-Commerce\frontend\node_modules\sucrase\dist\util\removeMaybeImportAttributes.js",".js","20"
"C:\Projects\E-Commerce\frontend\node_modules\sucrase\dist\util\shouldElideDefaultExport.js",".js","35"
"C:\Projects\E-Commerce\frontend\node_modules\sucrase\dist\CJSImportProcessor.js",".js","402"
"C:\Projects\E-Commerce\frontend\node_modules\sucrase\dist\cli.js",".js","267"
"C:\Projects\E-Commerce\frontend\node_modules\sucrase\dist\computeSourceMap.js",".js","73"
"C:\Projects\E-Commerce\frontend\node_modules\sucrase\dist\HelperManager.js",".js","172"
"C:\Projects\E-Commerce\frontend\node_modules\sucrase\dist\identifyShadowedGlobals.js",".js","88"
"C:\Projects\E-Commerce\frontend\node_modules\sucrase\dist\index.js",".js","111"
"C:\Projects\E-Commerce\frontend\node_modules\sucrase\dist\NameManager.js",".js","23"
"C:\Projects\E-Commerce\frontend\node_modules\sucrase\dist\Options-gen-types.js",".js","38"
"C:\Projects\E-Commerce\frontend\node_modules\sucrase\dist\Options.js",".js","6"
"C:\Projects\E-Commerce\frontend\node_modules\sucrase\dist\register.js",".js","71"
"C:\Projects\E-Commerce\frontend\node_modules\sucrase\dist\TokenProcessor.js",".js","300"
"C:\Projects\E-Commerce\frontend\node_modules\sucrase\register\index.js",".js","1"
"C:\Projects\E-Commerce\frontend\node_modules\sucrase\register\js.js",".js","1"
"C:\Projects\E-Commerce\frontend\node_modules\sucrase\register\jsx.js",".js","1"
"C:\Projects\E-Commerce\frontend\node_modules\sucrase\register\ts-legacy-module-interop.js",".js","1"
"C:\Projects\E-Commerce\frontend\node_modules\sucrase\register\ts.js",".js","1"
"C:\Projects\E-Commerce\frontend\node_modules\sucrase\register\tsx-legacy-module-interop.js",".js","1"
"C:\Projects\E-Commerce\frontend\node_modules\sucrase\register\tsx.js",".js","1"
"C:\Projects\E-Commerce\frontend\node_modules\sucrase\ts-node-plugin\index.js",".js","77"
"C:\Projects\E-Commerce\frontend\node_modules\sucrase\LICENSE","","17"
"C:\Projects\E-Commerce\frontend\node_modules\sucrase\package.json",".json","88"
"C:\Projects\E-Commerce\frontend\node_modules\sucrase\README.md",".md","237"
"C:\Projects\E-Commerce\frontend\node_modules\supports-preserve-symlinks-flag\.github\FUNDING.yml",".yml","11"
"C:\Projects\E-Commerce\frontend\node_modules\supports-preserve-symlinks-flag\test\index.js",".js","23"
"C:\Projects\E-Commerce\frontend\node_modules\supports-preserve-symlinks-flag\.eslintrc",".eslintrc","11"
"C:\Projects\E-Commerce\frontend\node_modules\supports-preserve-symlinks-flag\.nycrc",".nycrc","9"
"C:\Projects\E-Commerce\frontend\node_modules\supports-preserve-symlinks-flag\browser.js",".js","2"
"C:\Projects\E-Commerce\frontend\node_modules\supports-preserve-symlinks-flag\CHANGELOG.md",".md","17"
"C:\Projects\E-Commerce\frontend\node_modules\supports-preserve-symlinks-flag\index.js",".js","8"
"C:\Projects\E-Commerce\frontend\node_modules\supports-preserve-symlinks-flag\LICENSE","","17"
"C:\Projects\E-Commerce\frontend\node_modules\supports-preserve-symlinks-flag\package.json",".json","70"
"C:\Projects\E-Commerce\frontend\node_modules\supports-preserve-symlinks-flag\README.md",".md","34"
"C:\Projects\E-Commerce\frontend\node_modules\symbol-tree\lib\SymbolTree.js",".js","718"
"C:\Projects\E-Commerce\frontend\node_modules\symbol-tree\lib\SymbolTreeNode.js",".js","44"
"C:\Projects\E-Commerce\frontend\node_modules\symbol-tree\lib\TreeIterator.js",".js","58"
"C:\Projects\E-Commerce\frontend\node_modules\symbol-tree\lib\TreePosition.js",".js","10"
"C:\Projects\E-Commerce\frontend\node_modules\symbol-tree\LICENSE","","17"
"C:\Projects\E-Commerce\frontend\node_modules\symbol-tree\package.json",".json","47"
"C:\Projects\E-Commerce\frontend\node_modules\symbol-tree\README.md",".md","374"
"C:\Projects\E-Commerce\frontend\node_modules\tailwindcss\lib\cli\build\deps.js",".js","62"
"C:\Projects\E-Commerce\frontend\node_modules\tailwindcss\lib\cli\build\index.js",".js","54"
"C:\Projects\E-Commerce\frontend\node_modules\tailwindcss\lib\cli\build\plugin.js",".js","376"
"C:\Projects\E-Commerce\frontend\node_modules\tailwindcss\lib\cli\build\utils.js",".js","88"
"C:\Projects\E-Commerce\frontend\node_modules\tailwindcss\lib\cli\build\watching.js",".js","182"
"C:\Projects\E-Commerce\frontend\node_modules\tailwindcss\lib\cli\help\index.js",".js","73"
"C:\Projects\E-Commerce\frontend\node_modules\tailwindcss\lib\cli\init\index.js",".js","63"
"C:\Projects\E-Commerce\frontend\node_modules\tailwindcss\lib\cli\index.js",".js","230"
"C:\Projects\E-Commerce\frontend\node_modules\tailwindcss\lib\css\LICENSE","","21"
"C:\Projects\E-Commerce\frontend\node_modules\tailwindcss\lib\css\preflight.css",".css","320"
"C:\Projects\E-Commerce\frontend\node_modules\tailwindcss\lib\lib\cacheInvalidation.js",".js","92"
"C:\Projects\E-Commerce\frontend\node_modules\tailwindcss\lib\lib\collapseAdjacentRules.js",".js","61"
"C:\Projects\E-Commerce\frontend\node_modules\tailwindcss\lib\lib\collapseDuplicateDeclarations.js",".js","85"
"C:\Projects\E-Commerce\frontend\node_modules\tailwindcss\lib\lib\content.js",".js","247"
"C:\Projects\E-Commerce\frontend\node_modules\tailwindcss\lib\lib\defaultExtractor.js",".js","273"
"C:\Projects\E-Commerce\frontend\node_modules\tailwindcss\lib\lib\evaluateTailwindFunctions.js",".js","238"
"C:\Projects\E-Commerce\frontend\node_modules\tailwindcss\lib\lib\expandApplyAtRules.js",".js","553"
"C:\Projects\E-Commerce\frontend\node_modules\tailwindcss\lib\lib\expandTailwindAtRules.js",".js","279"
"C:\Projects\E-Commerce\frontend\node_modules\tailwindcss\lib\lib\findAtConfigPath.js",".js","46"
"C:\Projects\E-Commerce\frontend\node_modules\tailwindcss\lib\lib\generateRules.js",".js","912"
"C:\Projects\E-Commerce\frontend\node_modules\tailwindcss\lib\lib\getModuleDependencies.js",".js","99"
"C:\Projects\E-Commerce\frontend\node_modules\tailwindcss\lib\lib\load-config.js",".js","58"
"C:\Projects\E-Commerce\frontend\node_modules\tailwindcss\lib\lib\normalizeTailwindDirectives.js",".js","89"
"C:\Projects\E-Commerce\frontend\node_modules\tailwindcss\lib\lib\offsets.js",".js","355"
"C:\Projects\E-Commerce\frontend\node_modules\tailwindcss\lib\lib\partitionApplyAtRules.js",".js","58"
"C:\Projects\E-Commerce\frontend\node_modules\tailwindcss\lib\lib\regex.js",".js","74"
"C:\Projects\E-Commerce\frontend\node_modules\tailwindcss\lib\lib\remap-bitfield.js",".js","89"
"C:\Projects\E-Commerce\frontend\node_modules\tailwindcss\lib\lib\resolveDefaultsAtRules.js",".js","165"
"C:\Projects\E-Commerce\frontend\node_modules\tailwindcss\lib\lib\setupContextUtils.js",".js","1298"
"C:\Projects\E-Commerce\frontend\node_modules\tailwindcss\lib\lib\setupTrackingContext.js",".js","169"
"C:\Projects\E-Commerce\frontend\node_modules\tailwindcss\lib\lib\sharedState.js",".js","79"
"C:\Projects\E-Commerce\frontend\node_modules\tailwindcss\lib\lib\substituteScreenAtRules.js",".js","31"
"C:\Projects\E-Commerce\frontend\node_modules\tailwindcss\lib\postcss-plugins\nesting\index.js",".js","21"
"C:\Projects\E-Commerce\frontend\node_modules\tailwindcss\lib\postcss-plugins\nesting\plugin.js",".js","89"
"C:\Projects\E-Commerce\frontend\node_modules\tailwindcss\lib\postcss-plugins\nesting\README.md",".md","32"
"C:\Projects\E-Commerce\frontend\node_modules\tailwindcss\lib\public\colors.js",".js","355"
"C:\Projects\E-Commerce\frontend\node_modules\tailwindcss\lib\public\create-plugin.js",".js","17"
"C:\Projects\E-Commerce\frontend\node_modules\tailwindcss\lib\public\default-config.js",".js","18"
"C:\Projects\E-Commerce\frontend\node_modules\tailwindcss\lib\public\default-theme.js",".js","18"
"C:\Projects\E-Commerce\frontend\node_modules\tailwindcss\lib\public\load-config.js",".js","12"
"C:\Projects\E-Commerce\frontend\node_modules\tailwindcss\lib\public\resolve-config.js",".js","24"
"C:\Projects\E-Commerce\frontend\node_modules\tailwindcss\lib\util\applyImportantSelector.js",".js","38"
"C:\Projects\E-Commerce\frontend\node_modules\tailwindcss\lib\util\bigSign.js",".js","13"
"C:\Projects\E-Commerce\frontend\node_modules\tailwindcss\lib\util\buildMediaQuery.js",".js","27"
"C:\Projects\E-Commerce\frontend\node_modules\tailwindcss\lib\util\cloneDeep.js",".js","22"
"C:\Projects\E-Commerce\frontend\node_modules\tailwindcss\lib\util\cloneNodes.js",".js","54"
"C:\Projects\E-Commerce\frontend\node_modules\tailwindcss\lib\util\color.js",".js","116"
"C:\Projects\E-Commerce\frontend\node_modules\tailwindcss\lib\util\colorNames.js",".js","752"
"C:\Projects\E-Commerce\frontend\node_modules\tailwindcss\lib\util\configurePlugins.js",".js","23"
"C:\Projects\E-Commerce\frontend\node_modules\tailwindcss\lib\util\createPlugin.js",".js","32"
"C:\Projects\E-Commerce\frontend\node_modules\tailwindcss\lib\util\createUtilityPlugin.js",".js","53"
"C:\Projects\E-Commerce\frontend\node_modules\tailwindcss\lib\util\dataTypes.js",".js","338"
"C:\Projects\E-Commerce\frontend\node_modules\tailwindcss\lib\util\defaults.js",".js","27"
"C:\Projects\E-Commerce\frontend\node_modules\tailwindcss\lib\util\escapeClassName.js",".js","24"
"C:\Projects\E-Commerce\frontend\node_modules\tailwindcss\lib\util\escapeCommas.js",".js","13"
"C:\Projects\E-Commerce\frontend\node_modules\tailwindcss\lib\util\flattenColorPalette.js",".js","18"
"C:\Projects\E-Commerce\frontend\node_modules\tailwindcss\lib\util\formatVariantSelector.js",".js","270"
"C:\Projects\E-Commerce\frontend\node_modules\tailwindcss\lib\util\getAllConfigs.js",".js","50"
"C:\Projects\E-Commerce\frontend\node_modules\tailwindcss\lib\util\hashConfig.js",".js","21"
"C:\Projects\E-Commerce\frontend\node_modules\tailwindcss\lib\util\isKeyframeRule.js",".js","13"
"C:\Projects\E-Commerce\frontend\node_modules\tailwindcss\lib\util\isPlainObject.js",".js","17"
"C:\Projects\E-Commerce\frontend\node_modules\tailwindcss\lib\util\isSyntacticallyValidPropertyValue.js",".js","74"
"C:\Projects\E-Commerce\frontend\node_modules\tailwindcss\lib\util\log.js",".js","61"
"C:\Projects\E-Commerce\frontend\node_modules\tailwindcss\lib\util\math-operators.js",".js","152"
"C:\Projects\E-Commerce\frontend\node_modules\tailwindcss\lib\util\nameClass.js",".js","49"
"C:\Projects\E-Commerce\frontend\node_modules\tailwindcss\lib\util\negateValue.js",".js","36"
"C:\Projects\E-Commerce\frontend\node_modules\tailwindcss\lib\util\normalizeConfig.js",".js","281"
"C:\Projects\E-Commerce\frontend\node_modules\tailwindcss\lib\util\normalizeScreens.js",".js","178"
"C:\Projects\E-Commerce\frontend\node_modules\tailwindcss\lib\util\parseAnimationValue.js",".js","93"
"C:\Projects\E-Commerce\frontend\node_modules\tailwindcss\lib\util\parseBoxShadowValue.js",".js","88"
"C:\Projects\E-Commerce\frontend\node_modules\tailwindcss\lib\util\parseDependency.js",".js","47"
"C:\Projects\E-Commerce\frontend\node_modules\tailwindcss\lib\util\parseGlob.js",".js","35"
"C:\Projects\E-Commerce\frontend\node_modules\tailwindcss\lib\util\parseObjectStyles.js",".js","36"
"C:\Projects\E-Commerce\frontend\node_modules\tailwindcss\lib\util\pluginUtils.js",".js","289"
"C:\Projects\E-Commerce\frontend\node_modules\tailwindcss\lib\util\prefixSelector.js",".js","39"
"C:\Projects\E-Commerce\frontend\node_modules\tailwindcss\lib\util\pseudoElements.js",".js","212"
"C:\Projects\E-Commerce\frontend\node_modules\tailwindcss\lib\util\removeAlphaVariables.js",".js","33"
"C:\Projects\E-Commerce\frontend\node_modules\tailwindcss\lib\util\resolveConfig.js",".js","256"
"C:\Projects\E-Commerce\frontend\node_modules\tailwindcss\lib\util\resolveConfigPath.js",".js","72"
"C:\Projects\E-Commerce\frontend\node_modules\tailwindcss\lib\util\responsive.js",".js","24"
"C:\Projects\E-Commerce\frontend\node_modules\tailwindcss\lib\util\splitAtTopLevelOnly.js",".js","47"
"C:\Projects\E-Commerce\frontend\node_modules\tailwindcss\lib\util\tap.js",".js","14"
"C:\Projects\E-Commerce\frontend\node_modules\tailwindcss\lib\util\toColorValue.js",".js","13"
"C:\Projects\E-Commerce\frontend\node_modules\tailwindcss\lib\util\toPath.js",".js","32"
"C:\Projects\E-Commerce\frontend\node_modules\tailwindcss\lib\util\transformThemeValue.js",".js","73"
"C:\Projects\E-Commerce\frontend\node_modules\tailwindcss\lib\util\validateConfig.js",".js","37"
"C:\Projects\E-Commerce\frontend\node_modules\tailwindcss\lib\util\validateFormalSyntax.js",".js","26"
"C:\Projects\E-Commerce\frontend\node_modules\tailwindcss\lib\util\withAlphaVariable.js",".js","79"
"C:\Projects\E-Commerce\frontend\node_modules\tailwindcss\lib\value-parser\index.d.js",".js","2"
"C:\Projects\E-Commerce\frontend\node_modules\tailwindcss\lib\value-parser\index.js",".js","22"
"C:\Projects\E-Commerce\frontend\node_modules\tailwindcss\lib\value-parser\LICENSE","","19"
"C:\Projects\E-Commerce\frontend\node_modules\tailwindcss\lib\value-parser\parse.js",".js","259"
"C:\Projects\E-Commerce\frontend\node_modules\tailwindcss\lib\value-parser\README.md",".md","2"
"C:\Projects\E-Commerce\frontend\node_modules\tailwindcss\lib\value-parser\stringify.js",".js","38"
"C:\Projects\E-Commerce\frontend\node_modules\tailwindcss\lib\value-parser\unit.js",".js","86"
"C:\Projects\E-Commerce\frontend\node_modules\tailwindcss\lib\value-parser\walk.js",".js","16"
"C:\Projects\E-Commerce\frontend\node_modules\tailwindcss\lib\cli-peer-dependencies.js",".js","36"
"C:\Projects\E-Commerce\frontend\node_modules\tailwindcss\lib\cli.js",".js","3"
"C:\Projects\E-Commerce\frontend\node_modules\tailwindcss\lib\corePluginList.js",".js","191"
"C:\Projects\E-Commerce\frontend\node_modules\tailwindcss\lib\corePlugins.js",".js","4339"
"C:\Projects\E-Commerce\frontend\node_modules\tailwindcss\lib\featureFlags.js",".js","79"
"C:\Projects\E-Commerce\frontend\node_modules\tailwindcss\lib\index.js",".js","2"
"C:\Projects\E-Commerce\frontend\node_modules\tailwindcss\lib\plugin.js",".js","48"
"C:\Projects\E-Commerce\frontend\node_modules\tailwindcss\lib\processTailwindFeatures.js",".js","62"
"C:\Projects\E-Commerce\frontend\node_modules\tailwindcss\nesting\index.d.ts",".ts","3"
"C:\Projects\E-Commerce\frontend\node_modules\tailwindcss\nesting\index.js",".js","2"
"C:\Projects\E-Commerce\frontend\node_modules\tailwindcss\peers\index.js",".js","96573"
"C:\Projects\E-Commerce\frontend\node_modules\tailwindcss\scripts\create-plugin-list.js",".js","8"
"C:\Projects\E-Commerce\frontend\node_modules\tailwindcss\scripts\generate-types.js",".js","92"
"C:\Projects\E-Commerce\frontend\node_modules\tailwindcss\scripts\release-channel.js",".js","16"
"C:\Projects\E-Commerce\frontend\node_modules\tailwindcss\scripts\release-notes.js",".js","17"
"C:\Projects\E-Commerce\frontend\node_modules\tailwindcss\scripts\type-utils.js",".js","21"
"C:\Projects\E-Commerce\frontend\node_modules\tailwindcss\src\cli\build\deps.js",".js","43"
"C:\Projects\E-Commerce\frontend\node_modules\tailwindcss\src\cli\build\index.js",".js","39"
"C:\Projects\E-Commerce\frontend\node_modules\tailwindcss\src\cli\build\plugin.js",".js","370"
"C:\Projects\E-Commerce\frontend\node_modules\tailwindcss\src\cli\build\utils.js",".js","67"
"C:\Projects\E-Commerce\frontend\node_modules\tailwindcss\src\cli\build\watching.js",".js","191"
"C:\Projects\E-Commerce\frontend\node_modules\tailwindcss\src\cli\help\index.js",".js","61"
"C:\Projects\E-Commerce\frontend\node_modules\tailwindcss\src\cli\init\index.js",".js","63"
"C:\Projects\E-Commerce\frontend\node_modules\tailwindcss\src\cli\index.js",".js","193"
"C:\Projects\E-Commerce\frontend\node_modules\tailwindcss\src\css\LICENSE","","21"
"C:\Projects\E-Commerce\frontend\node_modules\tailwindcss\src\css\preflight.css",".css","320"
"C:\Projects\E-Commerce\frontend\node_modules\tailwindcss\src\lib\cacheInvalidation.js",".js","46"
"C:\Projects\E-Commerce\frontend\node_modules\tailwindcss\src\lib\collapseAdjacentRules.js",".js","51"
"C:\Projects\E-Commerce\frontend\node_modules\tailwindcss\src\lib\collapseDuplicateDeclarations.js",".js","77"
"C:\Projects\E-Commerce\frontend\node_modules\tailwindcss\src\lib\content.js",".js","244"
"C:\Projects\E-Commerce\frontend\node_modules\tailwindcss\src\lib\defaultExtractor.js",".js","210"
"C:\Projects\E-Commerce\frontend\node_modules\tailwindcss\src\lib\evaluateTailwindFunctions.js",".js","224"
"C:\Projects\E-Commerce\frontend\node_modules\tailwindcss\src\lib\expandApplyAtRules.js",".js","533"
"C:\Projects\E-Commerce\frontend\node_modules\tailwindcss\src\lib\expandTailwindAtRules.js",".js","231"
"C:\Projects\E-Commerce\frontend\node_modules\tailwindcss\src\lib\findAtConfigPath.js",".js","39"
"C:\Projects\E-Commerce\frontend\node_modules\tailwindcss\src\lib\generateRules.js",".js","790"
"C:\Projects\E-Commerce\frontend\node_modules\tailwindcss\src\lib\getModuleDependencies.js",".js","65"
"C:\Projects\E-Commerce\frontend\node_modules\tailwindcss\src\lib\load-config.ts",".ts","38"
"C:\Projects\E-Commerce\frontend\node_modules\tailwindcss\src\lib\normalizeTailwindDirectives.js",".js","77"
"C:\Projects\E-Commerce\frontend\node_modules\tailwindcss\src\lib\offsets.js",".js","370"
"C:\Projects\E-Commerce\frontend\node_modules\tailwindcss\src\lib\partitionApplyAtRules.js",".js","42"
"C:\Projects\E-Commerce\frontend\node_modules\tailwindcss\src\lib\regex.js",".js","64"
"C:\Projects\E-Commerce\frontend\node_modules\tailwindcss\src\lib\remap-bitfield.js",".js","80"
"C:\Projects\E-Commerce\frontend\node_modules\tailwindcss\src\lib\resolveDefaultsAtRules.js",".js","129"
"C:\Projects\E-Commerce\frontend\node_modules\tailwindcss\src\lib\setupContextUtils.js",".js","1137"
"C:\Projects\E-Commerce\frontend\node_modules\tailwindcss\src\lib\setupTrackingContext.js",".js","141"
"C:\Projects\E-Commerce\frontend\node_modules\tailwindcss\src\lib\sharedState.js",".js","46"
"C:\Projects\E-Commerce\frontend\node_modules\tailwindcss\src\lib\substituteScreenAtRules.js",".js","16"
"C:\Projects\E-Commerce\frontend\node_modules\tailwindcss\src\postcss-plugins\nesting\index.js",".js","12"
"C:\Projects\E-Commerce\frontend\node_modules\tailwindcss\src\postcss-plugins\nesting\plugin.js",".js","67"
"C:\Projects\E-Commerce\frontend\node_modules\tailwindcss\src\postcss-plugins\nesting\README.md",".md","32"
"C:\Projects\E-Commerce\frontend\node_modules\tailwindcss\src\public\colors.js",".js","320"
"C:\Projects\E-Commerce\frontend\node_modules\tailwindcss\src\public\create-plugin.js",".js","2"
"C:\Projects\E-Commerce\frontend\node_modules\tailwindcss\src\public\default-config.js",".js","3"
"C:\Projects\E-Commerce\frontend\node_modules\tailwindcss\src\public\default-theme.js",".js","3"
"C:\Projects\E-Commerce\frontend\node_modules\tailwindcss\src\public\load-config.js",".js","2"
"C:\Projects\E-Commerce\frontend\node_modules\tailwindcss\src\public\resolve-config.js",".js","6"
"C:\Projects\E-Commerce\frontend\node_modules\tailwindcss\src\util\applyImportantSelector.js",".js","21"
"C:\Projects\E-Commerce\frontend\node_modules\tailwindcss\src\util\bigSign.js",".js","3"
"C:\Projects\E-Commerce\frontend\node_modules\tailwindcss\src\util\buildMediaQuery.js",".js","19"
"C:\Projects\E-Commerce\frontend\node_modules\tailwindcss\src\util\cloneDeep.js",".js","9"
"C:\Projects\E-Commerce\frontend\node_modules\tailwindcss\src\util\cloneNodes.js",".js","44"
"C:\Projects\E-Commerce\frontend\node_modules\tailwindcss\src\util\color.js",".js","71"
"C:\Projects\E-Commerce\frontend\node_modules\tailwindcss\src\util\colorNames.js",".js","150"
"C:\Projects\E-Commerce\frontend\node_modules\tailwindcss\src\util\configurePlugins.js",".js","21"
"C:\Projects\E-Commerce\frontend\node_modules\tailwindcss\src\util\createPlugin.js",".js","22"
"C:\Projects\E-Commerce\frontend\node_modules\tailwindcss\src\util\createUtilityPlugin.js",".js","35"
"C:\Projects\E-Commerce\frontend\node_modules\tailwindcss\src\util\dataTypes.js",".js","279"
"C:\Projects\E-Commerce\frontend\node_modules\tailwindcss\src\util\defaults.js",".js","15"
"C:\Projects\E-Commerce\frontend\node_modules\tailwindcss\src\util\escapeClassName.js",".js","7"
"C:\Projects\E-Commerce\frontend\node_modules\tailwindcss\src\util\escapeCommas.js",".js","3"
"C:\Projects\E-Commerce\frontend\node_modules\tailwindcss\src\util\flattenColorPalette.js",".js","12"
"C:\Projects\E-Commerce\frontend\node_modules\tailwindcss\src\util\formatVariantSelector.js",".js","268"
"C:\Projects\E-Commerce\frontend\node_modules\tailwindcss\src\util\getAllConfigs.js",".js","33"
"C:\Projects\E-Commerce\frontend\node_modules\tailwindcss\src\util\hashConfig.js",".js","4"
"C:\Projects\E-Commerce\frontend\node_modules\tailwindcss\src\util\isKeyframeRule.js",".js","3"
"C:\Projects\E-Commerce\frontend\node_modules\tailwindcss\src\util\isPlainObject.js",".js","7"
"C:\Projects\E-Commerce\frontend\node_modules\tailwindcss\src\util\isSyntacticallyValidPropertyValue.js",".js","50"
"C:\Projects\E-Commerce\frontend\node_modules\tailwindcss\src\util\log.js",".js","23"
"C:\Projects\E-Commerce\frontend\node_modules\tailwindcss\src\util\math-operators.ts",".ts","176"
"C:\Projects\E-Commerce\frontend\node_modules\tailwindcss\src\util\nameClass.js",".js","23"
"C:\Projects\E-Commerce\frontend\node_modules\tailwindcss\src\util\negateValue.js",".js","20"
"C:\Projects\E-Commerce\frontend\node_modules\tailwindcss\src\util\normalizeConfig.js",".js","246"
"C:\Projects\E-Commerce\frontend\node_modules\tailwindcss\src\util\normalizeScreens.js",".js","119"
"C:\Projects\E-Commerce\frontend\node_modules\tailwindcss\src\util\parseAnimationValue.js",".js","64"
"C:\Projects\E-Commerce\frontend\node_modules\tailwindcss\src\util\parseBoxShadowValue.js",".js","62"
"C:\Projects\E-Commerce\frontend\node_modules\tailwindcss\src\util\parseDependency.js",".js","39"
"C:\Projects\E-Commerce\frontend\node_modules\tailwindcss\src\util\parseGlob.js",".js","19"
"C:\Projects\E-Commerce\frontend\node_modules\tailwindcss\src\util\parseObjectStyles.js",".js","17"
"C:\Projects\E-Commerce\frontend\node_modules\tailwindcss\src\util\pluginUtils.js",".js","246"
"C:\Projects\E-Commerce\frontend\node_modules\tailwindcss\src\util\prefixSelector.js",".js","28"
"C:\Projects\E-Commerce\frontend\node_modules\tailwindcss\src\util\pseudoElements.js",".js","145"
"C:\Projects\E-Commerce\frontend\node_modules\tailwindcss\src\util\removeAlphaVariables.js",".js","24"
"C:\Projects\E-Commerce\frontend\node_modules\tailwindcss\src\util\resolveConfig.js",".js","224"
"C:\Projects\E-Commerce\frontend\node_modules\tailwindcss\src\util\resolveConfigPath.js",".js","57"
"C:\Projects\E-Commerce\frontend\node_modules\tailwindcss\src\util\responsive.js",".js","9"
"C:\Projects\E-Commerce\frontend\node_modules\tailwindcss\src\util\splitAtTopLevelOnly.js",".js","42"
"C:\Projects\E-Commerce\frontend\node_modules\tailwindcss\src\util\tap.js",".js","4"
"C:\Projects\E-Commerce\frontend\node_modules\tailwindcss\src\util\toColorValue.js",".js","3"
"C:\Projects\E-Commerce\frontend\node_modules\tailwindcss\src\util\toPath.js",".js","23"
"C:\Projects\E-Commerce\frontend\node_modules\tailwindcss\src\util\transformThemeValue.js",".js","53"
"C:\Projects\E-Commerce\frontend\node_modules\tailwindcss\src\util\validateConfig.js",".js","22"
"C:\Projects\E-Commerce\frontend\node_modules\tailwindcss\src\util\validateFormalSyntax.js",".js","31"
"C:\Projects\E-Commerce\frontend\node_modules\tailwindcss\src\util\withAlphaVariable.js",".js","40"
"C:\Projects\E-Commerce\frontend\node_modules\tailwindcss\src\value-parser\index.d.ts",".ts","150"
"C:\Projects\E-Commerce\frontend\node_modules\tailwindcss\src\value-parser\index.js",".js","21"
"C:\Projects\E-Commerce\frontend\node_modules\tailwindcss\src\value-parser\LICENSE","","19"
"C:\Projects\E-Commerce\frontend\node_modules\tailwindcss\src\value-parser\parse.js",".js","278"
"C:\Projects\E-Commerce\frontend\node_modules\tailwindcss\src\value-parser\README.md",".md","2"
"C:\Projects\E-Commerce\frontend\node_modules\tailwindcss\src\value-parser\stringify.js",".js","37"
"C:\Projects\E-Commerce\frontend\node_modules\tailwindcss\src\value-parser\unit.js",".js","89"
"C:\Projects\E-Commerce\frontend\node_modules\tailwindcss\src\value-parser\walk.js",".js","15"
"C:\Projects\E-Commerce\frontend\node_modules\tailwindcss\src\cli-peer-dependencies.js",".js","12"
"C:\Projects\E-Commerce\frontend\node_modules\tailwindcss\src\cli.js",".js","2"
"C:\Projects\E-Commerce\frontend\node_modules\tailwindcss\src\corePluginList.js",".js","1"
"C:\Projects\E-Commerce\frontend\node_modules\tailwindcss\src\corePlugins.js",".js","2708"
"C:\Projects\E-Commerce\frontend\node_modules\tailwindcss\src\featureFlags.js",".js","51"
"C:\Projects\E-Commerce\frontend\node_modules\tailwindcss\src\index.js",".js","1"
"C:\Projects\E-Commerce\frontend\node_modules\tailwindcss\src\plugin.js",".js","40"
"C:\Projects\E-Commerce\frontend\node_modules\tailwindcss\src\processTailwindFeatures.js",".js","49"
"C:\Projects\E-Commerce\frontend\node_modules\tailwindcss\stubs\.npmignore",".npmignore","1"
"C:\Projects\E-Commerce\frontend\node_modules\tailwindcss\stubs\.prettierrc.json",".json","6"
"C:\Projects\E-Commerce\frontend\node_modules\tailwindcss\stubs\config.full.js",".js","1062"
"C:\Projects\E-Commerce\frontend\node_modules\tailwindcss\stubs\config.simple.js",".js","7"
"C:\Projects\E-Commerce\frontend\node_modules\tailwindcss\stubs\postcss.config.cjs",".cjs","6"
"C:\Projects\E-Commerce\frontend\node_modules\tailwindcss\stubs\postcss.config.js",".js","6"
"C:\Projects\E-Commerce\frontend\node_modules\tailwindcss\stubs\tailwind.config.cjs",".cjs","2"
"C:\Projects\E-Commerce\frontend\node_modules\tailwindcss\stubs\tailwind.config.js",".js","2"
"C:\Projects\E-Commerce\frontend\node_modules\tailwindcss\stubs\tailwind.config.ts",".ts","2"
"C:\Projects\E-Commerce\frontend\node_modules\tailwindcss\types\generated\.gitkeep",".gitkeep","0"
"C:\Projects\E-Commerce\frontend\node_modules\tailwindcss\types\generated\colors.d.ts",".ts","298"
"C:\Projects\E-Commerce\frontend\node_modules\tailwindcss\types\generated\corePluginList.d.ts",".ts","1"
"C:\Projects\E-Commerce\frontend\node_modules\tailwindcss\types\generated\default-theme.d.ts",".ts","397"
"C:\Projects\E-Commerce\frontend\node_modules\tailwindcss\types\config.d.ts",".ts","356"
"C:\Projects\E-Commerce\frontend\node_modules\tailwindcss\types\index.d.ts",".ts","8"
"C:\Projects\E-Commerce\frontend\node_modules\tailwindcss\base.css",".css","1"
"C:\Projects\E-Commerce\frontend\node_modules\tailwindcss\colors.d.ts",".ts","3"
"C:\Projects\E-Commerce\frontend\node_modules\tailwindcss\colors.js",".js","2"
"C:\Projects\E-Commerce\frontend\node_modules\tailwindcss\components.css",".css","1"
"C:\Projects\E-Commerce\frontend\node_modules\tailwindcss\defaultConfig.d.ts",".ts","3"
"C:\Projects\E-Commerce\frontend\node_modules\tailwindcss\defaultConfig.js",".js","2"
"C:\Projects\E-Commerce\frontend\node_modules\tailwindcss\defaultTheme.d.ts",".ts","4"
"C:\Projects\E-Commerce\frontend\node_modules\tailwindcss\defaultTheme.js",".js","2"
"C:\Projects\E-Commerce\frontend\node_modules\tailwindcss\LICENSE","","17"
"C:\Projects\E-Commerce\frontend\node_modules\tailwindcss\loadConfig.d.ts",".ts","3"
"C:\Projects\E-Commerce\frontend\node_modules\tailwindcss\loadConfig.js",".js","2"
"C:\Projects\E-Commerce\frontend\node_modules\tailwindcss\package.json",".json","124"
"C:\Projects\E-Commerce\frontend\node_modules\tailwindcss\plugin.d.ts",".ts","10"
"C:\Projects\E-Commerce\frontend\node_modules\tailwindcss\plugin.js",".js","2"
"C:\Projects\E-Commerce\frontend\node_modules\tailwindcss\prettier.config.js",".js","19"
"C:\Projects\E-Commerce\frontend\node_modules\tailwindcss\README.md",".md","28"
"C:\Projects\E-Commerce\frontend\node_modules\tailwindcss\resolveConfig.d.ts",".ts","26"
"C:\Projects\E-Commerce\frontend\node_modules\tailwindcss\resolveConfig.js",".js","2"
"C:\Projects\E-Commerce\frontend\node_modules\tailwindcss\screens.css",".css","1"
"C:\Projects\E-Commerce\frontend\node_modules\tailwindcss\tailwind.css",".css","3"
"C:\Projects\E-Commerce\frontend\node_modules\tailwindcss\utilities.css",".css","1"
"C:\Projects\E-Commerce\frontend\node_modules\tailwindcss\variants.css",".css","1"
"C:\Projects\E-Commerce\frontend\node_modules\thenify\History.md",".md","7"
"C:\Projects\E-Commerce\frontend\node_modules\thenify\index.js",".js","66"
"C:\Projects\E-Commerce\frontend\node_modules\thenify\LICENSE","","17"
"C:\Projects\E-Commerce\frontend\node_modules\thenify\package.json",".json","31"
"C:\Projects\E-Commerce\frontend\node_modules\thenify\README.md",".md","89"
"C:\Projects\E-Commerce\frontend\node_modules\thenify-all\History.md",".md","7"
"C:\Projects\E-Commerce\frontend\node_modules\thenify-all\index.js",".js","59"
"C:\Projects\E-Commerce\frontend\node_modules\thenify-all\LICENSE","","17"
"C:\Projects\E-Commerce\frontend\node_modules\thenify-all\package.json",".json","34"
"C:\Projects\E-Commerce\frontend\node_modules\thenify-all\README.md",".md","50"
"C:\Projects\E-Commerce\frontend\node_modules\tinyglobby\dist\index.cjs",".cjs","335"
"C:\Projects\E-Commerce\frontend\node_modules\tinyglobby\dist\index.d.cts",".cts","147"
"C:\Projects\E-Commerce\frontend\node_modules\tinyglobby\dist\index.d.mts",".mts","147"
"C:\Projects\E-Commerce\frontend\node_modules\tinyglobby\dist\index.mjs",".mjs","307"
"C:\Projects\E-Commerce\frontend\node_modules\tinyglobby\node_modules\fdir\dist\index.cjs",".cjs","569"
"C:\Projects\E-Commerce\frontend\node_modules\tinyglobby\node_modules\fdir\dist\index.d.cts",".cts","154"
"C:\Projects\E-Commerce\frontend\node_modules\tinyglobby\node_modules\fdir\dist\index.d.mts",".mts","154"
"C:\Projects\E-Commerce\frontend\node_modules\tinyglobby\node_modules\fdir\dist\index.mjs",".mjs","551"
"C:\Projects\E-Commerce\frontend\node_modules\tinyglobby\node_modules\fdir\LICENSE","","4"
"C:\Projects\E-Commerce\frontend\node_modules\tinyglobby\node_modules\fdir\package.json",".json","103"
"C:\Projects\E-Commerce\frontend\node_modules\tinyglobby\node_modules\fdir\README.md",".md","63"
"C:\Projects\E-Commerce\frontend\node_modules\tinyglobby\node_modules\picomatch\lib\constants.js",".js","162"
"C:\Projects\E-Commerce\frontend\node_modules\tinyglobby\node_modules\picomatch\lib\parse.js",".js","1140"
"C:\Projects\E-Commerce\frontend\node_modules\tinyglobby\node_modules\picomatch\lib\picomatch.js",".js","313"
"C:\Projects\E-Commerce\frontend\node_modules\tinyglobby\node_modules\picomatch\lib\scan.js",".js","329"
"C:\Projects\E-Commerce\frontend\node_modules\tinyglobby\node_modules\picomatch\lib\utils.js",".js","59"
"C:\Projects\E-Commerce\frontend\node_modules\tinyglobby\node_modules\picomatch\index.js",".js","13"
"C:\Projects\E-Commerce\frontend\node_modules\tinyglobby\node_modules\picomatch\LICENSE","","17"
"C:\Projects\E-Commerce\frontend\node_modules\tinyglobby\node_modules\picomatch\package.json",".json","83"
"C:\Projects\E-Commerce\frontend\node_modules\tinyglobby\node_modules\picomatch\posix.js",".js","2"
"C:\Projects\E-Commerce\frontend\node_modules\tinyglobby\node_modules\picomatch\README.md",".md","538"
"C:\Projects\E-Commerce\frontend\node_modules\tinyglobby\LICENSE","","17"
"C:\Projects\E-Commerce\frontend\node_modules\tinyglobby\package.json",".json","70"
"C:\Projects\E-Commerce\frontend\node_modules\tinyglobby\README.md",".md","16"
"C:\Projects\E-Commerce\frontend\node_modules\to-regex-range\index.js",".js","228"
"C:\Projects\E-Commerce\frontend\node_modules\to-regex-range\LICENSE","","17"
"C:\Projects\E-Commerce\frontend\node_modules\to-regex-range\package.json",".json","88"
"C:\Projects\E-Commerce\frontend\node_modules\to-regex-range\README.md",".md","203"
"C:\Projects\E-Commerce\frontend\node_modules\tough-cookie\lib\cookie.js",".js","1539"
"C:\Projects\E-Commerce\frontend\node_modules\tough-cookie\lib\memstore.js",".js","226"
"C:\Projects\E-Commerce\frontend\node_modules\tough-cookie\lib\pathMatch.js",".js","57"
"C:\Projects\E-Commerce\frontend\node_modules\tough-cookie\lib\permuteDomain.js",".js","59"
"C:\Projects\E-Commerce\frontend\node_modules\tough-cookie\lib\pubsuffix-psl.js",".js","66"
"C:\Projects\E-Commerce\frontend\node_modules\tough-cookie\lib\store.js",".js","66"
"C:\Projects\E-Commerce\frontend\node_modules\tough-cookie\lib\utilHelper.js",".js","34"
"C:\Projects\E-Commerce\frontend\node_modules\tough-cookie\lib\validators.js",".js","91"
"C:\Projects\E-Commerce\frontend\node_modules\tough-cookie\lib\version.js",".js","2"
"C:\Projects\E-Commerce\frontend\node_modules\tough-cookie\LICENSE","","7"
"C:\Projects\E-Commerce\frontend\node_modules\tough-cookie\package.json",".json","110"
"C:\Projects\E-Commerce\frontend\node_modules\tough-cookie\README.md",".md","356"
"C:\Projects\E-Commerce\frontend\node_modules\tr46\lib\mappingTable.json",".json","1"
"C:\Projects\E-Commerce\frontend\node_modules\tr46\lib\regexes.js",".js","27"
"C:\Projects\E-Commerce\frontend\node_modules\tr46\lib\statusMapping.js",".js","10"
"C:\Projects\E-Commerce\frontend\node_modules\tr46\index.js",".js","260"
"C:\Projects\E-Commerce\frontend\node_modules\tr46\LICENSE.md",".md","17"
"C:\Projects\E-Commerce\frontend\node_modules\tr46\package.json",".json","47"
"C:\Projects\E-Commerce\frontend\node_modules\tr46\README.md",".md","52"
"C:\Projects\E-Commerce\frontend\node_modules\ts-interface-checker\dist\index.d.ts",".ts","124"
"C:\Projects\E-Commerce\frontend\node_modules\ts-interface-checker\dist\index.js",".js","224"
"C:\Projects\E-Commerce\frontend\node_modules\ts-interface-checker\dist\types.d.ts",".ts","181"
"C:\Projects\E-Commerce\frontend\node_modules\ts-interface-checker\dist\types.js",".js","566"
"C:\Projects\E-Commerce\frontend\node_modules\ts-interface-checker\dist\util.d.ts",".ts","55"
"C:\Projects\E-Commerce\frontend\node_modules\ts-interface-checker\dist\util.js",".js","130"
"C:\Projects\E-Commerce\frontend\node_modules\ts-interface-checker\LICENSE","","169"
"C:\Projects\E-Commerce\frontend\node_modules\ts-interface-checker\package.json",".json","60"
"C:\Projects\E-Commerce\frontend\node_modules\ts-interface-checker\README.md",".md","140"
"C:\Projects\E-Commerce\frontend\node_modules\tslib\modules\index.d.ts",".ts","38"
"C:\Projects\E-Commerce\frontend\node_modules\tslib\modules\index.js",".js","70"
"C:\Projects\E-Commerce\frontend\node_modules\tslib\modules\package.json",".json","3"
"C:\Projects\E-Commerce\frontend\node_modules\tslib\CopyrightNotice.txt",".txt","12"
"C:\Projects\E-Commerce\frontend\node_modules\tslib\LICENSE.txt",".txt","10"
"C:\Projects\E-Commerce\frontend\node_modules\tslib\package.json",".json","47"
"C:\Projects\E-Commerce\frontend\node_modules\tslib\README.md",".md","121"
"C:\Projects\E-Commerce\frontend\node_modules\tslib\SECURITY.md",".md","24"
"C:\Projects\E-Commerce\frontend\node_modules\tslib\tslib.d.ts",".ts","418"
"C:\Projects\E-Commerce\frontend\node_modules\tslib\tslib.es6.html",".html","1"
"C:\Projects\E-Commerce\frontend\node_modules\tslib\tslib.es6.js",".js","362"
"C:\Projects\E-Commerce\frontend\node_modules\tslib\tslib.es6.mjs",".mjs","362"
"C:\Projects\E-Commerce\frontend\node_modules\tslib\tslib.html",".html","1"
"C:\Projects\E-Commerce\frontend\node_modules\tslib\tslib.js",".js","445"
"C:\Projects\E-Commerce\frontend\node_modules\universalify\index.js",".js","27"
"C:\Projects\E-Commerce\frontend\node_modules\universalify\LICENSE","","16"
"C:\Projects\E-Commerce\frontend\node_modules\universalify\package.json",".json","34"
"C:\Projects\E-Commerce\frontend\node_modules\universalify\README.md",".md","54"
"C:\Projects\E-Commerce\frontend\node_modules\update-browserslist-db\check-npm-version.js",".js","16"
"C:\Projects\E-Commerce\frontend\node_modules\update-browserslist-db\cli.js",".js","33"
"C:\Projects\E-Commerce\frontend\node_modules\update-browserslist-db\index.d.ts",".ts","5"
"C:\Projects\E-Commerce\frontend\node_modules\update-browserslist-db\index.js",".js","316"
"C:\Projects\E-Commerce\frontend\node_modules\update-browserslist-db\LICENSE","","16"
"C:\Projects\E-Commerce\frontend\node_modules\update-browserslist-db\package.json",".json","40"
"C:\Projects\E-Commerce\frontend\node_modules\update-browserslist-db\README.md",".md","24"
"C:\Projects\E-Commerce\frontend\node_modules\update-browserslist-db\utils.js",".js","20"
"C:\Projects\E-Commerce\frontend\node_modules\url-parse\dist\url-parse.js",".js","643"
"C:\Projects\E-Commerce\frontend\node_modules\url-parse\dist\url-parse.min.js",".js","1"
"C:\Projects\E-Commerce\frontend\node_modules\url-parse\dist\url-parse.min.js.map",".map","1"
"C:\Projects\E-Commerce\frontend\node_modules\url-parse\index.js",".js","504"
"C:\Projects\E-Commerce\frontend\node_modules\url-parse\LICENSE","","17"
"C:\Projects\E-Commerce\frontend\node_modules\url-parse\package.json",".json","49"
"C:\Projects\E-Commerce\frontend\node_modules\url-parse\README.md",".md","115"
"C:\Projects\E-Commerce\frontend\node_modules\util-deprecate\browser.js",".js","59"
"C:\Projects\E-Commerce\frontend\node_modules\util-deprecate\History.md",".md","10"
"C:\Projects\E-Commerce\frontend\node_modules\util-deprecate\LICENSE","","20"
"C:\Projects\E-Commerce\frontend\node_modules\util-deprecate\node.js",".js","4"
"C:\Projects\E-Commerce\frontend\node_modules\util-deprecate\package.json",".json","27"
"C:\Projects\E-Commerce\frontend\node_modules\util-deprecate\README.md",".md","38"
"C:\Projects\E-Commerce\frontend\node_modules\vite\bin\openChrome.applescript",".applescript","84"
"C:\Projects\E-Commerce\frontend\node_modules\vite\bin\vite.js",".js","54"
"C:\Projects\E-Commerce\frontend\node_modules\vite\dist\client\client.mjs",".mjs","807"
"C:\Projects\E-Commerce\frontend\node_modules\vite\dist\client\env.mjs",".mjs","24"
"C:\Projects\E-Commerce\frontend\node_modules\vite\dist\node\chunks\dep-BB45zftN.js",".js","817"
"C:\Projects\E-Commerce\frontend\node_modules\vite\dist\node\chunks\dep-BK3b2jBa.js",".js","62705"
"C:\Projects\E-Commerce\frontend\node_modules\vite\dist\node\chunks\dep-D-7KCb9p.js",".js","7943"
"C:\Projects\E-Commerce\frontend\node_modules\vite\dist\node\chunks\dep-Dnp7gl8U.js",".js","6213"
"C:\Projects\E-Commerce\frontend\node_modules\vite\dist\node\chunks\dep-IQS-Za7F.js",".js","486"
"C:\Projects\E-Commerce\frontend\node_modules\vite\dist\node\cli.js",".js","889"
"C:\Projects\E-Commerce\frontend\node_modules\vite\dist\node\constants.js",".js","111"
"C:\Projects\E-Commerce\frontend\node_modules\vite\dist\node\index.d.ts",".ts","3458"
"C:\Projects\E-Commerce\frontend\node_modules\vite\dist\node\index.js",".js","257"
"C:\Projects\E-Commerce\frontend\node_modules\vite\dist\node\runtime.d.ts",".ts","60"
"C:\Projects\E-Commerce\frontend\node_modules\vite\dist\node\runtime.js",".js","1065"
"C:\Projects\E-Commerce\frontend\node_modules\vite\dist\node\types.d-aGj9QkWt.d.ts",".ts","273"
"C:\Projects\E-Commerce\frontend\node_modules\vite\dist\node-cjs\publicUtils.cjs",".cjs","5258"
"C:\Projects\E-Commerce\frontend\node_modules\vite\types\customEvent.d.ts",".ts","35"
"C:\Projects\E-Commerce\frontend\node_modules\vite\types\hmrPayload.d.ts",".ts","58"
"C:\Projects\E-Commerce\frontend\node_modules\vite\types\hot.d.ts",".ts","30"
"C:\Projects\E-Commerce\frontend\node_modules\vite\types\import-meta.d.ts",".ts","4"
"C:\Projects\E-Commerce\frontend\node_modules\vite\types\importGlob.d.ts",".ts","72"
"C:\Projects\E-Commerce\frontend\node_modules\vite\types\importMeta.d.ts",".ts","17"
"C:\Projects\E-Commerce\frontend\node_modules\vite\types\metadata.d.ts",".ts","9"
"C:\Projects\E-Commerce\frontend\node_modules\vite\types\package.json",".json","4"
"C:\Projects\E-Commerce\frontend\node_modules\vite\client.d.ts",".ts","236"
"C:\Projects\E-Commerce\frontend\node_modules\vite\index.cjs",".cjs","56"
"C:\Projects\E-Commerce\frontend\node_modules\vite\index.d.cts",".cts","5"
"C:\Projects\E-Commerce\frontend\node_modules\vite\LICENSE.md",".md","3054"
"C:\Projects\E-Commerce\frontend\node_modules\vite\package.json",".json","191"
"C:\Projects\E-Commerce\frontend\node_modules\vite\README.md",".md","13"
"C:\Projects\E-Commerce\frontend\node_modules\w3c-hr-time\lib\calculate-clock-offset.js",".js","32"
"C:\Projects\E-Commerce\frontend\node_modules\w3c-hr-time\lib\clock-is-accurate.js",".js","50"
"C:\Projects\E-Commerce\frontend\node_modules\w3c-hr-time\lib\global-monotonic-clock.js",".js","7"
"C:\Projects\E-Commerce\frontend\node_modules\w3c-hr-time\lib\performance.js",".js","42"
"C:\Projects\E-Commerce\frontend\node_modules\w3c-hr-time\lib\utils.js",".js","8"
"C:\Projects\E-Commerce\frontend\node_modules\w3c-hr-time\CHANGELOG.md",".md","12"
"C:\Projects\E-Commerce\frontend\node_modules\w3c-hr-time\index.js",".js","9"
"C:\Projects\E-Commerce\frontend\node_modules\w3c-hr-time\LICENSE.md",".md","17"
"C:\Projects\E-Commerce\frontend\node_modules\w3c-hr-time\package.json",".json","26"
"C:\Projects\E-Commerce\frontend\node_modules\w3c-hr-time\README.md",".md","87"
"C:\Projects\E-Commerce\frontend\node_modules\w3c-xmlserializer\lib\attributes.js",".js","117"
"C:\Projects\E-Commerce\frontend\node_modules\w3c-xmlserializer\lib\constants.js",".js","41"
"C:\Projects\E-Commerce\frontend\node_modules\w3c-xmlserializer\lib\serialize.js",".js","340"
"C:\Projects\E-Commerce\frontend\node_modules\w3c-xmlserializer\LICENSE.md",".md","21"
"C:\Projects\E-Commerce\frontend\node_modules\w3c-xmlserializer\package.json",".json","33"
"C:\Projects\E-Commerce\frontend\node_modules\w3c-xmlserializer\README.md",".md","25"
"C:\Projects\E-Commerce\frontend\node_modules\webidl-conversions\lib\index.js",".js","370"
"C:\Projects\E-Commerce\frontend\node_modules\webidl-conversions\LICENSE.md",".md","7"
"C:\Projects\E-Commerce\frontend\node_modules\webidl-conversions\package.json",".json","35"
"C:\Projects\E-Commerce\frontend\node_modules\webidl-conversions\README.md",".md","64"
"C:\Projects\E-Commerce\frontend\node_modules\whatwg-encoding\lib\labels-to-names.json",".json","216"
"C:\Projects\E-Commerce\frontend\node_modules\whatwg-encoding\lib\supported-names.json",".json","37"
"C:\Projects\E-Commerce\frontend\node_modules\whatwg-encoding\lib\whatwg-encoding.js",".js","37"
"C:\Projects\E-Commerce\frontend\node_modules\whatwg-encoding\LICENSE.txt",".txt","4"
"C:\Projects\E-Commerce\frontend\node_modules\whatwg-encoding\package.json",".json","33"
"C:\Projects\E-Commerce\frontend\node_modules\whatwg-encoding\README.md",".md","32"
"C:\Projects\E-Commerce\frontend\node_modules\whatwg-mimetype\lib\mime-type-parameters.js",".js","56"
"C:\Projects\E-Commerce\frontend\node_modules\whatwg-mimetype\lib\mime-type.js",".js","112"
"C:\Projects\E-Commerce\frontend\node_modules\whatwg-mimetype\lib\parser.js",".js","85"
"C:\Projects\E-Commerce\frontend\node_modules\whatwg-mimetype\lib\serializer.js",".js","19"
"C:\Projects\E-Commerce\frontend\node_modules\whatwg-mimetype\lib\utils.js",".js","46"
"C:\Projects\E-Commerce\frontend\node_modules\whatwg-mimetype\LICENSE.txt",".txt","4"
"C:\Projects\E-Commerce\frontend\node_modules\whatwg-mimetype\package.json",".json","47"
"C:\Projects\E-Commerce\frontend\node_modules\whatwg-mimetype\README.md",".md","66"
"C:\Projects\E-Commerce\frontend\node_modules\whatwg-url\lib\encoding.js",".js","13"
"C:\Projects\E-Commerce\frontend\node_modules\whatwg-url\lib\Function.js",".js","29"
"C:\Projects\E-Commerce\frontend\node_modules\whatwg-url\lib\infra.js",".js","20"
"C:\Projects\E-Commerce\frontend\node_modules\whatwg-url\lib\percent-encoding.js",".js","123"
"C:\Projects\E-Commerce\frontend\node_modules\whatwg-url\lib\URL-impl.js",".js","168"
"C:\Projects\E-Commerce\frontend\node_modules\whatwg-url\lib\url-state-machine.js",".js","1039"
"C:\Projects\E-Commerce\frontend\node_modules\whatwg-url\lib\URL.js",".js","340"
"C:\Projects\E-Commerce\frontend\node_modules\whatwg-url\lib\urlencoded.js",".js","89"
"C:\Projects\E-Commerce\frontend\node_modules\whatwg-url\lib\URLSearchParams-impl.js",".js","116"
"C:\Projects\E-Commerce\frontend\node_modules\whatwg-url\lib\URLSearchParams.js",".js","421"
"C:\Projects\E-Commerce\frontend\node_modules\whatwg-url\lib\utils.js",".js","165"
"C:\Projects\E-Commerce\frontend\node_modules\whatwg-url\lib\VoidFunction.js",".js","19"
"C:\Projects\E-Commerce\frontend\node_modules\whatwg-url\index.js",".js","20"
"C:\Projects\E-Commerce\frontend\node_modules\whatwg-url\LICENSE.txt",".txt","17"
"C:\Projects\E-Commerce\frontend\node_modules\whatwg-url\package.json",".json","58"
"C:\Projects\E-Commerce\frontend\node_modules\whatwg-url\README.md",".md","73"
"C:\Projects\E-Commerce\frontend\node_modules\whatwg-url\webidl2js-wrapper.js",".js","5"
"C:\Projects\E-Commerce\frontend\node_modules\ws\lib\buffer-util.js",".js","111"
"C:\Projects\E-Commerce\frontend\node_modules\ws\lib\constants.js",".js","16"
"C:\Projects\E-Commerce\frontend\node_modules\ws\lib\event-target.js",".js","259"
"C:\Projects\E-Commerce\frontend\node_modules\ws\lib\extension.js",".js","187"
"C:\Projects\E-Commerce\frontend\node_modules\ws\lib\limiter.js",".js","48"
"C:\Projects\E-Commerce\frontend\node_modules\ws\lib\permessage-deflate.js",".js","460"
"C:\Projects\E-Commerce\frontend\node_modules\ws\lib\receiver.js",".js","642"
"C:\Projects\E-Commerce\frontend\node_modules\ws\lib\sender.js",".js","535"
"C:\Projects\E-Commerce\frontend\node_modules\ws\lib\stream.js",".js","136"
"C:\Projects\E-Commerce\frontend\node_modules\ws\lib\subprotocol.js",".js","49"
"C:\Projects\E-Commerce\frontend\node_modules\ws\lib\validation.js",".js","138"
"C:\Projects\E-Commerce\frontend\node_modules\ws\lib\websocket-server.js",".js","492"
"C:\Projects\E-Commerce\frontend\node_modules\ws\lib\websocket.js",".js","1214"
"C:\Projects\E-Commerce\frontend\node_modules\ws\browser.js",".js","7"
"C:\Projects\E-Commerce\frontend\node_modules\ws\index.js",".js","19"
"C:\Projects\E-Commerce\frontend\node_modules\ws\LICENSE","","17"
"C:\Projects\E-Commerce\frontend\node_modules\ws\package.json",".json","74"
"C:\Projects\E-Commerce\frontend\node_modules\ws\README.md",".md","404"
"C:\Projects\E-Commerce\frontend\node_modules\ws\wrapper.mjs",".mjs","19"
"C:\Projects\E-Commerce\frontend\node_modules\xml-name-validator\lib\xml-name-validator.js",".js","7"
"C:\Projects\E-Commerce\frontend\node_modules\xml-name-validator\LICENSE.txt",".txt","150"
"C:\Projects\E-Commerce\frontend\node_modules\xml-name-validator\package.json",".json","30"
"C:\Projects\E-Commerce\frontend\node_modules\xml-name-validator\README.md",".md","27"
"C:\Projects\E-Commerce\frontend\node_modules\xmlchars\xml\1.0\ed4.d.ts",".ts","31"
"C:\Projects\E-Commerce\frontend\node_modules\xmlchars\xml\1.0\ed4.js",".js","44"
"C:\Projects\E-Commerce\frontend\node_modules\xmlchars\xml\1.0\ed4.js.map",".map","1"
"C:\Projects\E-Commerce\frontend\node_modules\xmlchars\xml\1.0\ed5.d.ts",".ts","51"
"C:\Projects\E-Commerce\frontend\node_modules\xmlchars\xml\1.0\ed5.js",".js","105"
"C:\Projects\E-Commerce\frontend\node_modules\xmlchars\xml\1.0\ed5.js.map",".map","1"
"C:\Projects\E-Commerce\frontend\node_modules\xmlchars\xml\1.1\ed2.d.ts",".ts","73"
"C:\Projects\E-Commerce\frontend\node_modules\xmlchars\xml\1.1\ed2.js",".js","145"
"C:\Projects\E-Commerce\frontend\node_modules\xmlchars\xml\1.1\ed2.js.map",".map","1"
"C:\Projects\E-Commerce\frontend\node_modules\xmlchars\xmlns\1.0\ed3.d.ts",".ts","28"
"C:\Projects\E-Commerce\frontend\node_modules\xmlchars\xmlns\1.0\ed3.js",".js","65"
"C:\Projects\E-Commerce\frontend\node_modules\xmlchars\xmlns\1.0\ed3.js.map",".map","1"
"C:\Projects\E-Commerce\frontend\node_modules\xmlchars\LICENSE","","15"
"C:\Projects\E-Commerce\frontend\node_modules\xmlchars\package.json",".json","51"
"C:\Projects\E-Commerce\frontend\node_modules\xmlchars\README.md",".md","23"
"C:\Projects\E-Commerce\frontend\node_modules\xmlchars\xmlchars.d.ts",".ts","170"
"C:\Projects\E-Commerce\frontend\node_modules\xmlchars\xmlchars.js",".js","191"
"C:\Projects\E-Commerce\frontend\node_modules\xmlchars\xmlchars.js.map",".map","1"
"C:\Projects\E-Commerce\frontend\node_modules\.package-lock.json",".json","2615"
"C:\Projects\E-Commerce\frontend\public\images\banners\banner_gifts.png",".png","115"
"C:\Projects\E-Commerce\frontend\public\images\banners\banner_led.png",".png","78"
"C:\Projects\E-Commerce\frontend\public\images\banners\banner_mugs.png",".png","78"
"C:\Projects\E-Commerce\frontend\public\images\categories\category_strip.png",".png","255"
"C:\Projects\E-Commerce\frontend\public\images\products\frame_01.jpg",".jpg","77"
"C:\Projects\E-Commerce\frontend\public\images\products\frame_02.jpg",".jpg","102"
"C:\Projects\E-Commerce\frontend\public\images\products\frame_03.jpg",".jpg","78"
"C:\Projects\E-Commerce\frontend\public\images\products\frame_04.jpg",".jpg","72"
"C:\Projects\E-Commerce\frontend\public\images\products\frame_05.jpg",".jpg","83"
"C:\Projects\E-Commerce\frontend\public\images\products\frame_06.jpg",".jpg","89"
"C:\Projects\E-Commerce\frontend\public\images\products\frame_07.jpg",".jpg","110"
"C:\Projects\E-Commerce\frontend\public\images\products\frame_08.jpg",".jpg","65"
"C:\Projects\E-Commerce\frontend\public\images\products\frame_09.jpg",".jpg","84"
"C:\Projects\E-Commerce\frontend\public\images\products\frame_10.jpg",".jpg","82"
"C:\Projects\E-Commerce\frontend\public\images\products\product_01.jpg",".jpg","57"
"C:\Projects\E-Commerce\frontend\public\images\products\product_02.jpg",".jpg","74"
"C:\Projects\E-Commerce\frontend\public\images\products\product_03.jpg",".jpg","62"
"C:\Projects\E-Commerce\frontend\public\images\products\product_04.jpg",".jpg","51"
"C:\Projects\E-Commerce\frontend\public\images\products\product_05.jpg",".jpg","55"
"C:\Projects\E-Commerce\frontend\public\images\products\product_06.jpg",".jpg","70"
"C:\Projects\E-Commerce\frontend\public\images\products\product_07.jpg",".jpg","92"
"C:\Projects\E-Commerce\frontend\public\images\products\product_08.jpg",".jpg","41"
"C:\Projects\E-Commerce\frontend\public\images\products\product_09.jpg",".jpg","55"
"C:\Projects\E-Commerce\frontend\public\images\products\product_10.jpg",".jpg","67"
"C:\Projects\E-Commerce\frontend\public\images\categories_section.png",".png","455"
"C:\Projects\E-Commerce\frontend\public\images\custom_section.png",".png","511"
"C:\Projects\E-Commerce\frontend\public\images\hero_frame.jpg",".jpg","935"
"C:\Projects\E-Commerce\frontend\public\images\promo_section.png",".png","371"
"C:\Projects\E-Commerce\frontend\public\templates\mugs\black_mug.json",".json","7"
"C:\Projects\E-Commerce\frontend\public\templates\mugs\black_mug.png",".png","5336"
"C:\Projects\E-Commerce\frontend\public\templates\mugs\white_mug.json",".json","7"
"C:\Projects\E-Commerce\frontend\public\templates\mugs\white_mug.png",".png","5273"
"C:\Projects\E-Commerce\frontend\src\assets\styles\index.css",".css","35"
"C:\Projects\E-Commerce\frontend\src\assets\templates\mugs\black_mug.json",".json","7"
"C:\Projects\E-Commerce\frontend\src\assets\templates\mugs\black_mug.png",".png","5336"
"C:\Projects\E-Commerce\frontend\src\assets\templates\mugs\white_mug.json",".json","7"
"C:\Projects\E-Commerce\frontend\src\assets\templates\mugs\white_mug.png",".png","5273"
"C:\Projects\E-Commerce\frontend\src\components\common\Button.jsx",".jsx","48"
"C:\Projects\E-Commerce\frontend\src\components\common\Footer.jsx",".jsx","63"
"C:\Projects\E-Commerce\frontend\src\components\common\Loader.jsx",".jsx","15"
"C:\Projects\E-Commerce\frontend\src\components\common\Navbar.jsx",".jsx","207"
"C:\Projects\E-Commerce\frontend\src\components\common\SearchBar.jsx",".jsx","31"
"C:\Projects\E-Commerce\frontend\src\components\common\SupabaseStatus.jsx",".jsx","45"
"C:\Projects\E-Commerce\frontend\src\components\customer\FrameVisionAI.jsx",".jsx","216"
"C:\Projects\E-Commerce\frontend\src\components\customer\ProductCard.jsx",".jsx","71"
"C:\Projects\E-Commerce\frontend\src\components\customer\ProductCustomizer.jsx",".jsx","569"
"C:\Projects\E-Commerce\frontend\src\components\customizer\CanvasEditor.jsx",".jsx","96"
"C:\Projects\E-Commerce\frontend\src\components\customizer\DesignExporter.jsx",".jsx","78"
"C:\Projects\E-Commerce\frontend\src\components\customizer\HistoryManager.jsx",".jsx","75"
"C:\Projects\E-Commerce\frontend\src\components\customizer\ImageUploader.jsx",".jsx","110"
"C:\Projects\E-Commerce\frontend\src\components\customizer\PreviewPanel.jsx",".jsx","53"
"C:\Projects\E-Commerce\frontend\src\components\customizer\ProductCustomizer.jsx",".jsx","279"
"C:\Projects\E-Commerce\frontend\src\components\customizer\TemplateLoader.jsx",".jsx","40"
"C:\Projects\E-Commerce\frontend\src\components\customizer\TextEditor.jsx",".jsx","248"
"C:\Projects\E-Commerce\frontend\src\components\customizer\Toolbar.jsx",".jsx","121"
"C:\Projects\E-Commerce\frontend\src\constants\productConstants.js",".js","32"
"C:\Projects\E-Commerce\frontend\src\context\AuthContext.jsx",".jsx","51"
"C:\Projects\E-Commerce\frontend\src\context\CartContext.jsx",".jsx","65"
"C:\Projects\E-Commerce\frontend\src\context\CustomerAuthContext.jsx",".jsx","124"
"C:\Projects\E-Commerce\frontend\src\context\WishlistContext.jsx",".jsx","40"
"C:\Projects\E-Commerce\frontend\src\layouts\MainLayout.jsx",".jsx","18"
"C:\Projects\E-Commerce\frontend\src\lib\supabaseClient.js",".js","56"
"C:\Projects\E-Commerce\frontend\src\pages\auth\ForgotPassword.jsx",".jsx","76"
"C:\Projects\E-Commerce\frontend\src\pages\auth\Login.jsx",".jsx","37"
"C:\Projects\E-Commerce\frontend\src\pages\auth\Register.jsx",".jsx","40"
"C:\Projects\E-Commerce\frontend\src\pages\customer\About.jsx",".jsx","29"
"C:\Projects\E-Commerce\frontend\src\pages\customer\Cart.jsx",".jsx","67"
"C:\Projects\E-Commerce\frontend\src\pages\customer\Checkout.jsx",".jsx","152"
"C:\Projects\E-Commerce\frontend\src\pages\customer\Contact.jsx",".jsx","37"
"C:\Projects\E-Commerce\frontend\src\pages\customer\CustomFrame.jsx",".jsx","179"
"C:\Projects\E-Commerce\frontend\src\pages\customer\Home.jsx",".jsx","262"
"C:\Projects\E-Commerce\frontend\src\pages\customer\NotFound.jsx",".jsx","16"
"C:\Projects\E-Commerce\frontend\src\pages\customer\Orders.jsx",".jsx","151"
"C:\Projects\E-Commerce\frontend\src\pages\customer\ProductDetails.jsx",".jsx","256"
"C:\Projects\E-Commerce\frontend\src\pages\customer\Products.jsx",".jsx","143"
"C:\Projects\E-Commerce\frontend\src\pages\customer\Profile.jsx",".jsx","243"
"C:\Projects\E-Commerce\frontend\src\pages\customer\TrackOrder.jsx",".jsx","157"
"C:\Projects\E-Commerce\frontend\src\pages\customer\Wishlist.jsx",".jsx","55"
"C:\Projects\E-Commerce\frontend\src\routes\AppRoutes.jsx",".jsx","36"
"C:\Projects\E-Commerce\frontend\src\routes\PrivateRoute.jsx",".jsx","23"
"C:\Projects\E-Commerce\frontend\src\routes\PublicRoute.jsx",".jsx","26"
"C:\Projects\E-Commerce\frontend\src\services\api.js",".js","46"
"C:\Projects\E-Commerce\frontend\src\services\authService.js",".js","44"
"C:\Projects\E-Commerce\frontend\src\services\cartService.js",".js","19"
"C:\Projects\E-Commerce\frontend\src\services\categoryService.js",".js","24"
"C:\Projects\E-Commerce\frontend\src\services\orderService.js",".js","24"
"C:\Projects\E-Commerce\frontend\src\services\productService.js",".js","48"
"C:\Projects\E-Commerce\frontend\src\services\reviewService.js",".js","19"
"C:\Projects\E-Commerce\frontend\src\services\wishlistService.js",".js","15"
"C:\Projects\E-Commerce\frontend\src\utils\fabricHelpers.js",".js","43"
"C:\Projects\E-Commerce\frontend\src\utils\formatters.js",".js","3"
"C:\Projects\E-Commerce\frontend\src\utils\printAreaHelpers.js",".js","27"
"C:\Projects\E-Commerce\frontend\src\App.jsx",".jsx","55"
"C:\Projects\E-Commerce\frontend\src\CustomerApp.jsx",".jsx","39"
"C:\Projects\E-Commerce\frontend\src\main.jsx",".jsx","9"
"C:\Projects\E-Commerce\frontend\.env.local",".local","5"
"C:\Projects\E-Commerce\frontend\.gitignore",".gitignore","6"
"C:\Projects\E-Commerce\frontend\check_tables.js",".js","15"
"C:\Projects\E-Commerce\frontend\fix_imports.cjs",".cjs","42"
"C:\Projects\E-Commerce\frontend\index.html",".html","19"
"C:\Projects\E-Commerce\frontend\package-lock.json",".json","4289"
"C:\Projects\E-Commerce\frontend\package.json",".json","29"
"C:\Projects\E-Commerce\frontend\postcss.config.js",".js","6"
"C:\Projects\E-Commerce\frontend\README.md",".md","123"
"C:\Projects\E-Commerce\frontend\tailwind.config.js",".js","68"
"C:\Projects\E-Commerce\frontend\vite.config.js",".js","15"
